subject	xml_index	nifti_value	roi_name	quantity	tg_recip_gt_nonrecip	ug_fairness_pmod
10369	0	1	Frontal Pole	zstat	0.10379936184984542	0.2724635551880954
10369	1	2	Insular Cortex	zstat	0.00017729454574706683	-0.24760568074616757
10369	2	3	Superior Frontal Gyrus	zstat	-0.041062973589528956	0.32302103888823797
10369	3	4	Middle Frontal Gyrus	zstat	-0.1638924938352429	0.3723578329821664
10369	4	5	Inferior Frontal Gyrus, pars triangularis	zstat	0.28025694863086803	0.2898975809194455
10369	5	6	Inferior Frontal Gyrus, pars opercularis	zstat	0.026955429203185118	0.3665505876914651
10369	6	7	Precentral Gyrus	zstat	0.3439735453352375	-0.1642623947906071
10369	7	8	Temporal Pole	zstat	0.276134216269608	0.21411578184153301
10369	8	9	Superior Temporal Gyrus, anterior division	zstat	0.10878856842024014	0.35106499664103374
10369	9	10	Superior Temporal Gyrus, posterior division	zstat	-0.0951662787656578	0.16064540699058946
10369	10	11	Middle Temporal Gyrus, anterior division	zstat	0.41558195577670276	-0.04056321385858664
10369	11	12	Middle Temporal Gyrus, posterior division	zstat	-0.1653200269831697	0.5981071032611321
10369	12	13	Middle Temporal Gyrus, temporooccipital part	zstat	0.24674011520724975	0.18513579330648441
10369	13	14	Inferior Temporal Gyrus, anterior division	zstat	-0.38089796786675967	-0.1862312815807892
10369	14	15	Inferior Temporal Gyrus, posterior division	zstat	-0.9413853372656792	0.3782898957682092
10369	15	16	Inferior Temporal Gyrus, temporooccipital part	zstat	0.27374215313857214	0.6861137394887159
10369	16	17	Postcentral Gyrus	zstat	0.22296140918331017	-0.4323167333693203
10369	17	18	Superior Parietal Lobule	zstat	0.16551240121217303	-0.15992186673467104
10369	18	19	Supramarginal Gyrus, anterior division	zstat	0.2307569199974683	-0.22806780666492327
10369	19	20	Supramarginal Gyrus, posterior division	zstat	0.1711654440952918	0.4059345306262273
10369	20	21	Angular Gyrus	zstat	-0.27298743469799575	0.7289846334768918
10369	21	22	Lateral Occipital Cortex, superior division	zstat	0.5021640979068698	0.4269131628507564
10369	22	23	Lateral Occipital Cortex, inferior division	zstat	0.28092150640173885	0.28636868601821824
10369	23	24	Intracalcarine Cortex	zstat	0.1916607544563325	-0.2191079651582377
10369	24	25	Frontal Medial Cortex	zstat	0.7302537263166291	0.6859911908329537
10369	25	26	Juxtapositional Lobule Cortex (formerly Supplementary Motor Cortex)	zstat	-0.1862153763272422	-1.0200420314429572
10369	26	27	Subcallosal Cortex	zstat	0.45469420747025513	0.286755821823429
10369	27	28	Paracingulate Gyrus	zstat	0.021049420227763193	0.2512480258722917
10369	28	29	Cingulate Gyrus, anterior division	zstat	0.33086902042399186	-0.0007537418751911963
10369	29	30	Cingulate Gyrus, posterior division	zstat	0.027507946953077667	-0.1395411927637511
10369	30	31	Precuneous Cortex	zstat	-0.07939763402457364	0.016947906585677144
10369	31	32	Cuneal Cortex	zstat	-0.04218098852719426	-0.3590109083201879
10369	32	33	Frontal Orbital Cortex	zstat	0.4162276654528771	0.3230548392164232
10369	33	34	Parahippocampal Gyrus, anterior division	zstat	0.00572739998744059	-0.03942267765060265
10369	34	35	Parahippocampal Gyrus, posterior division	zstat	0.10313175938351361	-0.5044749916460857
10369	35	36	Lingual Gyrus	zstat	0.42181611077258835	-0.26255288636509844
10369	36	37	Temporal Fusiform Cortex, anterior division	zstat	-0.05455192687742887	-0.5016976225830562
10369	37	38	Temporal Fusiform Cortex, posterior division	zstat	-0.05599601891311767	0.38421230930546474
10369	38	39	Temporal Occipital Fusiform Cortex	zstat	0.6411654925947271	0.24534291492616775
10369	39	40	Occipital Fusiform Gyrus	zstat	1.2792006263803812	0.4783285501850628
10369	40	41	Frontal Operculum Cortex	zstat	0.2947338122459708	0.07171898172432635
10369	41	42	Central Opercular Cortex	zstat	0.32800056223794777	-0.2684789703903881
10369	42	43	Parietal Operculum Cortex	zstat	0.07587711387045579	-0.787510288184329
10369	43	44	Planum Polare	zstat	0.20186204059255658	-0.2046389527714861
10369	44	45	Heschl's Gyrus (includes H1 and H2)	zstat	0.20968494667298235	-0.015167372618814767
10369	45	46	Planum Temporale	zstat	0.283117436493329	-0.28809069416877864
10369	46	47	Supracalcarine Cortex	zstat	-0.1295453203802413	-0.2665728687809067
10369	47	48	Occipital Pole	zstat	0.8184547005174237	0.18663141810907802
10402	0	1	Frontal Pole	zstat	-0.217359211036563	0.2121088578733135
10402	1	2	Insular Cortex	zstat	0.35019099425496325	0.6803378355554712
10402	2	3	Superior Frontal Gyrus	zstat	-0.1139811304404343	-0.18811901124090874
10402	3	4	Middle Frontal Gyrus	zstat	0.27952752776907647	0.27585440814378476
10402	4	5	Inferior Frontal Gyrus, pars triangularis	zstat	-0.13332954146568193	0.4096958228534327
10402	5	6	Inferior Frontal Gyrus, pars opercularis	zstat	-0.049110360731276406	1.3531838861496628
10402	6	7	Precentral Gyrus	zstat	0.31678512466019887	0.51710055551915
10402	7	8	Temporal Pole	zstat	0.16063573485958454	-0.07100414308596271
10402	8	9	Superior Temporal Gyrus, anterior division	zstat	-0.04963609427213669	-0.08034293469853508
10402	9	10	Superior Temporal Gyrus, posterior division	zstat	0.27533406834964963	0.13006662588994405
10402	10	11	Middle Temporal Gyrus, anterior division	zstat	0.35141258413917315	-0.29948734100960167
10402	11	12	Middle Temporal Gyrus, posterior division	zstat	0.33164777715211513	-0.5654779170185885
10402	12	13	Middle Temporal Gyrus, temporooccipital part	zstat	-0.172570976605072	-0.46772854365895217
10402	13	14	Inferior Temporal Gyrus, anterior division	zstat	0.23095579266812674	-0.1348395623465085
10402	14	15	Inferior Temporal Gyrus, posterior division	zstat	0.20403339302770282	0.189851593270076
10402	15	16	Inferior Temporal Gyrus, temporooccipital part	zstat	0.1799379474185442	0.5286436049478761
10402	16	17	Postcentral Gyrus	zstat	0.9028294901269913	0.3959827373090767
10402	17	18	Superior Parietal Lobule	zstat	1.0291896597390597	0.49996284061060176
10402	18	19	Supramarginal Gyrus, anterior division	zstat	0.8524714036006993	0.3846153580557762
10402	19	20	Supramarginal Gyrus, posterior division	zstat	-0.10671996772131959	0.7608900395453265
10402	20	21	Angular Gyrus	zstat	-0.2700000949913688	-0.1527298957965235
10402	21	22	Lateral Occipital Cortex, superior division	zstat	0.02515290168502186	0.32955061313705725
10402	22	23	Lateral Occipital Cortex, inferior division	zstat	0.18027141742203362	1.0548958790085619
10402	23	24	Intracalcarine Cortex	zstat	0.2473601317848532	0.7643175146725719
10402	24	25	Frontal Medial Cortex	zstat	-0.2847156802354156	0.0973274468457498
10402	25	26	Juxtapositional Lobule Cortex (formerly Supplementary Motor Cortex)	zstat	0.5494579770612118	0.30904890837248516
10402	26	27	Subcallosal Cortex	zstat	-0.02643226742422065	-0.23707279274240137
10402	27	28	Paracingulate Gyrus	zstat	0.005071149145203661	-0.009557667583960233
10402	28	29	Cingulate Gyrus, anterior division	zstat	0.01574915211612109	0.26282846399698107
10402	29	30	Cingulate Gyrus, posterior division	zstat	-0.11553594266862742	-1.1261787740461795
10402	30	31	Precuneous Cortex	zstat	-0.16170646253864474	-0.27444656404360374
10402	31	32	Cuneal Cortex	zstat	0.1472541417579627	0.38160103058314443
10402	32	33	Frontal Orbital Cortex	zstat	-0.3826270770396032	0.4629713483641093
10402	33	34	Parahippocampal Gyrus, anterior division	zstat	0.10162690240659017	0.03076017046047465
10402	34	35	Parahippocampal Gyrus, posterior division	zstat	0.692064606936051	-0.05020082919014934
10402	35	36	Lingual Gyrus	zstat	0.8960928515888381	0.5054919180336318
10402	36	37	Temporal Fusiform Cortex, anterior division	zstat	0.4019444510059973	0.16858346934318014
10402	37	38	Temporal Fusiform Cortex, posterior division	zstat	0.1359122352945705	0.11989762340455914
10402	38	39	Temporal Occipital Fusiform Cortex	zstat	0.40508841278963686	0.18154918523985306
10402	39	40	Occipital Fusiform Gyrus	zstat	1.0693199286450163	0.9572566416177226
10402	40	41	Frontal Operculum Cortex	zstat	0.003197896172010786	0.942842831616016
10402	41	42	Central Opercular Cortex	zstat	1.2528902655317178	0.9205555690273566
10402	42	43	Parietal Operculum Cortex	zstat	0.6878091198112106	1.1951513800103464
10402	43	44	Planum Polare	zstat	0.20265745840085145	0.8521660093514902
10402	44	45	Heschl's Gyrus (includes H1 and H2)	zstat	-0.036172230414668535	0.4505567946900455
10402	45	46	Planum Temporale	zstat	0.040240052247089736	0.7290806835607582
10402	46	47	Supracalcarine Cortex	zstat	0.6664137857064526	0.4423863040481476
10402	47	48	Occipital Pole	zstat	0.5608655146282076	0.7125167153769059
10478	0	1	Frontal Pole	zstat	-0.20755477344977616	0.013264443126393508
10478	1	2	Insular Cortex	zstat	-0.605189869496304	0.04992744007955987
10478	2	3	Superior Frontal Gyrus	zstat	-0.3374474892824491	-0.273533711376401
10478	3	4	Middle Frontal Gyrus	zstat	0.16169005900570346	-0.164478049364121
10478	4	5	Inferior Frontal Gyrus, pars triangularis	zstat	-0.06697828918556606	-0.16294606459976405
10478	5	6	Inferior Frontal Gyrus, pars opercularis	zstat	-0.5450863285541109	-0.4990196559261392
10478	6	7	Precentral Gyrus	zstat	-0.19655969951117466	-0.030680912963595486
10478	7	8	Temporal Pole	zstat	-0.9426723647928736	-0.20505718423290065
10478	8	9	Superior Temporal Gyrus, anterior division	zstat	-0.8161219486871208	-0.6689578562688369
10478	9	10	Superior Temporal Gyrus, posterior division	zstat	-1.1624800589074706	-0.5717442382743897
10478	10	11	Middle Temporal Gyrus, anterior division	zstat	-0.797672944864147	-0.17285772467574187
10478	11	12	Middle Temporal Gyrus, posterior division	zstat	-0.7479132452796117	-0.3274897417450264
10478	12	13	Middle Temporal Gyrus, temporooccipital part	zstat	-0.7498046050688567	-0.8210972840891334
10478	13	14	Inferior Temporal Gyrus, anterior division	zstat	-1.0442261481326978	-0.18056672808201707
10478	14	15	Inferior Temporal Gyrus, posterior division	zstat	-0.16059650528965366	-0.19674695385960725
10478	15	16	Inferior Temporal Gyrus, temporooccipital part	zstat	0.04216810522614909	-0.18501461263652197
10478	16	17	Postcentral Gyrus	zstat	0.14795595866729222	-0.07621253052015242
10478	17	18	Superior Parietal Lobule	zstat	0.22503128746222567	0.7858984508255883
10478	18	19	Supramarginal Gyrus, anterior division	zstat	0.14806339451291325	0.2956563770915468
10478	19	20	Supramarginal Gyrus, posterior division	zstat	-0.8129385837945282	-0.3002465156479613
10478	20	21	Angular Gyrus	zstat	-0.600843650985599	-0.47662036873575536
10478	21	22	Lateral Occipital Cortex, superior division	zstat	0.30461631662806726	-0.12410567780036867
10478	22	23	Lateral Occipital Cortex, inferior division	zstat	-0.05216630732861217	-0.20891524308561876
10478	23	24	Intracalcarine Cortex	zstat	0.19108609922125153	-0.09797367914389558
10478	24	25	Frontal Medial Cortex	zstat	-0.14756606470839723	-0.3088312032108248
10478	25	26	Juxtapositional Lobule Cortex (formerly Supplementary Motor Cortex)	zstat	-0.5375458591977902	-0.03755970026454511
10478	26	27	Subcallosal Cortex	zstat	-0.22190852208206288	-0.39061231186900003
10478	27	28	Paracingulate Gyrus	zstat	-0.4787426341528579	-0.23660986469208298
10478	28	29	Cingulate Gyrus, anterior division	zstat	-0.31760606148893233	-0.1025480224826902
10478	29	30	Cingulate Gyrus, posterior division	zstat	-0.3713014696724713	0.032441655931063
10478	30	31	Precuneous Cortex	zstat	0.19014555896060273	-0.5402233782107747
10478	31	32	Cuneal Cortex	zstat	-0.07285815852842895	-0.10865455309750963
10478	32	33	Frontal Orbital Cortex	zstat	-1.100154910110068	0.12802945595392148
10478	33	34	Parahippocampal Gyrus, anterior division	zstat	-0.06497633235891705	-0.1654908218177909
10478	34	35	Parahippocampal Gyrus, posterior division	zstat	0.06943223752643703	-0.05202793978541246
10478	35	36	Lingual Gyrus	zstat	0.3408051159297897	0.03861985029671568
10478	36	37	Temporal Fusiform Cortex, anterior division	zstat	-0.626045552876626	-0.45435905836998147
10478	37	38	Temporal Fusiform Cortex, posterior division	zstat	-0.11312171138250773	-0.26022113510768174
10478	38	39	Temporal Occipital Fusiform Cortex	zstat	-0.26697871710590504	-0.6208781740564187
10478	39	40	Occipital Fusiform Gyrus	zstat	0.5369548870887441	-0.39475259842566107
10478	40	41	Frontal Operculum Cortex	zstat	-0.8377852250250573	-0.562611111975862
10478	41	42	Central Opercular Cortex	zstat	-0.2962015354012404	-0.3707568174326394
10478	42	43	Parietal Operculum Cortex	zstat	-0.2678759204410489	-0.40730079673620667
10478	43	44	Planum Polare	zstat	-0.18969826299327475	-0.3354029544728687
10478	44	45	Heschl's Gyrus (includes H1 and H2)	zstat	-0.02388086672958141	-0.8402501649485068
10478	45	46	Planum Temporale	zstat	-0.25402435351297303	-0.5489189327395214
10478	46	47	Supracalcarine Cortex	zstat	0.45397139927174185	-0.24730831243474274
10478	47	48	Occipital Pole	zstat	0.018282172310070396	-0.5620151865469274
10486	0	1	Frontal Pole	zstat	-0.14024610854923258	0.33549436712876907
10486	1	2	Insular Cortex	zstat	0.548089013034411	-0.1832844546692804
10486	2	3	Superior Frontal Gyrus	zstat	-0.0958112475678593	0.4073403647851202
10486	3	4	Middle Frontal Gyrus	zstat	0.09458329397104438	0.23104668446883497
10486	4	5	Inferior Frontal Gyrus, pars triangularis	zstat	0.21874622486525327	0.03672112363760831
10486	5	6	Inferior Frontal Gyrus, pars opercularis	zstat	-0.10962497963802997	-0.2822635003143132
10486	6	7	Precentral Gyrus	zstat	0.4311923559943444	-0.09947071966979106
10486	7	8	Temporal Pole	zstat	0.14662558229439743	-0.3111636712251211
10486	8	9	Superior Temporal Gyrus, anterior division	zstat	-0.1215992737465944	-0.27583108272057216
10486	9	10	Superior Temporal Gyrus, posterior division	zstat	-0.5621133812237531	-0.5672113387875695
10486	10	11	Middle Temporal Gyrus, anterior division	zstat	0.10690884336815284	0.04219790495890401
10486	11	12	Middle Temporal Gyrus, posterior division	zstat	-0.5006013264286694	0.007555485403270133
10486	12	13	Middle Temporal Gyrus, temporooccipital part	zstat	0.14986331072167405	-0.26262058405349087
10486	13	14	Inferior Temporal Gyrus, anterior division	zstat	0.1553218610661887	-0.8427805171810372
10486	14	15	Inferior Temporal Gyrus, posterior division	zstat	0.2137413404989335	-0.21025419221368066
10486	15	16	Inferior Temporal Gyrus, temporooccipital part	zstat	0.9610617495218559	-0.17887627334640632
10486	16	17	Postcentral Gyrus	zstat	0.15726100215445393	-0.3989124938468803
10486	17	18	Superior Parietal Lobule	zstat	0.7947926868897254	-0.4228122213316392
10486	18	19	Supramarginal Gyrus, anterior division	zstat	0.8956743813441588	-0.2787735618866497
10486	19	20	Supramarginal Gyrus, posterior division	zstat	0.17927208451815327	-0.319834726264801
10486	20	21	Angular Gyrus	zstat	-0.20856478445832902	-0.13240833213999878
10486	21	22	Lateral Occipital Cortex, superior division	zstat	0.2489774080620786	-0.2505306855251547
10486	22	23	Lateral Occipital Cortex, inferior division	zstat	0.7062044847525111	0.17477577552036708
10486	23	24	Intracalcarine Cortex	zstat	0.7241468216438193	-0.07451428022282741
10486	24	25	Frontal Medial Cortex	zstat	-0.36118681141479164	0.07910959790328663
10486	25	26	Juxtapositional Lobule Cortex (formerly Supplementary Motor Cortex)	zstat	0.64816587135696	-0.11580961849225836
10486	26	27	Subcallosal Cortex	zstat	-0.49255760753742206	0.6152553274152943
10486	27	28	Paracingulate Gyrus	zstat	-0.01246175959326277	0.030081616399823815
10486	28	29	Cingulate Gyrus, anterior division	zstat	0.625489420180248	-0.1893543477859042
10486	29	30	Cingulate Gyrus, posterior division	zstat	0.5877613735949354	-0.14389495469696287
10486	30	31	Precuneous Cortex	zstat	0.4591831107464249	-0.22286736962089287
10486	31	32	Cuneal Cortex	zstat	1.0401036241040162	-0.6091458319651248
10486	32	33	Frontal Orbital Cortex	zstat	-0.18867835306343855	-0.119746187777728
10486	33	34	Parahippocampal Gyrus, anterior division	zstat	0.003321026768937163	-0.6516312164304967
10486	34	35	Parahippocampal Gyrus, posterior division	zstat	-0.04585213323633345	0.17297082226020546
10486	35	36	Lingual Gyrus	zstat	1.0106676745178038	-0.46993730513431764
10486	36	37	Temporal Fusiform Cortex, anterior division	zstat	0.745041425212729	-0.9876173736712506
10486	37	38	Temporal Fusiform Cortex, posterior division	zstat	0.43358345530653075	-0.3106528029668108
10486	38	39	Temporal Occipital Fusiform Cortex	zstat	0.3880839222969187	-0.08108765799737457
10486	39	40	Occipital Fusiform Gyrus	zstat	0.48967405798985975	0.09864499105268018
10486	40	41	Frontal Operculum Cortex	zstat	0.04998999338366185	-0.6924550295455241
10486	41	42	Central Opercular Cortex	zstat	0.4102439825963147	-0.31614954108638615
10486	42	43	Parietal Operculum Cortex	zstat	0.4451222174037437	-0.10781279231450015
10486	43	44	Planum Polare	zstat	0.5314040511299124	-0.1898738666569089
10486	44	45	Heschl's Gyrus (includes H1 and H2)	zstat	0.45437429314382666	-0.08066835106846186
10486	45	46	Planum Temporale	zstat	0.43116338523923886	0.011154583963588746
10486	46	47	Supracalcarine Cortex	zstat	0.8442149424548955	0.2791315163287552
10486	47	48	Occipital Pole	zstat	0.5264537535606126	0.26026616523115836
10581	0	1	Frontal Pole	zstat	0.10914128368527597	0.05861621418570819
10581	1	2	Insular Cortex	zstat	-0.26942122722002604	-0.23801127453258292
10581	2	3	Superior Frontal Gyrus	zstat	0.21698567684390885	0.2604731686395253
10581	3	4	Middle Frontal Gyrus	zstat	0.1717471444704296	0.16639050631756963
10581	4	5	Inferior Frontal Gyrus, pars triangularis	zstat	-0.2151614033922536	-0.10554660702947423
10581	5	6	Inferior Frontal Gyrus, pars opercularis	zstat	-0.09019999036246903	-0.08218924384944999
10581	6	7	Precentral Gyrus	zstat	-0.15941633511222303	0.14475814967507378
10581	7	8	Temporal Pole	zstat	-0.5011717977962854	0.09054386825300753
10581	8	9	Superior Temporal Gyrus, anterior division	zstat	-0.22702637527329037	-0.08512012699427896
10581	9	10	Superior Temporal Gyrus, posterior division	zstat	-0.15047339552880398	-0.06209965236881875
10581	10	11	Middle Temporal Gyrus, anterior division	zstat	0.12887017015756955	0.01982172342267499
10581	11	12	Middle Temporal Gyrus, posterior division	zstat	0.13830411901665723	0.24477557468327202
10581	12	13	Middle Temporal Gyrus, temporooccipital part	zstat	0.032911363602558245	0.7187522737853943
10581	13	14	Inferior Temporal Gyrus, anterior division	zstat	-0.15639333858722326	0.26898887080344314
10581	14	15	Inferior Temporal Gyrus, posterior division	zstat	0.218568854734875	-0.29394723023050473
10581	15	16	Inferior Temporal Gyrus, temporooccipital part	zstat	0.22584788839301484	0.5552101015233184
10581	16	17	Postcentral Gyrus	zstat	-0.19076210284180453	0.13908480323265235
10581	17	18	Superior Parietal Lobule	zstat	0.5121788153415081	0.1878555485490756
10581	18	19	Supramarginal Gyrus, anterior division	zstat	-0.38572246803712373	0.14538123227345448
10581	19	20	Supramarginal Gyrus, posterior division	zstat	0.0734556869581669	0.15762141525031167
10581	20	21	Angular Gyrus	zstat	-0.3367127471326893	0.4660123758009744
10581	21	22	Lateral Occipital Cortex, superior division	zstat	0.24783554180020842	0.4336406127183501
10581	22	23	Lateral Occipital Cortex, inferior division	zstat	-0.04519570846135291	0.4563199931153679
10581	23	24	Intracalcarine Cortex	zstat	-0.25047556599642873	0.5372246687007427
10581	24	25	Frontal Medial Cortex	zstat	0.6106742975898153	0.5006327239352943
10581	25	26	Juxtapositional Lobule Cortex (formerly Supplementary Motor Cortex)	zstat	-0.8127176628500771	0.22523680203940366
10581	26	27	Subcallosal Cortex	zstat	-0.40600624265509677	0.5316640023965962
10581	27	28	Paracingulate Gyrus	zstat	-0.11791977821538148	0.08194751889792261
10581	28	29	Cingulate Gyrus, anterior division	zstat	-0.1792855915077703	-0.034096275032024385
10581	29	30	Cingulate Gyrus, posterior division	zstat	0.14026353664410168	0.42270110026134977
10581	30	31	Precuneous Cortex	zstat	-0.20501589548028604	0.19409870695410922
10581	31	32	Cuneal Cortex	zstat	-0.5378745158539544	0.3283239534979649
10581	32	33	Frontal Orbital Cortex	zstat	-0.05489291239989484	0.22122092810336644
10581	33	34	Parahippocampal Gyrus, anterior division	zstat	0.05344103211825466	0.13890298005900206
10581	34	35	Parahippocampal Gyrus, posterior division	zstat	-0.5524902442970998	0.0726142425292154
10581	35	36	Lingual Gyrus	zstat	-0.04557083233727165	0.3455134982130064
10581	36	37	Temporal Fusiform Cortex, anterior division	zstat	-0.5063032777583663	0.12643080349377495
10581	37	38	Temporal Fusiform Cortex, posterior division	zstat	-0.13732345918670943	0.08757714538798121
10581	38	39	Temporal Occipital Fusiform Cortex	zstat	-0.14510609286617923	0.01317544090671037
10581	39	40	Occipital Fusiform Gyrus	zstat	0.35142628659440106	0.2569299014424051
10581	40	41	Frontal Operculum Cortex	zstat	-0.20933057417742862	-0.09356194494112137
10581	41	42	Central Opercular Cortex	zstat	-0.40889535952001654	-0.01709679034656348
10581	42	43	Parietal Operculum Cortex	zstat	-0.935969612405158	0.23093114537988385
10581	43	44	Planum Polare	zstat	-0.324190930417163	-0.73997861963256
10581	44	45	Heschl's Gyrus (includes H1 and H2)	zstat	-0.1960771882279952	-0.6287341032451885
10581	45	46	Planum Temporale	zstat	-0.34243637837799795	-0.618304003848355
10581	46	47	Supracalcarine Cortex	zstat	-0.6736521565930006	0.35147732521030817
10581	47	48	Occipital Pole	zstat	0.06534183435076013	0.3309200895613427
10584	0	1	Frontal Pole	zstat	0.6332202826249259	-0.07264521884134321
10584	1	2	Insular Cortex	zstat	0.5061253297529921	0.2798147857301061
10584	2	3	Superior Frontal Gyrus	zstat	0.6721440132750066	-0.4115433720492169
10584	3	4	Middle Frontal Gyrus	zstat	0.8382115070672889	-0.4149567667294058
10584	4	5	Inferior Frontal Gyrus, pars triangularis	zstat	0.40593814634645375	-0.17077282609721356
10584	5	6	Inferior Frontal Gyrus, pars opercularis	zstat	0.35594361161183025	-0.03922958085036466
10584	6	7	Precentral Gyrus	zstat	0.48234415600406216	0.2759174521233364
10584	7	8	Temporal Pole	zstat	0.11400381086335143	-0.11294136548797981
10584	8	9	Superior Temporal Gyrus, anterior division	zstat	0.15305225051079804	-0.1467350964888166
10584	9	10	Superior Temporal Gyrus, posterior division	zstat	-0.012642654962610913	-0.20973424254890977
10584	10	11	Middle Temporal Gyrus, anterior division	zstat	0.4256809233722569	-0.46525853725789645
10584	11	12	Middle Temporal Gyrus, posterior division	zstat	0.23028689728435056	-0.5191928179609763
10584	12	13	Middle Temporal Gyrus, temporooccipital part	zstat	0.22820637367261917	-0.09895353176069933
10584	13	14	Inferior Temporal Gyrus, anterior division	zstat	-0.38385293429948875	-0.0846360233369884
10584	14	15	Inferior Temporal Gyrus, posterior division	zstat	0.7129543979957849	0.07794823445547
10584	15	16	Inferior Temporal Gyrus, temporooccipital part	zstat	0.6549239159473079	-0.10159155608410252
10584	16	17	Postcentral Gyrus	zstat	0.5082575169873789	0.3091502747595381
10584	17	18	Superior Parietal Lobule	zstat	0.6047529545502635	0.30862831823030373
10584	18	19	Supramarginal Gyrus, anterior division	zstat	0.838442898680525	0.7689309032195726
10584	19	20	Supramarginal Gyrus, posterior division	zstat	0.641405384556856	0.43664680142089335
10584	20	21	Angular Gyrus	zstat	0.8432063010596873	0.12621934895021344
10584	21	22	Lateral Occipital Cortex, superior division	zstat	0.5407151386131369	-0.043888238296209324
10584	22	23	Lateral Occipital Cortex, inferior division	zstat	0.7074090647851601	-0.015728232951802885
10584	23	24	Intracalcarine Cortex	zstat	0.5566766016377346	0.28868630506254095
10584	24	25	Frontal Medial Cortex	zstat	0.4845203668061158	-0.6898669330733465
10584	25	26	Juxtapositional Lobule Cortex (formerly Supplementary Motor Cortex)	zstat	0.6731087892391795	0.5102431976261574
10584	26	27	Subcallosal Cortex	zstat	0.24563275166773774	0.05555342122142275
10584	27	28	Paracingulate Gyrus	zstat	0.7604501368316039	0.028375539591653995
10584	28	29	Cingulate Gyrus, anterior division	zstat	0.7648506238837075	0.31964050744506295
10584	29	30	Cingulate Gyrus, posterior division	zstat	1.1781702204085887	-0.05968262950488549
10584	30	31	Precuneous Cortex	zstat	0.695447374164473	0.04151464125801512
10584	31	32	Cuneal Cortex	zstat	0.6954851889509931	0.060689837771582475
10584	32	33	Frontal Orbital Cortex	zstat	0.7548412492741055	-0.0910231346027132
10584	33	34	Parahippocampal Gyrus, anterior division	zstat	0.2874207389139183	-0.2659090871693962
10584	34	35	Parahippocampal Gyrus, posterior division	zstat	0.5600503711205609	-0.4678936997323104
10584	35	36	Lingual Gyrus	zstat	0.3535341766744905	-0.09589189717391514
10584	36	37	Temporal Fusiform Cortex, anterior division	zstat	0.3647033937922712	-0.07047513148463364
10584	37	38	Temporal Fusiform Cortex, posterior division	zstat	0.44428845727747346	-0.14579734698750668
10584	38	39	Temporal Occipital Fusiform Cortex	zstat	0.777405163480363	0.11911947349975623
10584	39	40	Occipital Fusiform Gyrus	zstat	1.1970659333558196	-0.25789741060514265
10584	40	41	Frontal Operculum Cortex	zstat	0.2856312586075799	0.7323992873061186
10584	41	42	Central Opercular Cortex	zstat	0.4080820746195456	0.5744578821910272
10584	42	43	Parietal Operculum Cortex	zstat	0.3391275017576642	0.6864678604341571
10584	43	44	Planum Polare	zstat	-0.009549070571776735	-0.31965042063824206
10584	44	45	Heschl's Gyrus (includes H1 and H2)	zstat	0.1362260115571097	0.16511055136588723
10584	45	46	Planum Temporale	zstat	-0.22010083707343592	0.21086344370736812
10584	46	47	Supracalcarine Cortex	zstat	0.790314632329218	0.18626540610963044
10584	47	48	Occipital Pole	zstat	0.7909507529742188	-0.05445958080229783
10589	0	1	Frontal Pole	zstat	-0.3261827825455584	0.1036877008904547
10589	1	2	Insular Cortex	zstat	0.3091998160798837	-0.2007672591037098
10589	2	3	Superior Frontal Gyrus	zstat	-0.8077418416963251	0.07844385438811127
10589	3	4	Middle Frontal Gyrus	zstat	0.16734099578501754	0.13918587592587828
10589	4	5	Inferior Frontal Gyrus, pars triangularis	zstat	0.1266279242011086	-0.5029247903091237
10589	5	6	Inferior Frontal Gyrus, pars opercularis	zstat	0.015427237669989245	-0.43500411763205626
10589	6	7	Precentral Gyrus	zstat	0.45510198178377775	-0.12624146168934355
10589	7	8	Temporal Pole	zstat	-0.13055574022400399	-0.10214835726262853
10589	8	9	Superior Temporal Gyrus, anterior division	zstat	0.26801057139125006	-0.30561968623899305
10589	9	10	Superior Temporal Gyrus, posterior division	zstat	-0.09849696633498209	0.15924841076038876
10589	10	11	Middle Temporal Gyrus, anterior division	zstat	0.13660076982272204	-0.5082558234159682
10589	11	12	Middle Temporal Gyrus, posterior division	zstat	-0.15382665260214076	-0.0671218149978281
10589	12	13	Middle Temporal Gyrus, temporooccipital part	zstat	0.21643022436903536	0.10871001342990458
10589	13	14	Inferior Temporal Gyrus, anterior division	zstat	-0.319163479627325	-0.6008142699988989
10589	14	15	Inferior Temporal Gyrus, posterior division	zstat	-0.08379923113484447	-0.16462147546242387
10589	15	16	Inferior Temporal Gyrus, temporooccipital part	zstat	-0.3897210058346547	-0.4125510749088708
10589	16	17	Postcentral Gyrus	zstat	-0.045978482686813274	-0.4593192753448333
10589	17	18	Superior Parietal Lobule	zstat	0.00382364800339198	-0.3431435704819144
10589	18	19	Supramarginal Gyrus, anterior division	zstat	1.3011146722309705	-0.12968517290765805
10589	19	20	Supramarginal Gyrus, posterior division	zstat	0.6850897948811384	0.25822915669134977
10589	20	21	Angular Gyrus	zstat	-0.07963900295401471	0.39646260715643006
10589	21	22	Lateral Occipital Cortex, superior division	zstat	-0.4097003212055541	-0.4132585753922255
10589	22	23	Lateral Occipital Cortex, inferior division	zstat	-0.5093079934643949	-0.7541572884597139
10589	23	24	Intracalcarine Cortex	zstat	0.42303276068619533	0.03665737869049937
10589	24	25	Frontal Medial Cortex	zstat	-0.33545070166137325	-0.09948025580395693
10589	25	26	Juxtapositional Lobule Cortex (formerly Supplementary Motor Cortex)	zstat	0.2953097046497655	-0.3333551672517756
10589	26	27	Subcallosal Cortex	zstat	-0.26890999628432416	0.29855665903216083
10589	27	28	Paracingulate Gyrus	zstat	-0.427891192968635	0.047753428437750586
10589	28	29	Cingulate Gyrus, anterior division	zstat	-0.008258343699400044	0.5459079222701356
10589	29	30	Cingulate Gyrus, posterior division	zstat	0.04682394428524588	0.12944368754536845
10589	30	31	Precuneous Cortex	zstat	0.09647114036839795	-0.119324946075429
10589	31	32	Cuneal Cortex	zstat	0.5545107943885815	-0.17463671937667477
10589	32	33	Frontal Orbital Cortex	zstat	-0.3007969621382191	0.038003914254027216
10589	33	34	Parahippocampal Gyrus, anterior division	zstat	-0.14583147585827783	-0.65876708348463
10589	34	35	Parahippocampal Gyrus, posterior division	zstat	-0.48818405036691503	-0.42068724133127
10589	35	36	Lingual Gyrus	zstat	0.24464329622293773	-0.02160494190797814
10589	36	37	Temporal Fusiform Cortex, anterior division	zstat	-0.20379420691863337	-0.11717556367449938
10589	37	38	Temporal Fusiform Cortex, posterior division	zstat	-0.22991579007599808	-0.26922104118044027
10589	38	39	Temporal Occipital Fusiform Cortex	zstat	-0.5642313567519854	-0.3642038654505063
10589	39	40	Occipital Fusiform Gyrus	zstat	-0.271673207089023	-0.6141845364421208
10589	40	41	Frontal Operculum Cortex	zstat	0.4959361821279994	-0.020695855381249004
10589	41	42	Central Opercular Cortex	zstat	0.723941561428501	-0.300952627467124
10589	42	43	Parietal Operculum Cortex	zstat	1.2618072556986517	-0.3633594389669219
10589	43	44	Planum Polare	zstat	0.253060947757975	0.09783382339488345
10589	44	45	Heschl's Gyrus (includes H1 and H2)	zstat	0.31699948676342515	0.019611556932742146
10589	45	46	Planum Temporale	zstat	0.446399676044171	-0.06448716202114227
10589	46	47	Supracalcarine Cortex	zstat	0.2566085835482846	0.1440600140535451
10589	47	48	Occipital Pole	zstat	-0.2628452651266287	-0.3880069396776651
10596	0	1	Frontal Pole	zstat	0.6992837149527407	-0.1403959410260531
10596	1	2	Insular Cortex	zstat	0.18849082691864527	-0.32761368170603883
10596	2	3	Superior Frontal Gyrus	zstat	0.8321764791589908	-0.24929952557317947
10596	3	4	Middle Frontal Gyrus	zstat	0.5134799563065142	-0.022177248396151296
10596	4	5	Inferior Frontal Gyrus, pars triangularis	zstat	0.334823733844224	-1.0960528266641798
10596	5	6	Inferior Frontal Gyrus, pars opercularis	zstat	0.3132289698967177	-0.3727525035142258
10596	6	7	Precentral Gyrus	zstat	0.637867765114324	-0.37914607161937425
10596	7	8	Temporal Pole	zstat	0.5620595736385833	-0.8120544545472456
10596	8	9	Superior Temporal Gyrus, anterior division	zstat	0.8028093787984779	-0.8444681997052752
10596	9	10	Superior Temporal Gyrus, posterior division	zstat	0.5461065502816134	-0.8887178766096688
10596	10	11	Middle Temporal Gyrus, anterior division	zstat	0.880855236764052	-0.36305970820640004
10596	11	12	Middle Temporal Gyrus, posterior division	zstat	0.443796987743726	-0.4953243078199434
10596	12	13	Middle Temporal Gyrus, temporooccipital part	zstat	0.1468671385680506	-0.07161524926441654
10596	13	14	Inferior Temporal Gyrus, anterior division	zstat	0.1278199007205621	0.1582484653222336
10596	14	15	Inferior Temporal Gyrus, posterior division	zstat	0.19495568719141168	0.2440614439918765
10596	15	16	Inferior Temporal Gyrus, temporooccipital part	zstat	1.0891645237622756	-0.26956949494918114
10596	16	17	Postcentral Gyrus	zstat	0.570401266967655	-0.13312101128349163
10596	17	18	Superior Parietal Lobule	zstat	0.18883315327811728	-0.09217148364504452
10596	18	19	Supramarginal Gyrus, anterior division	zstat	0.6474605925857624	-0.18569541447989954
10596	19	20	Supramarginal Gyrus, posterior division	zstat	0.6239622779310888	-0.6207091163510357
10596	20	21	Angular Gyrus	zstat	0.7761991476462232	-0.6765180643288027
10596	21	22	Lateral Occipital Cortex, superior division	zstat	0.7654458752167581	-0.07030141148664171
10596	22	23	Lateral Occipital Cortex, inferior division	zstat	1.299237109306321	-0.53708501633327
10596	23	24	Intracalcarine Cortex	zstat	2.74727162786176	-1.1420289966910135
10596	24	25	Frontal Medial Cortex	zstat	0.5603421427217041	-0.3807005939645204
10596	25	26	Juxtapositional Lobule Cortex (formerly Supplementary Motor Cortex)	zstat	1.0311266098614322	-0.3226946217206156
10596	26	27	Subcallosal Cortex	zstat	-0.1438821240809585	-0.5180301733655281
10596	27	28	Paracingulate Gyrus	zstat	1.471704409746276	-0.8509751643611924
10596	28	29	Cingulate Gyrus, anterior division	zstat	1.1509954908279894	-0.6997388490091938
10596	29	30	Cingulate Gyrus, posterior division	zstat	1.352897691918271	-0.15294407174337124
10596	30	31	Precuneous Cortex	zstat	1.0451950644653805	-0.30099607700525804
10596	31	32	Cuneal Cortex	zstat	1.4344703375836556	-0.20170143064051585
10596	32	33	Frontal Orbital Cortex	zstat	0.007202113503166311	-0.8487924078261319
10596	33	34	Parahippocampal Gyrus, anterior division	zstat	0.21590785419545755	0.15285920755385496
10596	34	35	Parahippocampal Gyrus, posterior division	zstat	0.42772566816453245	-0.43460622023053047
10596	35	36	Lingual Gyrus	zstat	1.496323259473851	-1.016872709990679
10596	36	37	Temporal Fusiform Cortex, anterior division	zstat	-0.32992344317257616	1.2437943023966347
10596	37	38	Temporal Fusiform Cortex, posterior division	zstat	0.405159655733999	0.31047908612847547
10596	38	39	Temporal Occipital Fusiform Cortex	zstat	0.8408636716417598	0.18796911288876336
10596	39	40	Occipital Fusiform Gyrus	zstat	2.699149653767677	-0.4070216569617078
10596	40	41	Frontal Operculum Cortex	zstat	0.2783456480623606	-0.4502415234661278
10596	41	42	Central Opercular Cortex	zstat	0.5612672028580119	-0.06547248598186113
10596	42	43	Parietal Operculum Cortex	zstat	0.6779839535726017	-0.21660600147838824
10596	43	44	Planum Polare	zstat	0.35939477175609247	-0.48416908989653334
10596	44	45	Heschl's Gyrus (includes H1 and H2)	zstat	0.3398487969700779	0.10547717031553358
10596	45	46	Planum Temporale	zstat	0.41990848690003074	-0.45244095276914137
10596	46	47	Supracalcarine Cortex	zstat	2.597391252678403	-1.2665086759531752
10596	47	48	Occipital Pole	zstat	2.5068043984473483	-0.7592293891887875
10606	0	1	Frontal Pole	zstat	0.34368867721156693	-0.3118825688294036
10606	1	2	Insular Cortex	zstat	0.2543821779934243	0.6924032354135768
10606	2	3	Superior Frontal Gyrus	zstat	0.20643108116252007	-0.09717789600935897
10606	3	4	Middle Frontal Gyrus	zstat	0.13958608495434865	-0.35202294052641026
10606	4	5	Inferior Frontal Gyrus, pars triangularis	zstat	0.3024056433795347	-1.0514976934939964
10606	5	6	Inferior Frontal Gyrus, pars opercularis	zstat	0.21470876635298078	-0.043976944677365536
10606	6	7	Precentral Gyrus	zstat	0.521880066498084	0.1142705896125304
10606	7	8	Temporal Pole	zstat	0.2727242993035116	-0.04301379571685758
10606	8	9	Superior Temporal Gyrus, anterior division	zstat	0.39460725139539976	-0.23898485517845705
10606	9	10	Superior Temporal Gyrus, posterior division	zstat	0.11035485913812232	0.29966785058692136
10606	10	11	Middle Temporal Gyrus, anterior division	zstat	0.6248916624113917	-0.5107166817641136
10606	11	12	Middle Temporal Gyrus, posterior division	zstat	0.09382588106157855	-0.14665125932989884
10606	12	13	Middle Temporal Gyrus, temporooccipital part	zstat	0.1369820719858967	-0.8974606557451368
10606	13	14	Inferior Temporal Gyrus, anterior division	zstat	0.08927902267397156	-0.06166545658361321
10606	14	15	Inferior Temporal Gyrus, posterior division	zstat	0.17721614235611488	0.07159724993891436
10606	15	16	Inferior Temporal Gyrus, temporooccipital part	zstat	0.9764781561534619	-0.08670626892777744
10606	16	17	Postcentral Gyrus	zstat	0.5638234821232492	0.04168268929093914
10606	17	18	Superior Parietal Lobule	zstat	0.3639142324510452	0.33675643819044504
10606	18	19	Supramarginal Gyrus, anterior division	zstat	1.01376638860459	0.5969568368465709
10606	19	20	Supramarginal Gyrus, posterior division	zstat	-0.2464127249452537	-0.10262376130873187
10606	20	21	Angular Gyrus	zstat	-0.23181050131555414	-0.4616658306269325
10606	21	22	Lateral Occipital Cortex, superior division	zstat	0.7871545584070372	-0.4710169732814658
10606	22	23	Lateral Occipital Cortex, inferior division	zstat	1.4572675262322674	-0.33835747969600427
10606	23	24	Intracalcarine Cortex	zstat	1.9586365932765406	0.6918049889760716
10606	24	25	Frontal Medial Cortex	zstat	0.6401178168504645	-0.47979895341020584
10606	25	26	Juxtapositional Lobule Cortex (formerly Supplementary Motor Cortex)	zstat	1.5145044940149386	1.074976718588103
10606	26	27	Subcallosal Cortex	zstat	0.012316503341291815	-0.3211755146354755
10606	27	28	Paracingulate Gyrus	zstat	0.7726866998645858	0.3909023925007824
10606	28	29	Cingulate Gyrus, anterior division	zstat	0.9091788642097341	0.5651138346542427
10606	29	30	Cingulate Gyrus, posterior division	zstat	1.027779154087816	0.342103058920641
10606	30	31	Precuneous Cortex	zstat	0.635757094514894	0.4663731151286478
10606	31	32	Cuneal Cortex	zstat	1.3544200553668213	0.8343142396362577
10606	32	33	Frontal Orbital Cortex	zstat	0.11716887220058611	-0.22656836653926174
10606	33	34	Parahippocampal Gyrus, anterior division	zstat	0.2822679029808553	-0.15066983443643667
10606	34	35	Parahippocampal Gyrus, posterior division	zstat	1.1306066930439007	-0.7205605872085248
10606	35	36	Lingual Gyrus	zstat	1.484485948101244	-0.1414309186913942
10606	36	37	Temporal Fusiform Cortex, anterior division	zstat	-0.15564154815721384	0.0808537086828592
10606	37	38	Temporal Fusiform Cortex, posterior division	zstat	0.6948124319451459	-0.3242988406348711
10606	38	39	Temporal Occipital Fusiform Cortex	zstat	1.4885329981248197	-0.8198719212354226
10606	39	40	Occipital Fusiform Gyrus	zstat	2.175796885265533	0.03508500777973882
10606	40	41	Frontal Operculum Cortex	zstat	-0.06885866894525625	-0.24966972227748327
10606	41	42	Central Opercular Cortex	zstat	0.47532568795366154	0.640488640101397
10606	42	43	Parietal Operculum Cortex	zstat	0.8089763664872135	0.4855356099421447
10606	43	44	Planum Polare	zstat	0.6564578490744111	0.40992688335378774
10606	44	45	Heschl's Gyrus (includes H1 and H2)	zstat	0.8557451860335428	1.0106709331686046
10606	45	46	Planum Temporale	zstat	0.6224067063106952	0.7043783026734506
10606	46	47	Supracalcarine Cortex	zstat	1.5733057656771245	0.5607402055583736
10606	47	48	Occipital Pole	zstat	2.081902343355933	0.003191972284092652
10608	0	1	Frontal Pole	zstat	0.3610315161941544	0.17378793831856257
10608	1	2	Insular Cortex	zstat	0.10060849260553667	-0.35345866069751464
10608	2	3	Superior Frontal Gyrus	zstat	0.3283491985148856	-0.05977546579880173
10608	3	4	Middle Frontal Gyrus	zstat	0.3958094024966832	-0.24498145101717425
10608	4	5	Inferior Frontal Gyrus, pars triangularis	zstat	-0.1826944696597345	-0.23898155152329903
10608	5	6	Inferior Frontal Gyrus, pars opercularis	zstat	0.4880410988611618	-0.36123566705167476
10608	6	7	Precentral Gyrus	zstat	0.32536694065308047	-0.7713354536944076
10608	7	8	Temporal Pole	zstat	-0.1012102522242657	-0.6839705832385589
10608	8	9	Superior Temporal Gyrus, anterior division	zstat	0.43099319162086036	-0.8902363251321591
10608	9	10	Superior Temporal Gyrus, posterior division	zstat	0.047702321944102136	-0.6755961851177543
10608	10	11	Middle Temporal Gyrus, anterior division	zstat	-0.3957283826381769	-0.4514673741200744
10608	11	12	Middle Temporal Gyrus, posterior division	zstat	0.031417267777178924	-0.3412350881538766
10608	12	13	Middle Temporal Gyrus, temporooccipital part	zstat	0.3237941536472398	-0.9153335555706383
10608	13	14	Inferior Temporal Gyrus, anterior division	zstat	-0.07270337360189158	-0.33868688017614845
10608	14	15	Inferior Temporal Gyrus, posterior division	zstat	-0.23600335608953052	-0.34915538577872957
10608	15	16	Inferior Temporal Gyrus, temporooccipital part	zstat	0.7185869252599373	-0.8187917606770878
10608	16	17	Postcentral Gyrus	zstat	0.39777299776622704	-0.5154379012810735
10608	17	18	Superior Parietal Lobule	zstat	0.4772898305966482	-0.4415837880828983
10608	18	19	Supramarginal Gyrus, anterior division	zstat	0.2425688710318085	-0.18443524449054774
10608	19	20	Supramarginal Gyrus, posterior division	zstat	0.000621725875424926	-0.6621569277765859
10608	20	21	Angular Gyrus	zstat	0.16954960758226975	-0.7985011247828186
10608	21	22	Lateral Occipital Cortex, superior division	zstat	0.7613539248606251	-0.47364035490345185
10608	22	23	Lateral Occipital Cortex, inferior division	zstat	1.0887165845593538	-0.5175125601481116
10608	23	24	Intracalcarine Cortex	zstat	1.091930148704521	-1.0554064651516335
10608	24	25	Frontal Medial Cortex	zstat	-0.41160653820107584	-0.2015092176391829
10608	25	26	Juxtapositional Lobule Cortex (formerly Supplementary Motor Cortex)	zstat	0.25202184824258833	-0.9167554787001446
10608	26	27	Subcallosal Cortex	zstat	-0.8469907228834928	-0.0030946966726332903
10608	27	28	Paracingulate Gyrus	zstat	0.3091353975539184	-0.17090501097683392
10608	28	29	Cingulate Gyrus, anterior division	zstat	-0.022240148731201524	-0.7569498704752902
10608	29	30	Cingulate Gyrus, posterior division	zstat	0.6637803796047478	-0.5029655838634021
10608	30	31	Precuneous Cortex	zstat	0.7121199387453214	-0.8972035316908089
10608	31	32	Cuneal Cortex	zstat	1.1639318491834032	-0.886612878885211
10608	32	33	Frontal Orbital Cortex	zstat	-0.2555573587187492	-0.5120572169842745
10608	33	34	Parahippocampal Gyrus, anterior division	zstat	0.11646925028314632	-1.0971568075322393
10608	34	35	Parahippocampal Gyrus, posterior division	zstat	-0.3752811143675573	-0.672409384072108
10608	35	36	Lingual Gyrus	zstat	0.7406775519047272	-1.130308163724557
10608	36	37	Temporal Fusiform Cortex, anterior division	zstat	0.10938802445703681	-1.1726680152582216
10608	37	38	Temporal Fusiform Cortex, posterior division	zstat	-0.26406802488498954	-0.6236655651611756
10608	38	39	Temporal Occipital Fusiform Cortex	zstat	0.3540084317741683	-0.6854179447898254
10608	39	40	Occipital Fusiform Gyrus	zstat	1.2169676810027377	-0.9908213488911496
10608	40	41	Frontal Operculum Cortex	zstat	0.08028809714890203	-0.5245844666227824
10608	41	42	Central Opercular Cortex	zstat	-0.03162018560776774	-0.6746987726974139
10608	42	43	Parietal Operculum Cortex	zstat	0.1233783894691848	-1.0140379547687337
10608	43	44	Planum Polare	zstat	-0.0377692066000611	-0.8146100534431753
10608	44	45	Heschl's Gyrus (includes H1 and H2)	zstat	0.3644888200947354	-1.1916420689359102
10608	45	46	Planum Temporale	zstat	0.4263886635893455	-1.2131308313056703
10608	46	47	Supracalcarine Cortex	zstat	1.1627178781051586	-1.0373189650832655
10608	47	48	Occipital Pole	zstat	1.2129923877724904	-0.3197029065319572
10640	0	1	Frontal Pole	zstat	0.046299493425455654	-0.3504602026693659
10640	1	2	Insular Cortex	zstat	-0.19282243570240576	-0.19255862946468622
10640	2	3	Superior Frontal Gyrus	zstat	0.03277356562945557	0.14275303803050507
10640	3	4	Middle Frontal Gyrus	zstat	-0.07398435865247666	0.627665749408103
10640	4	5	Inferior Frontal Gyrus, pars triangularis	zstat	0.6104726519202279	-0.508361630525158
10640	5	6	Inferior Frontal Gyrus, pars opercularis	zstat	0.36292591760108994	-0.06416160566083132
10640	6	7	Precentral Gyrus	zstat	-0.07213433800828131	0.691081456607483
10640	7	8	Temporal Pole	zstat	0.11368708697675885	-0.620749050013118
10640	8	9	Superior Temporal Gyrus, anterior division	zstat	-0.09013285319058177	-0.02046293506685358
10640	9	10	Superior Temporal Gyrus, posterior division	zstat	-0.2431875828399577	-0.6019124098562646
10640	10	11	Middle Temporal Gyrus, anterior division	zstat	0.6139699136223227	0.19916929820997278
10640	11	12	Middle Temporal Gyrus, posterior division	zstat	0.12391744852857481	-0.09924690179497357
10640	12	13	Middle Temporal Gyrus, temporooccipital part	zstat	0.37550714184168826	0.2527925666774581
10640	13	14	Inferior Temporal Gyrus, anterior division	zstat	0.710730672986164	-0.29942509371473197
10640	14	15	Inferior Temporal Gyrus, posterior division	zstat	0.16255489433857462	-0.2544166355866458
10640	15	16	Inferior Temporal Gyrus, temporooccipital part	zstat	-0.29354292753677286	0.7872636098603183
10640	16	17	Postcentral Gyrus	zstat	0.09377846645375425	0.4593648376971301
10640	17	18	Superior Parietal Lobule	zstat	-0.5743091479420486	1.1162208448435496
10640	18	19	Supramarginal Gyrus, anterior division	zstat	-0.5316043572060557	0.5267086976179767
10640	19	20	Supramarginal Gyrus, posterior division	zstat	-0.4182732163891873	0.2815607944657598
10640	20	21	Angular Gyrus	zstat	0.5031177673704844	-0.590727030010043
10640	21	22	Lateral Occipital Cortex, superior division	zstat	0.1491782382826802	1.1972347152991443
10640	22	23	Lateral Occipital Cortex, inferior division	zstat	-0.1888180766437458	1.0799691781312715
10640	23	24	Intracalcarine Cortex	zstat	1.6912459152178108	1.624274165804429
10640	24	25	Frontal Medial Cortex	zstat	0.3357953298632084	-0.44008578140955706
10640	25	26	Juxtapositional Lobule Cortex (formerly Supplementary Motor Cortex)	zstat	-0.19420769474920627	0.0915081263567019
10640	26	27	Subcallosal Cortex	zstat	0.16023062793090223	-0.64844450532602
10640	27	28	Paracingulate Gyrus	zstat	-0.31116194309005485	-0.09867207064988183
10640	28	29	Cingulate Gyrus, anterior division	zstat	-0.05362872160049708	0.11928915360230179
10640	29	30	Cingulate Gyrus, posterior division	zstat	-0.12964957116996603	0.1335639135634909
10640	30	31	Precuneous Cortex	zstat	0.5005270549245233	0.7670525357061888
10640	31	32	Cuneal Cortex	zstat	0.44441763151017843	1.129057032162243
10640	32	33	Frontal Orbital Cortex	zstat	0.06332113609761998	-0.5599668198134948
10640	33	34	Parahippocampal Gyrus, anterior division	zstat	0.1681095014081081	-0.46554546881674697
10640	34	35	Parahippocampal Gyrus, posterior division	zstat	0.19819188026957354	-0.26110608215215353
10640	35	36	Lingual Gyrus	zstat	1.0595896860582732	1.2434239155950466
10640	36	37	Temporal Fusiform Cortex, anterior division	zstat	0.5248125463208937	-0.5897855399348212
10640	37	38	Temporal Fusiform Cortex, posterior division	zstat	0.32117394976784347	0.08620052785122136
10640	38	39	Temporal Occipital Fusiform Cortex	zstat	0.010752926919117544	1.378914423657423
10640	39	40	Occipital Fusiform Gyrus	zstat	0.9107944045321936	1.4633836885636518
10640	40	41	Frontal Operculum Cortex	zstat	-0.30316172270965175	-0.4171643329846884
10640	41	42	Central Opercular Cortex	zstat	-0.14812209864689482	-0.45622164094574813
10640	42	43	Parietal Operculum Cortex	zstat	-0.35804813580887707	-0.5033731459176669
10640	43	44	Planum Polare	zstat	-0.288708807543304	-0.415694362107124
10640	44	45	Heschl's Gyrus (includes H1 and H2)	zstat	-0.0015216501191481603	-1.0760253045036272
10640	45	46	Planum Temporale	zstat	-0.19496665134718172	-0.8561674246457767
10640	46	47	Supracalcarine Cortex	zstat	1.30614439540721	1.7472694893466665
10640	47	48	Occipital Pole	zstat	0.7379983895226971	0.9131647581942924
10641	0	1	Frontal Pole	zstat	0.6535286463957903	0.061409463160018746
10641	1	2	Insular Cortex	zstat	-0.06933589230318264	-0.5523514823482818
10641	2	3	Superior Frontal Gyrus	zstat	0.3764221041255525	0.21656972241259995
10641	3	4	Middle Frontal Gyrus	zstat	0.28400293416359834	-0.36865400679848054
10641	4	5	Inferior Frontal Gyrus, pars triangularis	zstat	0.23442753867543656	0.02369709874115753
10641	5	6	Inferior Frontal Gyrus, pars opercularis	zstat	-0.07004790817151867	-0.45274750377245415
10641	6	7	Precentral Gyrus	zstat	0.13746474108051251	-0.5447203984827196
10641	7	8	Temporal Pole	zstat	0.4647382397186514	-0.20097195101613663
10641	8	9	Superior Temporal Gyrus, anterior division	zstat	0.6286967052540814	-0.12948026826891762
10641	9	10	Superior Temporal Gyrus, posterior division	zstat	0.19308372792582235	0.021786333233731883
10641	10	11	Middle Temporal Gyrus, anterior division	zstat	0.09144542854637214	-0.23296202106623728
10641	11	12	Middle Temporal Gyrus, posterior division	zstat	0.04571168631473519	0.42452465580008936
10641	12	13	Middle Temporal Gyrus, temporooccipital part	zstat	0.060227557067519776	-0.06271510877352025
10641	13	14	Inferior Temporal Gyrus, anterior division	zstat	0.14153379752554177	-0.3494010585726696
10641	14	15	Inferior Temporal Gyrus, posterior division	zstat	0.10751497784439483	-0.22965048424432496
10641	15	16	Inferior Temporal Gyrus, temporooccipital part	zstat	-0.27135841310356135	-0.0036831368638355452
10641	16	17	Postcentral Gyrus	zstat	0.5755455473637456	-0.19976936986103006
10641	17	18	Superior Parietal Lobule	zstat	0.05980766546152278	-0.12931859999371992
10641	18	19	Supramarginal Gyrus, anterior division	zstat	-0.10214649574255519	-0.024427339458230158
10641	19	20	Supramarginal Gyrus, posterior division	zstat	0.17224011853891047	-0.3765916571587425
10641	20	21	Angular Gyrus	zstat	0.3098853152649117	-0.27972614005247015
10641	21	22	Lateral Occipital Cortex, superior division	zstat	0.21393018690467347	0.2289014822213465
10641	22	23	Lateral Occipital Cortex, inferior division	zstat	0.06403795358468051	-0.48802991911780685
10641	23	24	Intracalcarine Cortex	zstat	0.8634952067647579	-0.4508059134395206
10641	24	25	Frontal Medial Cortex	zstat	0.44355683056439493	1.0848794885114716
10641	25	26	Juxtapositional Lobule Cortex (formerly Supplementary Motor Cortex)	zstat	-0.3321842071985687	-0.6513653565870717
10641	26	27	Subcallosal Cortex	zstat	-0.10001749725152667	-0.053890020025965685
10641	27	28	Paracingulate Gyrus	zstat	0.30416464848138125	0.02809506573011859
10641	28	29	Cingulate Gyrus, anterior division	zstat	0.2914569538399396	-0.09381814487895068
10641	29	30	Cingulate Gyrus, posterior division	zstat	0.2579281281023286	0.6735839431881905
10641	30	31	Precuneous Cortex	zstat	0.23851059490978577	0.21286311044123882
10641	31	32	Cuneal Cortex	zstat	0.6220760123175414	-0.13355513340570271
10641	32	33	Frontal Orbital Cortex	zstat	0.10698415782764621	0.03714629491653841
10641	33	34	Parahippocampal Gyrus, anterior division	zstat	0.17374173260759562	-0.6845501808138499
10641	34	35	Parahippocampal Gyrus, posterior division	zstat	0.5050844375272545	-0.5285194785307812
10641	35	36	Lingual Gyrus	zstat	0.4865777412957327	-0.2646842230156607
10641	36	37	Temporal Fusiform Cortex, anterior division	zstat	-0.0534075285730791	-0.661409876613171
10641	37	38	Temporal Fusiform Cortex, posterior division	zstat	-0.06254145100920361	-0.49106980488856405
10641	38	39	Temporal Occipital Fusiform Cortex	zstat	0.0035748336630921592	-0.7145926053712615
10641	39	40	Occipital Fusiform Gyrus	zstat	0.5959221811141656	-0.15856542692014902
10641	40	41	Frontal Operculum Cortex	zstat	-0.09003106037843503	-0.8099813195201764
10641	41	42	Central Opercular Cortex	zstat	0.180732163429884	-0.3325842650508395
10641	42	43	Parietal Operculum Cortex	zstat	0.4550953188664067	-0.027630872140416336
10641	43	44	Planum Polare	zstat	-0.0215401824853447	-0.7368916263857159
10641	44	45	Heschl's Gyrus (includes H1 and H2)	zstat	-0.17448942862399575	-1.1198792342238197
10641	45	46	Planum Temporale	zstat	0.04899391596456422	-0.619219165563666
10641	46	47	Supracalcarine Cortex	zstat	0.4627819534866734	-0.8692709531714308
10641	47	48	Occipital Pole	zstat	0.32423240031975953	0.10398286106015624
10642	0	1	Frontal Pole	zstat	-0.22320381235798187	0.8257817487096428
10642	1	2	Insular Cortex	zstat	-0.11014477744067305	0.12729906176105313
10642	2	3	Superior Frontal Gyrus	zstat	-0.32849978116118406	1.229083416848189
10642	3	4	Middle Frontal Gyrus	zstat	0.03183067831706462	0.777912467756754
10642	4	5	Inferior Frontal Gyrus, pars triangularis	zstat	0.00351517746244224	0.23923008146465097
10642	5	6	Inferior Frontal Gyrus, pars opercularis	zstat	-0.11364589492205295	-0.29647994979862885
10642	6	7	Precentral Gyrus	zstat	0.03771674771220266	0.3606151434824597
10642	7	8	Temporal Pole	zstat	-0.7677138492392525	-0.006716345437163369
10642	8	9	Superior Temporal Gyrus, anterior division	zstat	-0.7535701847393423	-0.07899521032396035
10642	9	10	Superior Temporal Gyrus, posterior division	zstat	-0.031625254438772746	0.4833979414528018
10642	10	11	Middle Temporal Gyrus, anterior division	zstat	-0.7041436047432249	-0.16926935184955486
10642	11	12	Middle Temporal Gyrus, posterior division	zstat	-0.1599955082967189	0.8716476217724761
10642	12	13	Middle Temporal Gyrus, temporooccipital part	zstat	0.2758828935065986	-0.5010272022849142
10642	13	14	Inferior Temporal Gyrus, anterior division	zstat	-0.7619468019944589	-1.201046755195722
10642	14	15	Inferior Temporal Gyrus, posterior division	zstat	-0.37691684821780624	0.37672884232313486
10642	15	16	Inferior Temporal Gyrus, temporooccipital part	zstat	-0.3447877180143807	-0.5211177466353819
10642	16	17	Postcentral Gyrus	zstat	0.15038482644828036	0.3834573318309191
10642	17	18	Superior Parietal Lobule	zstat	0.2489235971324339	-0.6193776113809798
10642	18	19	Supramarginal Gyrus, anterior division	zstat	0.22416846695511292	-0.3878354939300119
10642	19	20	Supramarginal Gyrus, posterior division	zstat	0.17647798471074125	-0.18921106596008522
10642	20	21	Angular Gyrus	zstat	-0.18734281869783354	0.39409820207951324
10642	21	22	Lateral Occipital Cortex, superior division	zstat	0.173773228070945	0.06807970691694541
10642	22	23	Lateral Occipital Cortex, inferior division	zstat	-0.7432212312695745	-0.5969164985365395
10642	23	24	Intracalcarine Cortex	zstat	0.2343122826568449	-0.3836780382702598
10642	24	25	Frontal Medial Cortex	zstat	-0.41164917927169314	1.7619958429808682
10642	25	26	Juxtapositional Lobule Cortex (formerly Supplementary Motor Cortex)	zstat	0.23910692407249323	-0.13041893642464955
10642	26	27	Subcallosal Cortex	zstat	-0.6636240281988508	0.718602796128163
10642	27	28	Paracingulate Gyrus	zstat	-0.3350559541591696	1.4022493665246745
10642	28	29	Cingulate Gyrus, anterior division	zstat	-0.665116366800572	0.29200925122957844
10642	29	30	Cingulate Gyrus, posterior division	zstat	-0.32167800825781057	1.181519342512624
10642	30	31	Precuneous Cortex	zstat	0.22936549612415413	1.1407076246004073
10642	31	32	Cuneal Cortex	zstat	0.560699984520611	-0.20923657312177682
10642	32	33	Frontal Orbital Cortex	zstat	-0.3318546439895222	0.2839714758759996
10642	33	34	Parahippocampal Gyrus, anterior division	zstat	-0.19372306663163863	-0.4751489921269497
10642	34	35	Parahippocampal Gyrus, posterior division	zstat	-0.3642294996312626	0.10535291989711729
10642	35	36	Lingual Gyrus	zstat	0.13168113555076724	-0.29376166768537965
10642	36	37	Temporal Fusiform Cortex, anterior division	zstat	-0.5388999303525432	-1.1981790400281918
10642	37	38	Temporal Fusiform Cortex, posterior division	zstat	-0.3488865680004776	-0.2940646825160305
10642	38	39	Temporal Occipital Fusiform Cortex	zstat	-0.9696065176355823	-0.47489723798866884
10642	39	40	Occipital Fusiform Gyrus	zstat	0.30240872293349	-0.5780786912103865
10642	40	41	Frontal Operculum Cortex	zstat	-0.06829463527733538	-0.28093486046589744
10642	41	42	Central Opercular Cortex	zstat	0.10269094024930979	0.4643907091748297
10642	42	43	Parietal Operculum Cortex	zstat	-0.21191840265525344	0.33571102337633685
10642	43	44	Planum Polare	zstat	-0.29051474553203205	-0.1968350204379646
10642	44	45	Heschl's Gyrus (includes H1 and H2)	zstat	0.18456406621927662	1.1624948216134399
10642	45	46	Planum Temporale	zstat	-0.08053767844425756	0.9541951951001953
10642	46	47	Supracalcarine Cortex	zstat	0.43049036466734525	0.11334915970888068
10642	47	48	Occipital Pole	zstat	-0.23706944332279561	-0.33052092469676475
10647	0	1	Frontal Pole	zstat	-0.422029057110015	-0.5143494465074722
10647	1	2	Insular Cortex	zstat	-0.13666994744753388	0.06841742321331203
10647	2	3	Superior Frontal Gyrus	zstat	-0.4745344934132474	-0.7733460438697448
10647	3	4	Middle Frontal Gyrus	zstat	-0.2516556104893739	-0.1541605581936164
10647	4	5	Inferior Frontal Gyrus, pars triangularis	zstat	-1.0966712139790382	0.016794199664735793
10647	5	6	Inferior Frontal Gyrus, pars opercularis	zstat	-0.6779449361265675	0.394834585475725
10647	6	7	Precentral Gyrus	zstat	-0.6299964541531643	0.09857337694355721
10647	7	8	Temporal Pole	zstat	-0.5502418646296897	-0.1470415370253237
10647	8	9	Superior Temporal Gyrus, anterior division	zstat	-1.1490431806932275	0.22479679361702157
10647	9	10	Superior Temporal Gyrus, posterior division	zstat	-0.7345200218630701	0.20839455370264365
10647	10	11	Middle Temporal Gyrus, anterior division	zstat	-0.29167278371125793	-0.4305027380248587
10647	11	12	Middle Temporal Gyrus, posterior division	zstat	-0.33722792083550274	-0.06968882663942229
10647	12	13	Middle Temporal Gyrus, temporooccipital part	zstat	-0.6144382344540059	1.1787533325575832
10647	13	14	Inferior Temporal Gyrus, anterior division	zstat	-0.6454294270783465	0.634540115257163
10647	14	15	Inferior Temporal Gyrus, posterior division	zstat	-0.36230538148503183	0.4056278051113598
10647	15	16	Inferior Temporal Gyrus, temporooccipital part	zstat	-1.1375517851278645	0.3401179125601141
10647	16	17	Postcentral Gyrus	zstat	-0.4231815483710607	-0.12798343684159866
10647	17	18	Superior Parietal Lobule	zstat	-0.4920831347221088	0.5546238454305652
10647	18	19	Supramarginal Gyrus, anterior division	zstat	-0.33482412514740306	0.7723677421431704
10647	19	20	Supramarginal Gyrus, posterior division	zstat	-0.32557553543742257	0.18264592697740079
10647	20	21	Angular Gyrus	zstat	-0.3981737415359455	-0.6396248991688924
10647	21	22	Lateral Occipital Cortex, superior division	zstat	-1.0214866793361363	0.6469902328079272
10647	22	23	Lateral Occipital Cortex, inferior division	zstat	-0.9653959643192241	0.2924680206328271
10647	23	24	Intracalcarine Cortex	zstat	-0.09287470492017039	1.9808671957911046
10647	24	25	Frontal Medial Cortex	zstat	-0.6165421263162866	-0.011683198144487667
10647	25	26	Juxtapositional Lobule Cortex (formerly Supplementary Motor Cortex)	zstat	-0.38268515583429785	-0.8535611049635524
10647	26	27	Subcallosal Cortex	zstat	-0.04312514598624637	-0.07146004364521315
10647	27	28	Paracingulate Gyrus	zstat	0.055277653711579444	-0.5145701518600151
10647	28	29	Cingulate Gyrus, anterior division	zstat	-0.41827111815569046	-0.4298227291007406
10647	29	30	Cingulate Gyrus, posterior division	zstat	-0.8242092947136345	-0.16541880508828244
10647	30	31	Precuneous Cortex	zstat	-0.7495094886695906	-0.3172610436705328
10647	31	32	Cuneal Cortex	zstat	-0.05601684292370532	1.2423188166750674
10647	32	33	Frontal Orbital Cortex	zstat	-0.43234577558916343	-0.6165434222480337
10647	33	34	Parahippocampal Gyrus, anterior division	zstat	0.2077714843568351	0.3687237939726256
10647	34	35	Parahippocampal Gyrus, posterior division	zstat	-0.25324081477867266	-0.2389572728155093
10647	35	36	Lingual Gyrus	zstat	-0.3795786950263093	1.439395721095354
10647	36	37	Temporal Fusiform Cortex, anterior division	zstat	-0.3734876085667217	0.7418548392911329
10647	37	38	Temporal Fusiform Cortex, posterior division	zstat	-0.4514108509303787	0.34849380417704895
10647	38	39	Temporal Occipital Fusiform Cortex	zstat	-0.9924842874198174	0.17432857985535863
10647	39	40	Occipital Fusiform Gyrus	zstat	-0.33563435623235005	0.6948433411159889
10647	40	41	Frontal Operculum Cortex	zstat	-1.035548238138504	-0.7415577207746751
10647	41	42	Central Opercular Cortex	zstat	-0.2096821181465021	-0.21539391685294976
10647	42	43	Parietal Operculum Cortex	zstat	-0.5273969007341598	0.3106805149508347
10647	43	44	Planum Polare	zstat	0.1596490858328877	0.6327507197536983
10647	44	45	Heschl's Gyrus (includes H1 and H2)	zstat	-0.013793360967669756	0.16530692702039115
10647	45	46	Planum Temporale	zstat	-0.10656321379020707	0.5393839700875025
10647	46	47	Supracalcarine Cortex	zstat	-0.07316906516876151	1.647000014781952
10647	47	48	Occipital Pole	zstat	-0.6470044137654661	0.03948845489265108
10656	0	1	Frontal Pole	zstat	-0.6317437978723202	-0.1232544160608861
10656	1	2	Insular Cortex	zstat	-0.4778789985393218	0.3242882883121817
10656	2	3	Superior Frontal Gyrus	zstat	-0.4196514756303561	-0.4117054617272105
10656	3	4	Middle Frontal Gyrus	zstat	-0.5989210123608327	-0.019403569003978535
10656	4	5	Inferior Frontal Gyrus, pars triangularis	zstat	-0.9724227664671804	-0.309939299957611
10656	5	6	Inferior Frontal Gyrus, pars opercularis	zstat	-0.871211270239121	-0.21084105910613898
10656	6	7	Precentral Gyrus	zstat	-0.5640778379930942	0.5710509457420431
10656	7	8	Temporal Pole	zstat	-0.7411946313982255	-0.16348268449959014
10656	8	9	Superior Temporal Gyrus, anterior division	zstat	-0.8973722969587796	-0.14228433868728388
10656	9	10	Superior Temporal Gyrus, posterior division	zstat	-0.647347953893976	-0.22491973026654857
10656	10	11	Middle Temporal Gyrus, anterior division	zstat	-0.7320698225412018	-0.2746299137694956
10656	11	12	Middle Temporal Gyrus, posterior division	zstat	-0.4278004855612797	-0.7606705978279013
10656	12	13	Middle Temporal Gyrus, temporooccipital part	zstat	-0.6156107565133315	-0.3820099915205495
10656	13	14	Inferior Temporal Gyrus, anterior division	zstat	-0.8111354307927323	-0.036787863944783894
10656	14	15	Inferior Temporal Gyrus, posterior division	zstat	-0.1307208925721023	-0.421708550463697
10656	15	16	Inferior Temporal Gyrus, temporooccipital part	zstat	-0.5849121550407345	-0.19242474070312315
10656	16	17	Postcentral Gyrus	zstat	-0.5786356721286986	0.6906470729200088
10656	17	18	Superior Parietal Lobule	zstat	-0.3676416386307518	0.16366330274867183
10656	18	19	Supramarginal Gyrus, anterior division	zstat	-0.5254966527633197	0.7926241879825722
10656	19	20	Supramarginal Gyrus, posterior division	zstat	-0.31823478147890527	0.0039031033111559983
10656	20	21	Angular Gyrus	zstat	-0.38802997493071345	-0.14984541755951297
10656	21	22	Lateral Occipital Cortex, superior division	zstat	-0.6918063043435151	0.020930185877503223
10656	22	23	Lateral Occipital Cortex, inferior division	zstat	-1.0408469228918236	-0.19857780940019595
10656	23	24	Intracalcarine Cortex	zstat	-1.4776748331872465	0.8962594642767507
10656	24	25	Frontal Medial Cortex	zstat	-0.6615696123517152	-0.48450616137818137
10656	25	26	Juxtapositional Lobule Cortex (formerly Supplementary Motor Cortex)	zstat	-0.9982213390789725	0.5078794590930605
10656	26	27	Subcallosal Cortex	zstat	-0.6257839940577888	0.29006437153036063
10656	27	28	Paracingulate Gyrus	zstat	-0.31716787261801815	-0.1292061562302532
10656	28	29	Cingulate Gyrus, anterior division	zstat	-0.3987755880151457	-0.12879500990743123
10656	29	30	Cingulate Gyrus, posterior division	zstat	-0.7580952568256429	-0.003813636972568929
10656	30	31	Precuneous Cortex	zstat	-0.41284864608715666	0.28231857109421454
10656	31	32	Cuneal Cortex	zstat	-1.280636696881117	1.115373070781303
10656	32	33	Frontal Orbital Cortex	zstat	-0.6538649362442213	0.07652441808646597
10656	33	34	Parahippocampal Gyrus, anterior division	zstat	-0.45896002266708497	-0.4508688805513578
10656	34	35	Parahippocampal Gyrus, posterior division	zstat	-0.2417527669781538	0.12708868450783897
10656	35	36	Lingual Gyrus	zstat	-1.0549151996129875	0.9815267579056896
10656	36	37	Temporal Fusiform Cortex, anterior division	zstat	-0.873693146881588	-0.004622447578540296
10656	37	38	Temporal Fusiform Cortex, posterior division	zstat	-0.29248802889184145	-0.060264715099933266
10656	38	39	Temporal Occipital Fusiform Cortex	zstat	-1.142468777171102	-0.29583811703530455
10656	39	40	Occipital Fusiform Gyrus	zstat	-1.1891355413625968	0.6735298034403222
10656	40	41	Frontal Operculum Cortex	zstat	-0.6742728553720194	-0.5322620716188573
10656	41	42	Central Opercular Cortex	zstat	-0.5816792772975825	0.7091007263267712
10656	42	43	Parietal Operculum Cortex	zstat	-0.7017909571561527	0.9001157407313207
10656	43	44	Planum Polare	zstat	-0.6362298699984512	0.41055173272594014
10656	44	45	Heschl's Gyrus (includes H1 and H2)	zstat	-0.5620304622391264	0.6143468147302519
10656	45	46	Planum Temporale	zstat	-0.5178486780119013	0.8785437244065416
10656	46	47	Supracalcarine Cortex	zstat	-1.319786548485702	1.2474067188363442
10656	47	48	Occipital Pole	zstat	-0.5910156251438426	0.2959089360906515
10661	0	1	Frontal Pole	zstat	0.6760647710948495	-0.1278282419467217
10661	1	2	Insular Cortex	zstat	0.5175337521664676	-0.02799178082532904
10661	2	3	Superior Frontal Gyrus	zstat	0.3805407054485238	-0.3995775897944377
10661	3	4	Middle Frontal Gyrus	zstat	0.533865405350741	0.039063427242987545
10661	4	5	Inferior Frontal Gyrus, pars triangularis	zstat	0.44131597141930706	0.43170442625228345
10661	5	6	Inferior Frontal Gyrus, pars opercularis	zstat	0.7618502783162786	-0.02033812987235579
10661	6	7	Precentral Gyrus	zstat	0.4342248649578729	-0.16631278317974715
10661	7	8	Temporal Pole	zstat	0.1351645398988218	-0.06051074228375479
10661	8	9	Superior Temporal Gyrus, anterior division	zstat	0.3944930593769711	0.38842481394531203
10661	9	10	Superior Temporal Gyrus, posterior division	zstat	0.37147724751213734	-0.2617684659729908
10661	10	11	Middle Temporal Gyrus, anterior division	zstat	0.08607680667191744	0.47101374697774206
10661	11	12	Middle Temporal Gyrus, posterior division	zstat	0.4168058987769306	-0.09037809858647113
10661	12	13	Middle Temporal Gyrus, temporooccipital part	zstat	0.9126554135094811	-0.023591442663284043
10661	13	14	Inferior Temporal Gyrus, anterior division	zstat	-0.13061146286575223	0.34409910493899554
10661	14	15	Inferior Temporal Gyrus, posterior division	zstat	0.28365879815418743	-0.11527257951434924
10661	15	16	Inferior Temporal Gyrus, temporooccipital part	zstat	0.6930602180146883	-0.13830053570259834
10661	16	17	Postcentral Gyrus	zstat	0.5263869047816843	-0.5795507029212161
10661	17	18	Superior Parietal Lobule	zstat	0.8883698467596671	-0.14737184699245892
10661	18	19	Supramarginal Gyrus, anterior division	zstat	0.8312899392262032	-0.9524078610124653
10661	19	20	Supramarginal Gyrus, posterior division	zstat	0.5990025643605387	-0.6173633305763163
10661	20	21	Angular Gyrus	zstat	0.7260735445386414	-0.23560187390764353
10661	21	22	Lateral Occipital Cortex, superior division	zstat	0.263761573270857	0.04177435958142769
10661	22	23	Lateral Occipital Cortex, inferior division	zstat	0.022382098943141773	0.12703937635775928
10661	23	24	Intracalcarine Cortex	zstat	0.06027261582692425	1.1762367960161635
10661	24	25	Frontal Medial Cortex	zstat	0.19214076765793117	0.7589592036843987
10661	25	26	Juxtapositional Lobule Cortex (formerly Supplementary Motor Cortex)	zstat	-0.041471621820803835	-0.37247449984676456
10661	26	27	Subcallosal Cortex	zstat	-0.18075769079687934	0.2755581443592046
10661	27	28	Paracingulate Gyrus	zstat	0.4362858811572023	-0.5770804053241305
10661	28	29	Cingulate Gyrus, anterior division	zstat	0.20302239713015235	0.1836095471379063
10661	29	30	Cingulate Gyrus, posterior division	zstat	0.2223105838415878	-0.021544204809029386
10661	30	31	Precuneous Cortex	zstat	0.1935527008054533	0.21282575021005684
10661	31	32	Cuneal Cortex	zstat	-0.2557805444324542	0.038147272098140415
10661	32	33	Frontal Orbital Cortex	zstat	0.9126664953570565	0.022178762988128195
10661	33	34	Parahippocampal Gyrus, anterior division	zstat	0.30406868381918184	-0.021479345155484247
10661	34	35	Parahippocampal Gyrus, posterior division	zstat	0.43234693480848846	-0.3362817704431572
10661	35	36	Lingual Gyrus	zstat	-0.09995508768204797	0.00034688658209193333
10661	36	37	Temporal Fusiform Cortex, anterior division	zstat	0.7057870063560863	0.017362518262461567
10661	37	38	Temporal Fusiform Cortex, posterior division	zstat	0.4871166609343872	-0.07879587385215173
10661	38	39	Temporal Occipital Fusiform Cortex	zstat	-0.006243885524030337	0.38927837487842354
10661	39	40	Occipital Fusiform Gyrus	zstat	0.09754317841387214	0.5073256931482709
10661	40	41	Frontal Operculum Cortex	zstat	0.2926493086832568	-0.4553085846372512
10661	41	42	Central Opercular Cortex	zstat	0.3740946993451887	-0.3720410431329727
10661	42	43	Parietal Operculum Cortex	zstat	0.13446155866193774	-0.8630717068311976
10661	43	44	Planum Polare	zstat	0.5653617466988312	-0.054294892177981044
10661	44	45	Heschl's Gyrus (includes H1 and H2)	zstat	0.5705607336804203	-0.07102956644405314
10661	45	46	Planum Temporale	zstat	0.5254453838934446	-0.5383859114654341
10661	46	47	Supracalcarine Cortex	zstat	-0.4753588572976754	1.055408884394676
10661	47	48	Occipital Pole	zstat	0.24587185240934384	0.30107241476367735
10663	0	1	Frontal Pole	zstat	0.027590850441515373	0.5414711361469352
10663	1	2	Insular Cortex	zstat	-0.5167547988459147	0.24367010030219405
10663	2	3	Superior Frontal Gyrus	zstat	-0.47375550266199384	0.8188620394545386
10663	3	4	Middle Frontal Gyrus	zstat	-0.07962486715499026	0.9174463017943693
10663	4	5	Inferior Frontal Gyrus, pars triangularis	zstat	-0.38866767957052956	-0.029755854613891027
10663	5	6	Inferior Frontal Gyrus, pars opercularis	zstat	-0.48335811477323276	0.19075310114965008
10663	6	7	Precentral Gyrus	zstat	-0.5149027693926578	0.4772918533235992
10663	7	8	Temporal Pole	zstat	-0.570845066304559	-0.4118651547704331
10663	8	9	Superior Temporal Gyrus, anterior division	zstat	-0.56137287642759	-0.11613147454515386
10663	9	10	Superior Temporal Gyrus, posterior division	zstat	-0.8266340445571385	-0.03993930203640567
10663	10	11	Middle Temporal Gyrus, anterior division	zstat	-0.5519414506607634	-0.3414460751506041
10663	11	12	Middle Temporal Gyrus, posterior division	zstat	-0.2891616440038086	0.2094116815772902
10663	12	13	Middle Temporal Gyrus, temporooccipital part	zstat	-0.5595591099624697	0.6987550254314536
10663	13	14	Inferior Temporal Gyrus, anterior division	zstat	-0.4285149531075235	-0.6217642534391944
10663	14	15	Inferior Temporal Gyrus, posterior division	zstat	-0.18071447669976534	-0.5871346111723249
10663	15	16	Inferior Temporal Gyrus, temporooccipital part	zstat	-0.12497258212598937	0.4840985774420942
10663	16	17	Postcentral Gyrus	zstat	-0.8945661607023794	0.7037627720096877
10663	17	18	Superior Parietal Lobule	zstat	-0.026464735066733296	0.36121771103895595
10663	18	19	Supramarginal Gyrus, anterior division	zstat	-1.2284703334631761	0.7144630100457343
10663	19	20	Supramarginal Gyrus, posterior division	zstat	-0.719880162163109	0.31967813395297257
10663	20	21	Angular Gyrus	zstat	-0.6775935292113581	0.32696610789058506
10663	21	22	Lateral Occipital Cortex, superior division	zstat	0.259455708998166	0.9160629328754298
10663	22	23	Lateral Occipital Cortex, inferior division	zstat	0.2844922063007507	1.0038594786613613
10663	23	24	Intracalcarine Cortex	zstat	0.016292486444898384	1.1327773675746973
10663	24	25	Frontal Medial Cortex	zstat	-0.1419227722807662	0.6083082540079634
10663	25	26	Juxtapositional Lobule Cortex (formerly Supplementary Motor Cortex)	zstat	-0.7460442712039661	0.2747521769850062
10663	26	27	Subcallosal Cortex	zstat	0.26157226241731013	0.09153888568353767
10663	27	28	Paracingulate Gyrus	zstat	0.2547758823207138	0.512482334723319
10663	28	29	Cingulate Gyrus, anterior division	zstat	-0.009793132634451652	0.3549299576039568
10663	29	30	Cingulate Gyrus, posterior division	zstat	0.06056941208881991	0.5557935789403772
10663	30	31	Precuneous Cortex	zstat	0.016622645597043045	0.557084055833374
10663	31	32	Cuneal Cortex	zstat	-0.2458280946351092	0.8378876877979359
10663	32	33	Frontal Orbital Cortex	zstat	-0.2447275720333789	-0.17961780214025905
10663	33	34	Parahippocampal Gyrus, anterior division	zstat	-0.04251510757165838	-0.6376794758294009
10663	34	35	Parahippocampal Gyrus, posterior division	zstat	-0.6797327917473356	-0.4241108047196044
10663	35	36	Lingual Gyrus	zstat	-0.21578417055644397	0.6145969885020603
10663	36	37	Temporal Fusiform Cortex, anterior division	zstat	0.3435855138227872	-0.4818886320060449
10663	37	38	Temporal Fusiform Cortex, posterior division	zstat	-0.32384239400860415	-0.10825050328922316
10663	38	39	Temporal Occipital Fusiform Cortex	zstat	-0.08698560725825975	0.8483938985649413
10663	39	40	Occipital Fusiform Gyrus	zstat	0.829704058107643	1.2220587380122199
10663	40	41	Frontal Operculum Cortex	zstat	-0.9892404764282181	-0.33909913934762353
10663	41	42	Central Opercular Cortex	zstat	-0.6353584088636371	0.4392654792019207
10663	42	43	Parietal Operculum Cortex	zstat	-1.0475040162555391	0.09943233426249004
10663	43	44	Planum Polare	zstat	-0.46741387313445104	-0.6594297315886258
10663	44	45	Heschl's Gyrus (includes H1 and H2)	zstat	-0.910630779016027	-0.06864372116174497
10663	45	46	Planum Temporale	zstat	-0.8124592691960478	0.09887103125107297
10663	46	47	Supracalcarine Cortex	zstat	0.3201559979686553	1.6048012083158532
10663	47	48	Occipital Pole	zstat	0.7916847685775457	0.14697412053370096
10668	0	1	Frontal Pole	zstat	0.048994945796162565	-0.7545112940035245
10668	1	2	Insular Cortex	zstat	-0.11242224189508768	1.0058342244189336
10668	2	3	Superior Frontal Gyrus	zstat	-0.32984035855681365	-0.3787925812052902
10668	3	4	Middle Frontal Gyrus	zstat	-0.589645645547426	-0.685970455039227
10668	4	5	Inferior Frontal Gyrus, pars triangularis	zstat	-0.8290053988388235	-0.20494573445747172
10668	5	6	Inferior Frontal Gyrus, pars opercularis	zstat	-0.9705512469952933	-0.10082898611292852
10668	6	7	Precentral Gyrus	zstat	-0.11890295494281307	0.7151427716079417
10668	7	8	Temporal Pole	zstat	-0.029211697933423098	0.6061141299616002
10668	8	9	Superior Temporal Gyrus, anterior division	zstat	-0.5460690331263229	1.0041123471198938
10668	9	10	Superior Temporal Gyrus, posterior division	zstat	-0.8231189158841871	0.16029640178257742
10668	10	11	Middle Temporal Gyrus, anterior division	zstat	0.1097196153420677	0.026392750100079757
10668	11	12	Middle Temporal Gyrus, posterior division	zstat	-0.5631492024707977	-0.27575305641971953
10668	12	13	Middle Temporal Gyrus, temporooccipital part	zstat	-0.5984079756527326	0.5356145906326152
10668	13	14	Inferior Temporal Gyrus, anterior division	zstat	0.2783977134406743	-0.8149310310079149
10668	14	15	Inferior Temporal Gyrus, posterior division	zstat	0.009356483735016108	-0.3460717061642937
10668	15	16	Inferior Temporal Gyrus, temporooccipital part	zstat	0.1347940038212168	0.2688171969139284
10668	16	17	Postcentral Gyrus	zstat	0.2019719227667488	0.6968410906713436
10668	17	18	Superior Parietal Lobule	zstat	-0.06038809044722326	0.1343453152892314
10668	18	19	Supramarginal Gyrus, anterior division	zstat	-0.08431643362165671	0.9944666271102269
10668	19	20	Supramarginal Gyrus, posterior division	zstat	-0.6622189636621172	0.3869422618401979
10668	20	21	Angular Gyrus	zstat	-0.40814692995184204	0.34311693929121617
10668	21	22	Lateral Occipital Cortex, superior division	zstat	0.12968855305901625	0.590284046877541
10668	22	23	Lateral Occipital Cortex, inferior division	zstat	-0.16484135063148228	0.5806191150351233
10668	23	24	Intracalcarine Cortex	zstat	0.1663550358190444	1.472278592164052
10668	24	25	Frontal Medial Cortex	zstat	-0.005761203947245864	-0.4806487128825475
10668	25	26	Juxtapositional Lobule Cortex (formerly Supplementary Motor Cortex)	zstat	0.08047640171453413	1.2299876609515097
10668	26	27	Subcallosal Cortex	zstat	0.28439337460037606	0.3830742324702442
10668	27	28	Paracingulate Gyrus	zstat	0.17662338040154094	-0.4680986058667642
10668	28	29	Cingulate Gyrus, anterior division	zstat	0.05430533643959927	-0.10898889517803752
10668	29	30	Cingulate Gyrus, posterior division	zstat	0.20884634848474526	-0.45247333407295603
10668	30	31	Precuneous Cortex	zstat	0.1935810262530899	-0.05373348704412005
10668	31	32	Cuneal Cortex	zstat	0.8784923988281896	0.8637896435998149
10668	32	33	Frontal Orbital Cortex	zstat	0.23669394949175543	-0.31031450588908566
10668	33	34	Parahippocampal Gyrus, anterior division	zstat	0.13460981815576178	0.42434853073078493
10668	34	35	Parahippocampal Gyrus, posterior division	zstat	0.018203166989996186	0.784577359093072
10668	35	36	Lingual Gyrus	zstat	0.36520936158448003	1.1592686905891367
10668	36	37	Temporal Fusiform Cortex, anterior division	zstat	0.42328250560090475	0.8387609077155167
10668	37	38	Temporal Fusiform Cortex, posterior division	zstat	-0.07647274157190964	0.2171113546823493
10668	38	39	Temporal Occipital Fusiform Cortex	zstat	0.31122080998699003	0.49118830007374636
10668	39	40	Occipital Fusiform Gyrus	zstat	-0.011236071143287236	0.3031252707537714
10668	40	41	Frontal Operculum Cortex	zstat	0.17720514545442162	0.7895646204921503
10668	41	42	Central Opercular Cortex	zstat	-0.3420634484860795	1.264163873398139
10668	42	43	Parietal Operculum Cortex	zstat	-0.16927709600543675	1.4270423106296073
10668	43	44	Planum Polare	zstat	-0.8163726218809011	0.8221111998632052
10668	44	45	Heschl's Gyrus (includes H1 and H2)	zstat	-0.5516787664149352	0.5502938357834202
10668	45	46	Planum Temporale	zstat	-0.5640297363934021	0.7835608010152562
10668	46	47	Supracalcarine Cortex	zstat	0.6999712985088217	1.7016136166738702
10668	47	48	Occipital Pole	zstat	0.40063078830569254	-0.04041940571839585
10673	0	1	Frontal Pole	zstat	-0.3098691083909836	0.24216441753826598
10673	1	2	Insular Cortex	zstat	0.21419959076695808	-0.4452962063813055
10673	2	3	Superior Frontal Gyrus	zstat	-0.4848473284995617	-0.23522283135481575
10673	3	4	Middle Frontal Gyrus	zstat	-0.14225664608902575	0.3319157223551036
10673	4	5	Inferior Frontal Gyrus, pars triangularis	zstat	-0.7823037421533735	-0.20940440797851498
10673	5	6	Inferior Frontal Gyrus, pars opercularis	zstat	-0.4248939937209541	0.04453253505976153
10673	6	7	Precentral Gyrus	zstat	0.13067370416019067	-0.3237480406413551
10673	7	8	Temporal Pole	zstat	-0.4792101802340927	-0.2542289132062329
10673	8	9	Superior Temporal Gyrus, anterior division	zstat	-0.8483211730463573	-0.31601052862347273
10673	9	10	Superior Temporal Gyrus, posterior division	zstat	-0.14847249595158094	-0.2163407563839664
10673	10	11	Middle Temporal Gyrus, anterior division	zstat	-0.7672676570588417	-0.2311904987278603
10673	11	12	Middle Temporal Gyrus, posterior division	zstat	-0.39103510426310223	-0.045203250724837926
10673	12	13	Middle Temporal Gyrus, temporooccipital part	zstat	-0.9958850370618826	-0.23322744061165562
10673	13	14	Inferior Temporal Gyrus, anterior division	zstat	-0.49965311050933053	-0.4740332720715817
10673	14	15	Inferior Temporal Gyrus, posterior division	zstat	-0.10530134140417169	-0.1933238203758299
10673	15	16	Inferior Temporal Gyrus, temporooccipital part	zstat	-0.5748765969304924	-0.06148609945669148
10673	16	17	Postcentral Gyrus	zstat	-0.13768792161398186	-0.47605196507323694
10673	17	18	Superior Parietal Lobule	zstat	0.034726625417170955	-0.21902829614832137
10673	18	19	Supramarginal Gyrus, anterior division	zstat	0.22148696818794297	-0.17789767516005667
10673	19	20	Supramarginal Gyrus, posterior division	zstat	0.03426947426585782	-0.16043853553018306
10673	20	21	Angular Gyrus	zstat	-0.5625657378363501	0.19653685983034916
10673	21	22	Lateral Occipital Cortex, superior division	zstat	-0.308675159709505	0.05706301151875904
10673	22	23	Lateral Occipital Cortex, inferior division	zstat	-0.6350168371311291	-0.3310939416799218
10673	23	24	Intracalcarine Cortex	zstat	1.4334276380775686	-0.5639001030383399
10673	24	25	Frontal Medial Cortex	zstat	-0.2929474653293055	-0.1049913225405691
10673	25	26	Juxtapositional Lobule Cortex (formerly Supplementary Motor Cortex)	zstat	0.5536348746316287	-0.49003547882681675
10673	26	27	Subcallosal Cortex	zstat	-0.04315945443052512	0.049030876983530244
10673	27	28	Paracingulate Gyrus	zstat	0.010515366357776742	-0.29975150361616504
10673	28	29	Cingulate Gyrus, anterior division	zstat	0.389407472486278	-0.7150762582090064
10673	29	30	Cingulate Gyrus, posterior division	zstat	-0.17540660206787287	-0.1464923008848647
10673	30	31	Precuneous Cortex	zstat	0.00442561062292738	-0.10927541169588996
10673	31	32	Cuneal Cortex	zstat	0.3374437075846533	-0.29097348129678263
10673	32	33	Frontal Orbital Cortex	zstat	-0.1676453479975393	-0.09095489726505489
10673	33	34	Parahippocampal Gyrus, anterior division	zstat	-0.14079216461339183	-0.25121781334463317
10673	34	35	Parahippocampal Gyrus, posterior division	zstat	0.05071449953676114	-0.5422976195269686
10673	35	36	Lingual Gyrus	zstat	0.3172322087360806	-0.39949954192074927
10673	36	37	Temporal Fusiform Cortex, anterior division	zstat	-0.4560964514521208	-0.11444163457193274
10673	37	38	Temporal Fusiform Cortex, posterior division	zstat	-0.24238817874809468	-0.03162488699714347
10673	38	39	Temporal Occipital Fusiform Cortex	zstat	-0.12071631780562832	-0.9183271921999335
10673	39	40	Occipital Fusiform Gyrus	zstat	0.4118419406269478	-0.8197967562388732
10673	40	41	Frontal Operculum Cortex	zstat	0.2756734549247918	-0.35477177944316085
10673	41	42	Central Opercular Cortex	zstat	0.008524532194994936	-0.7524894015440892
10673	42	43	Parietal Operculum Cortex	zstat	-0.5044012097830927	-0.4042678384032327
10673	43	44	Planum Polare	zstat	-0.2617858606843875	-0.4782621284150554
10673	44	45	Heschl's Gyrus (includes H1 and H2)	zstat	-0.3581053752319089	-0.7301801995241216
10673	45	46	Planum Temporale	zstat	-0.18040663293315165	-0.8176103244120271
10673	46	47	Supracalcarine Cortex	zstat	0.958731113041335	-0.26100638885288796
10673	47	48	Occipital Pole	zstat	0.15101919480257095	-0.27489100799722627
10674	0	1	Frontal Pole	zstat	-0.030645128828821037	0.030253188543691044
10674	1	2	Insular Cortex	zstat	0.4327311311650699	-0.8366034469810507
10674	2	3	Superior Frontal Gyrus	zstat	-0.32388214733872034	0.3228787349479262
10674	3	4	Middle Frontal Gyrus	zstat	-0.24266523346638544	0.3165689139552425
10674	4	5	Inferior Frontal Gyrus, pars triangularis	zstat	-0.7097020223226779	-0.008682422748437887
10674	5	6	Inferior Frontal Gyrus, pars opercularis	zstat	-0.3034442004688832	-0.4708589210595198
10674	6	7	Precentral Gyrus	zstat	-0.09249079576255455	-0.10580247225541961
10674	7	8	Temporal Pole	zstat	-0.0217416396045067	-0.19916490414506527
10674	8	9	Superior Temporal Gyrus, anterior division	zstat	0.611773618339346	-0.83241098902833
10674	9	10	Superior Temporal Gyrus, posterior division	zstat	0.16453398623376747	-0.7190469626137721
10674	10	11	Middle Temporal Gyrus, anterior division	zstat	-0.245822553982986	-0.07012538016954464
10674	11	12	Middle Temporal Gyrus, posterior division	zstat	0.04470839779518026	-0.2771824271247442
10674	12	13	Middle Temporal Gyrus, temporooccipital part	zstat	0.01709180757303452	-0.20534228871973534
10674	13	14	Inferior Temporal Gyrus, anterior division	zstat	-0.5975503269472772	-0.6561704094428018
10674	14	15	Inferior Temporal Gyrus, posterior division	zstat	0.07976779372272848	-0.177778353363259
10674	15	16	Inferior Temporal Gyrus, temporooccipital part	zstat	0.21567456395197626	0.5436833332824423
10674	16	17	Postcentral Gyrus	zstat	-0.3637167225992712	0.5684391959499423
10674	17	18	Superior Parietal Lobule	zstat	-0.5311716685408917	0.11172710463259213
10674	18	19	Supramarginal Gyrus, anterior division	zstat	-0.07325650138470034	-0.22746101534166546
10674	19	20	Supramarginal Gyrus, posterior division	zstat	0.10123442656453384	-0.5206847555573552
10674	20	21	Angular Gyrus	zstat	-0.41794749780535595	-0.3177331043231516
10674	21	22	Lateral Occipital Cortex, superior division	zstat	0.00990531443770497	0.18580986656046578
10674	22	23	Lateral Occipital Cortex, inferior division	zstat	0.3797747599654143	-0.01563512115458588
10674	23	24	Intracalcarine Cortex	zstat	1.124972486697275	-0.3848965520026517
10674	24	25	Frontal Medial Cortex	zstat	0.884543539104151	0.6174535307653846
10674	25	26	Juxtapositional Lobule Cortex (formerly Supplementary Motor Cortex)	zstat	-0.28630141492278594	0.052450126848762504
10674	26	27	Subcallosal Cortex	zstat	0.8496032312548217	-0.10055210535871223
10674	27	28	Paracingulate Gyrus	zstat	0.6135266007102305	-0.035309315027419116
10674	28	29	Cingulate Gyrus, anterior division	zstat	0.5272873245271897	-0.014417787120969555
10674	29	30	Cingulate Gyrus, posterior division	zstat	0.21100945783280103	0.0514274491651782
10674	30	31	Precuneous Cortex	zstat	0.5276880876064501	0.024075227292305358
10674	31	32	Cuneal Cortex	zstat	0.9977022226736726	-0.4176001912736625
10674	32	33	Frontal Orbital Cortex	zstat	0.15805704500838008	0.08771422078450815
10674	33	34	Parahippocampal Gyrus, anterior division	zstat	0.2743943811647194	-0.22350999882518915
10674	34	35	Parahippocampal Gyrus, posterior division	zstat	0.26328260698443595	-0.04090434556370074
10674	35	36	Lingual Gyrus	zstat	0.6358149527964231	-0.137325794987997
10674	36	37	Temporal Fusiform Cortex, anterior division	zstat	-0.17215920327535122	-0.13631400524090367
10674	37	38	Temporal Fusiform Cortex, posterior division	zstat	-0.03652231472883199	0.38871324616732805
10674	38	39	Temporal Occipital Fusiform Cortex	zstat	0.4405165479672571	0.16742160178006882
10674	39	40	Occipital Fusiform Gyrus	zstat	0.5749478818456139	0.3280532045534809
10674	40	41	Frontal Operculum Cortex	zstat	0.18968018808572343	-0.36836619378936264
10674	41	42	Central Opercular Cortex	zstat	0.32752946853454024	-0.5385026005658327
10674	42	43	Parietal Operculum Cortex	zstat	-0.02627149045285367	-0.7432412786023965
10674	43	44	Planum Polare	zstat	0.5120494160445705	-1.0233245275289047
10674	44	45	Heschl's Gyrus (includes H1 and H2)	zstat	0.1153640208190762	-1.053768451068087
10674	45	46	Planum Temporale	zstat	0.141361774130656	-0.9363110626898087
10674	46	47	Supracalcarine Cortex	zstat	0.9691550646452828	-0.11409974946798955
10674	47	48	Occipital Pole	zstat	0.9491881285498021	-0.1216121596250497
10677	0	1	Frontal Pole	zstat	0.020386293796825734	0.08949630826432267
10677	1	2	Insular Cortex	zstat	0.027806809778205027	0.023981465900865036
10677	2	3	Superior Frontal Gyrus	zstat	-0.22360189439167882	-0.29127322476706974
10677	3	4	Middle Frontal Gyrus	zstat	-0.23236350875924894	0.1513751068154396
10677	4	5	Inferior Frontal Gyrus, pars triangularis	zstat	0.18019525747339843	-0.16222001759361032
10677	5	6	Inferior Frontal Gyrus, pars opercularis	zstat	-0.10511255923868071	0.23813549585841237
10677	6	7	Precentral Gyrus	zstat	-0.2901943531302667	-0.5965052247899714
10677	7	8	Temporal Pole	zstat	-0.3574007856573449	0.1212560421938038
10677	8	9	Superior Temporal Gyrus, anterior division	zstat	-0.09018627810045683	0.6982860098616817
10677	9	10	Superior Temporal Gyrus, posterior division	zstat	-0.40338067126357563	0.10052779510877301
10677	10	11	Middle Temporal Gyrus, anterior division	zstat	-0.3561021870280157	0.38190814459335004
10677	11	12	Middle Temporal Gyrus, posterior division	zstat	-0.3624604702116032	0.49315566233618796
10677	12	13	Middle Temporal Gyrus, temporooccipital part	zstat	-0.6715814579282073	0.04286353381772102
10677	13	14	Inferior Temporal Gyrus, anterior division	zstat	-1.1077781522359986	0.6393991980712707
10677	14	15	Inferior Temporal Gyrus, posterior division	zstat	-0.2340773576380119	0.5781975115707223
10677	15	16	Inferior Temporal Gyrus, temporooccipital part	zstat	0.13068349864994133	-0.37119254232544985
10677	16	17	Postcentral Gyrus	zstat	-0.4149032045631042	-0.4258220258519134
10677	17	18	Superior Parietal Lobule	zstat	0.654581591443848	-0.4223367726705905
10677	18	19	Supramarginal Gyrus, anterior division	zstat	-0.4705535498275249	0.3268407883832373
10677	19	20	Supramarginal Gyrus, posterior division	zstat	-0.40367029118508957	0.494974255537287
10677	20	21	Angular Gyrus	zstat	-0.6686373269312476	0.4165294648921956
10677	21	22	Lateral Occipital Cortex, superior division	zstat	-0.04225196469660358	-0.16775674427096135
10677	22	23	Lateral Occipital Cortex, inferior division	zstat	-0.1498068674857569	-0.9225899128598692
10677	23	24	Intracalcarine Cortex	zstat	0.21702133347531727	-0.10455430170664054
10677	24	25	Frontal Medial Cortex	zstat	-0.6411235539429633	0.7836196643699964
10677	25	26	Juxtapositional Lobule Cortex (formerly Supplementary Motor Cortex)	zstat	0.12380394253665833	-0.9440187822423272
10677	26	27	Subcallosal Cortex	zstat	0.09468089800883228	0.737727953724187
10677	27	28	Paracingulate Gyrus	zstat	0.34180905807373674	0.45967286377584066
10677	28	29	Cingulate Gyrus, anterior division	zstat	0.5992484897660225	0.4217208466740993
10677	29	30	Cingulate Gyrus, posterior division	zstat	0.08309382352588832	0.9683362359503018
10677	30	31	Precuneous Cortex	zstat	0.2597915346647546	0.08798425939833537
10677	31	32	Cuneal Cortex	zstat	0.11024766228060566	0.34758837939809983
10677	32	33	Frontal Orbital Cortex	zstat	0.009535740985872496	0.014353023724324482
10677	33	34	Parahippocampal Gyrus, anterior division	zstat	-0.3080190795260498	0.33893742200257093
10677	34	35	Parahippocampal Gyrus, posterior division	zstat	0.0386300811016897	0.9614102765988066
10677	35	36	Lingual Gyrus	zstat	0.08897999621256583	-0.04329263271635723
10677	36	37	Temporal Fusiform Cortex, anterior division	zstat	-0.5727814569886021	0.15401124817167297
10677	37	38	Temporal Fusiform Cortex, posterior division	zstat	-0.29256186148924385	0.513864654122544
10677	38	39	Temporal Occipital Fusiform Cortex	zstat	-0.030217404288044418	-0.2955294617141848
10677	39	40	Occipital Fusiform Gyrus	zstat	0.43106188180725397	-0.23681000213038564
10677	40	41	Frontal Operculum Cortex	zstat	-0.05240424169117913	-0.5350737053051811
10677	41	42	Central Opercular Cortex	zstat	0.22113207215545672	-0.41995912702227367
10677	42	43	Parietal Operculum Cortex	zstat	-0.0001580160971598577	-1.1210783486382156
10677	43	44	Planum Polare	zstat	0.09951801629042083	-0.20958066543649512
10677	44	45	Heschl's Gyrus (includes H1 and H2)	zstat	0.2138203881060799	0.8137690203290107
10677	45	46	Planum Temporale	zstat	-0.0018705922911598906	-0.05480576313256835
10677	46	47	Supracalcarine Cortex	zstat	0.5598857628300469	-0.5323760629175825
10677	47	48	Occipital Pole	zstat	-0.21413652767748337	-0.7805553599477634
10685	0	1	Frontal Pole	zstat	0.3361335058779522	0.14728323945405336
10685	1	2	Insular Cortex	zstat	-0.2576344419923443	-0.1404321429529132
10685	2	3	Superior Frontal Gyrus	zstat	0.2404664175483743	0.09904950644233122
10685	3	4	Middle Frontal Gyrus	zstat	1.0094007469564696	0.8036311980374053
10685	4	5	Inferior Frontal Gyrus, pars triangularis	zstat	-0.058418900024470526	-0.1777805718539898
10685	5	6	Inferior Frontal Gyrus, pars opercularis	zstat	0.2759056317002848	0.22638617605697986
10685	6	7	Precentral Gyrus	zstat	0.6606556235787201	-0.596319389198937
10685	7	8	Temporal Pole	zstat	-0.0496323922378194	-0.35048365923000924
10685	8	9	Superior Temporal Gyrus, anterior division	zstat	0.2003087342167512	-0.11205464026723534
10685	9	10	Superior Temporal Gyrus, posterior division	zstat	-0.11005847905339165	-0.0361371388446839
10685	10	11	Middle Temporal Gyrus, anterior division	zstat	0.14735528039745988	-0.07402799719755204
10685	11	12	Middle Temporal Gyrus, posterior division	zstat	0.10533095053334784	0.1764736857637717
10685	12	13	Middle Temporal Gyrus, temporooccipital part	zstat	0.4313061304899327	0.44538634061986937
10685	13	14	Inferior Temporal Gyrus, anterior division	zstat	0.012135849185508384	-0.7510184515984013
10685	14	15	Inferior Temporal Gyrus, posterior division	zstat	0.029415218118772308	0.25017393089933093
10685	15	16	Inferior Temporal Gyrus, temporooccipital part	zstat	1.3093498936260985	0.937228993507043
10685	16	17	Postcentral Gyrus	zstat	0.5710293410707306	-0.6751878856341152
10685	17	18	Superior Parietal Lobule	zstat	0.9201057507324074	0.3068477349203652
10685	18	19	Supramarginal Gyrus, anterior division	zstat	0.8361988456764569	0.6885316585983943
10685	19	20	Supramarginal Gyrus, posterior division	zstat	0.24546533942889623	0.5141737647578781
10685	20	21	Angular Gyrus	zstat	0.49217510151142474	0.7948461594450085
10685	21	22	Lateral Occipital Cortex, superior division	zstat	0.7404137280240815	0.715805986768987
10685	22	23	Lateral Occipital Cortex, inferior division	zstat	0.2180523016592046	0.47605334079849326
10685	23	24	Intracalcarine Cortex	zstat	0.5958035517233	0.7465292526651827
10685	24	25	Frontal Medial Cortex	zstat	0.49647421355471544	-0.4609776682504007
10685	25	26	Juxtapositional Lobule Cortex (formerly Supplementary Motor Cortex)	zstat	0.1128351922356209	-1.1211074645815078
10685	26	27	Subcallosal Cortex	zstat	0.027496336253646475	-0.5187615428334819
10685	27	28	Paracingulate Gyrus	zstat	-0.6689446086465762	0.5757680082179464
10685	28	29	Cingulate Gyrus, anterior division	zstat	-0.490998752557493	0.0659155487135156
10685	29	30	Cingulate Gyrus, posterior division	zstat	-0.6127042608705482	-0.31717330532015436
10685	30	31	Precuneous Cortex	zstat	0.4469660490477849	0.18784654380004873
10685	31	32	Cuneal Cortex	zstat	0.3594204373030293	0.0564536258883923
10685	32	33	Frontal Orbital Cortex	zstat	-0.21085784229179438	-0.3619019100759944
10685	33	34	Parahippocampal Gyrus, anterior division	zstat	0.11316706120877205	-0.08034133149333611
10685	34	35	Parahippocampal Gyrus, posterior division	zstat	0.23885730673506295	-0.34124653326031174
10685	35	36	Lingual Gyrus	zstat	0.43625896792158464	0.12826928029615461
10685	36	37	Temporal Fusiform Cortex, anterior division	zstat	0.6346002587493746	0.07952697889826504
10685	37	38	Temporal Fusiform Cortex, posterior division	zstat	0.16341442634369985	0.1320999009783577
10685	38	39	Temporal Occipital Fusiform Cortex	zstat	0.18514280727366406	0.697350625396718
10685	39	40	Occipital Fusiform Gyrus	zstat	0.3472892827345827	0.7903669489072692
10685	40	41	Frontal Operculum Cortex	zstat	-0.07453646433555342	0.48124615243487373
10685	41	42	Central Opercular Cortex	zstat	0.0006585081840929837	-0.6264719767893286
10685	42	43	Parietal Operculum Cortex	zstat	-0.29959119220741737	-0.7641470692800665
10685	43	44	Planum Polare	zstat	-0.565375593018128	-0.5529795522190175
10685	44	45	Heschl's Gyrus (includes H1 and H2)	zstat	-0.16302934504641983	-1.328313224292296
10685	45	46	Planum Temporale	zstat	-0.36186386382857394	-0.7898775897765341
10685	46	47	Supracalcarine Cortex	zstat	0.5569119249629055	0.6176894989528475
10685	47	48	Occipital Pole	zstat	0.7589817512038911	0.6785457122391237
10700	0	1	Frontal Pole	zstat	0.29462884234315484	-0.33071274302551223
10700	1	2	Insular Cortex	zstat	-0.11540252871317101	0.10401407654744169
10700	2	3	Superior Frontal Gyrus	zstat	0.30134202354019773	-0.009328712145042673
10700	3	4	Middle Frontal Gyrus	zstat	-0.009902092205723006	-0.06970237532405234
10700	4	5	Inferior Frontal Gyrus, pars triangularis	zstat	0.11527890989497099	-0.2933711581094481
10700	5	6	Inferior Frontal Gyrus, pars opercularis	zstat	-0.16213802429310784	0.4448248140565045
10700	6	7	Precentral Gyrus	zstat	-0.1714452880171432	0.24240284106374863
10700	7	8	Temporal Pole	zstat	0.17908549835883217	-0.3041967815881123
10700	8	9	Superior Temporal Gyrus, anterior division	zstat	0.14678583934616585	-0.16492364490762926
10700	9	10	Superior Temporal Gyrus, posterior division	zstat	-0.38459676230181156	-0.2932370438107422
10700	10	11	Middle Temporal Gyrus, anterior division	zstat	0.046946778144242605	-0.42180074507947457
10700	11	12	Middle Temporal Gyrus, posterior division	zstat	0.2432373274523091	-0.06222594945333537
10700	12	13	Middle Temporal Gyrus, temporooccipital part	zstat	-0.09009662737232085	-0.04248727239175806
10700	13	14	Inferior Temporal Gyrus, anterior division	zstat	-0.5413630124823515	-0.8967988977481517
10700	14	15	Inferior Temporal Gyrus, posterior division	zstat	0.08203786056015863	0.027124935200183907
10700	15	16	Inferior Temporal Gyrus, temporooccipital part	zstat	-0.11257192591872456	1.1274923156243628
10700	16	17	Postcentral Gyrus	zstat	-0.09715961349065132	0.04794090718914167
10700	17	18	Superior Parietal Lobule	zstat	-0.40168840928935734	0.7785340896752612
10700	18	19	Supramarginal Gyrus, anterior division	zstat	0.43999392651862257	0.881225291505042
10700	19	20	Supramarginal Gyrus, posterior division	zstat	-0.24112816582846053	-0.1370880752189928
10700	20	21	Angular Gyrus	zstat	-0.15943445614243618	-0.7383460995440474
10700	21	22	Lateral Occipital Cortex, superior division	zstat	0.1679388319217187	-0.007396172770868301
10700	22	23	Lateral Occipital Cortex, inferior division	zstat	-0.13476331134547348	0.6325654224078223
10700	23	24	Intracalcarine Cortex	zstat	0.2651403011095752	-0.0797370680902744
10700	24	25	Frontal Medial Cortex	zstat	0.5787641516695103	0.015232816794305624
10700	25	26	Juxtapositional Lobule Cortex (formerly Supplementary Motor Cortex)	zstat	0.320880868368329	0.5831398707193108
10700	26	27	Subcallosal Cortex	zstat	0.25281313500958136	-0.3416940270511147
10700	27	28	Paracingulate Gyrus	zstat	0.22616760275708186	0.10088134940265164
10700	28	29	Cingulate Gyrus, anterior division	zstat	0.2931647284445501	-0.1578641455500659
10700	29	30	Cingulate Gyrus, posterior division	zstat	0.30414176969908713	-0.935565721402477
10700	30	31	Precuneous Cortex	zstat	0.6286978031516787	-0.8696170789902777
10700	31	32	Cuneal Cortex	zstat	0.199718314989758	-0.02806753263356548
10700	32	33	Frontal Orbital Cortex	zstat	0.3297189992831851	-0.4103266869952675
10700	33	34	Parahippocampal Gyrus, anterior division	zstat	-0.25648628366558374	0.03495871881847229
10700	34	35	Parahippocampal Gyrus, posterior division	zstat	-0.26232738522812726	-0.39628324387419334
10700	35	36	Lingual Gyrus	zstat	-0.21394377180586308	-0.04024744827374778
10700	36	37	Temporal Fusiform Cortex, anterior division	zstat	-0.41849455012814374	0.5662508068015099
10700	37	38	Temporal Fusiform Cortex, posterior division	zstat	-0.29628101898887854	-0.02542632091537971
10700	38	39	Temporal Occipital Fusiform Cortex	zstat	-0.21461574896533467	0.08867705077780023
10700	39	40	Occipital Fusiform Gyrus	zstat	0.013297403937231306	0.18401096682797616
10700	40	41	Frontal Operculum Cortex	zstat	-0.4299757151469244	-0.1305335615331135
10700	41	42	Central Opercular Cortex	zstat	-0.13175881602725423	-0.009239873997873935
10700	42	43	Parietal Operculum Cortex	zstat	0.26602636916955297	0.1350358921511815
10700	43	44	Planum Polare	zstat	0.3321357575860159	-0.14844023281324456
10700	44	45	Heschl's Gyrus (includes H1 and H2)	zstat	-0.5462082642482482	-0.8214925076213798
10700	45	46	Planum Temporale	zstat	-0.3009224463372886	-0.16194473836026632
10700	46	47	Supracalcarine Cortex	zstat	0.2630786599115805	-0.6861642197720667
10700	47	48	Occipital Pole	zstat	0.5153105415173105	-0.31139129205803806
10701	0	1	Frontal Pole	zstat	-0.3198207714791319	0.1483702858234616
10701	1	2	Insular Cortex	zstat	0.10526634009994403	-0.5218928422485629
10701	2	3	Superior Frontal Gyrus	zstat	-0.8115229139114886	-0.09803505752462625
10701	3	4	Middle Frontal Gyrus	zstat	-0.2540742682540111	0.19514386694120522
10701	4	5	Inferior Frontal Gyrus, pars triangularis	zstat	-0.6545828386896648	-0.18153051457867408
10701	5	6	Inferior Frontal Gyrus, pars opercularis	zstat	-0.6527930430531416	-0.463806373445009
10701	6	7	Precentral Gyrus	zstat	-0.3167913029852116	0.18895665209183865
10701	7	8	Temporal Pole	zstat	-0.753612032484635	-0.1698092623304357
10701	8	9	Superior Temporal Gyrus, anterior division	zstat	-0.6174643017303867	0.38094798999910173
10701	9	10	Superior Temporal Gyrus, posterior division	zstat	-0.6377279043633055	-0.03492012975870499
10701	10	11	Middle Temporal Gyrus, anterior division	zstat	-0.48069903216439425	0.2557594641942336
10701	11	12	Middle Temporal Gyrus, posterior division	zstat	-0.6387714189355328	-0.18222881288862633
10701	12	13	Middle Temporal Gyrus, temporooccipital part	zstat	-0.23813952223997964	0.017171041302026173
10701	13	14	Inferior Temporal Gyrus, anterior division	zstat	-0.5649958884546026	-0.3315488718609882
10701	14	15	Inferior Temporal Gyrus, posterior division	zstat	-0.17499955009076407	0.09168040921045323
10701	15	16	Inferior Temporal Gyrus, temporooccipital part	zstat	-0.30837729650179496	0.26059918714350144
10701	16	17	Postcentral Gyrus	zstat	0.3317641513295973	0.6480993518293532
10701	17	18	Superior Parietal Lobule	zstat	0.21527459723459375	0.2961396374101103
10701	18	19	Supramarginal Gyrus, anterior division	zstat	0.7511161310998162	0.5181557015605331
10701	19	20	Supramarginal Gyrus, posterior division	zstat	-0.026060234313686002	0.11994774710745676
10701	20	21	Angular Gyrus	zstat	-0.13473530467980788	0.13798166889965305
10701	21	22	Lateral Occipital Cortex, superior division	zstat	-0.4486148386163096	0.8603116958225739
10701	22	23	Lateral Occipital Cortex, inferior division	zstat	-0.4969841824379438	0.5167445628952603
10701	23	24	Intracalcarine Cortex	zstat	-0.5828851476376913	1.191771479070405
10701	24	25	Frontal Medial Cortex	zstat	-0.5385664030182975	0.9349899760312037
10701	25	26	Juxtapositional Lobule Cortex (formerly Supplementary Motor Cortex)	zstat	-0.016826705458869756	-0.7125832346233388
10701	26	27	Subcallosal Cortex	zstat	0.015527762832621542	0.6978613212633018
10701	27	28	Paracingulate Gyrus	zstat	-0.7848855986118468	-0.06949157236992445
10701	28	29	Cingulate Gyrus, anterior division	zstat	-0.48797122291851613	-0.5191424719047618
10701	29	30	Cingulate Gyrus, posterior division	zstat	-0.9808171492320086	0.48583291770072123
10701	30	31	Precuneous Cortex	zstat	-0.4841810822968605	0.5741503168507461
10701	31	32	Cuneal Cortex	zstat	-0.3664450199093397	1.2122995281300843
10701	32	33	Frontal Orbital Cortex	zstat	-0.5763884897229982	-0.3057650552852537
10701	33	34	Parahippocampal Gyrus, anterior division	zstat	-0.6034318025850287	0.35948599716576346
10701	34	35	Parahippocampal Gyrus, posterior division	zstat	-0.933791567739934	0.4233854844024018
10701	35	36	Lingual Gyrus	zstat	-0.6400672575486338	1.1879165386856507
10701	36	37	Temporal Fusiform Cortex, anterior division	zstat	-0.17168583089472556	0.25534572160029984
10701	37	38	Temporal Fusiform Cortex, posterior division	zstat	-0.2968948290686535	0.2342933818758842
10701	38	39	Temporal Occipital Fusiform Cortex	zstat	-0.6082443750112285	-0.34196961850557767
10701	39	40	Occipital Fusiform Gyrus	zstat	-1.1175522861392764	1.0816185277799821
10701	40	41	Frontal Operculum Cortex	zstat	-0.2352529970357711	-1.5786835267756354
10701	41	42	Central Opercular Cortex	zstat	0.6448943420228633	0.24244661109274132
10701	42	43	Parietal Operculum Cortex	zstat	-0.17262881562447052	0.3484076817146488
10701	43	44	Planum Polare	zstat	0.15152012560345973	-0.17978728271110822
10701	44	45	Heschl's Gyrus (includes H1 and H2)	zstat	0.01893779136721165	0.013749860736613639
10701	45	46	Planum Temporale	zstat	-0.6548945871581662	0.11895459666112929
10701	46	47	Supracalcarine Cortex	zstat	-0.44301975091443735	1.6191939896646332
10701	47	48	Occipital Pole	zstat	-0.6904716153845281	1.3562361072752915
10718	0	1	Frontal Pole	zstat	0.20691239156040808	-0.8958087412558614
10718	1	2	Insular Cortex	zstat	0.3496387267644378	-0.2127588363407279
10718	2	3	Superior Frontal Gyrus	zstat	-0.3987960144728002	-0.9851893019512722
10718	3	4	Middle Frontal Gyrus	zstat	0.13875219781959136	-0.2677741608146258
10718	4	5	Inferior Frontal Gyrus, pars triangularis	zstat	0.48504018928153964	-1.7762397714130103
10718	5	6	Inferior Frontal Gyrus, pars opercularis	zstat	0.13857698697617563	-0.2958397515326718
10718	6	7	Precentral Gyrus	zstat	0.4319887173478836	-0.051996686307844604
10718	7	8	Temporal Pole	zstat	-0.09093270162306083	-0.5561183533256807
10718	8	9	Superior Temporal Gyrus, anterior division	zstat	0.86683177425144	-0.6810904846598322
10718	9	10	Superior Temporal Gyrus, posterior division	zstat	0.49940903620135235	-0.5847970771893569
10718	10	11	Middle Temporal Gyrus, anterior division	zstat	-0.06686096864495315	-0.9445349372040702
10718	11	12	Middle Temporal Gyrus, posterior division	zstat	0.5634184094927441	-0.8701193476654405
10718	12	13	Middle Temporal Gyrus, temporooccipital part	zstat	0.19768450428005385	0.13188873530023487
10718	13	14	Inferior Temporal Gyrus, anterior division	zstat	-1.5663998258801608	0.11411757647616447
10718	14	15	Inferior Temporal Gyrus, posterior division	zstat	-0.19593071291772204	-0.35381872086329363
10718	15	16	Inferior Temporal Gyrus, temporooccipital part	zstat	0.8281106863973606	-1.1234489859952965
10718	16	17	Postcentral Gyrus	zstat	0.1849059759463062	-0.1986973017558415
10718	17	18	Superior Parietal Lobule	zstat	1.3522119753923159	0.29128675643914426
10718	18	19	Supramarginal Gyrus, anterior division	zstat	-0.14636486359802936	0.6797531533537915
10718	19	20	Supramarginal Gyrus, posterior division	zstat	-0.10236516731832102	0.3708955425492211
10718	20	21	Angular Gyrus	zstat	0.21562819663795105	-0.8874292488888635
10718	21	22	Lateral Occipital Cortex, superior division	zstat	1.1533143824391907	-0.925270476695925
10718	22	23	Lateral Occipital Cortex, inferior division	zstat	0.9688089099229039	-0.2533944754889412
10718	23	24	Intracalcarine Cortex	zstat	1.288839715786626	-1.4524003555672063
10718	24	25	Frontal Medial Cortex	zstat	0.3433667454498668	-1.9870990244638678
10718	25	26	Juxtapositional Lobule Cortex (formerly Supplementary Motor Cortex)	zstat	0.26048353345548686	0.2594941726884163
10718	26	27	Subcallosal Cortex	zstat	0.6055395697243512	-1.327629904821515
10718	27	28	Paracingulate Gyrus	zstat	-0.34682309135526784	-1.2055187106058496
10718	28	29	Cingulate Gyrus, anterior division	zstat	0.1624717913751522	-1.0209400695916344
10718	29	30	Cingulate Gyrus, posterior division	zstat	0.787196357357981	-1.159629348941613
10718	30	31	Precuneous Cortex	zstat	1.1399285312294731	-0.6135745635413594
10718	31	32	Cuneal Cortex	zstat	0.550385648589127	-1.1214114503683048
10718	32	33	Frontal Orbital Cortex	zstat	0.0017243431840023515	-1.4552835969627937
10718	33	34	Parahippocampal Gyrus, anterior division	zstat	-0.299961849272383	-0.21569914997769601
10718	34	35	Parahippocampal Gyrus, posterior division	zstat	0.40853154836925415	-0.44338894990022415
10718	35	36	Lingual Gyrus	zstat	0.731776168053736	-0.9432822636725486
10718	36	37	Temporal Fusiform Cortex, anterior division	zstat	-0.4542513113792537	-0.1668696479904069
10718	37	38	Temporal Fusiform Cortex, posterior division	zstat	0.17857011705584883	0.015900260664638063
10718	38	39	Temporal Occipital Fusiform Cortex	zstat	1.3872362497442858	-0.47016512887101036
10718	39	40	Occipital Fusiform Gyrus	zstat	2.017666024124586	-0.36103323121844944
10718	40	41	Frontal Operculum Cortex	zstat	-0.230217919780818	-0.5039355948502824
10718	41	42	Central Opercular Cortex	zstat	0.6307024933087785	0.23741974999624252
10718	42	43	Parietal Operculum Cortex	zstat	0.777957528616836	-0.003378165859804692
10718	43	44	Planum Polare	zstat	0.050312064816457225	-0.20330462058053445
10718	44	45	Heschl's Gyrus (includes H1 and H2)	zstat	0.43887906249028885	-0.5514354895251
10718	45	46	Planum Temporale	zstat	0.5294040405885458	0.03682020256344817
10718	46	47	Supracalcarine Cortex	zstat	1.0115190800675686	-1.51067647575698
10718	47	48	Occipital Pole	zstat	1.1573511781188004	-0.907405668770543
10720	0	1	Frontal Pole	zstat	0.3756718065529145	-0.26046970321227114
10720	1	2	Insular Cortex	zstat	-0.1544887498480346	-0.23464629934019063
10720	2	3	Superior Frontal Gyrus	zstat	0.6132344009152232	0.08758954295899851
10720	3	4	Middle Frontal Gyrus	zstat	0.6002870601082061	-0.3111415510376305
10720	4	5	Inferior Frontal Gyrus, pars triangularis	zstat	0.020410766669013966	-0.07738662260283348
10720	5	6	Inferior Frontal Gyrus, pars opercularis	zstat	0.04627027491464186	-0.4729610039249061
10720	6	7	Precentral Gyrus	zstat	-0.15423236638306195	-0.5504458571725268
10720	7	8	Temporal Pole	zstat	-0.03690292079403638	-0.004023314458932286
10720	8	9	Superior Temporal Gyrus, anterior division	zstat	-0.3622932504814787	-0.3066864315312929
10720	9	10	Superior Temporal Gyrus, posterior division	zstat	-0.220889344925965	-0.4126660205702019
10720	10	11	Middle Temporal Gyrus, anterior division	zstat	0.242264009236511	-0.05183933727554421
10720	11	12	Middle Temporal Gyrus, posterior division	zstat	0.2584892345855292	-0.41996761214275885
10720	12	13	Middle Temporal Gyrus, temporooccipital part	zstat	0.13007975442391376	-0.537120562976968
10720	13	14	Inferior Temporal Gyrus, anterior division	zstat	0.18607031951862327	-0.009626809573737828
10720	14	15	Inferior Temporal Gyrus, posterior division	zstat	0.402719334883	-0.15857242330590762
10720	15	16	Inferior Temporal Gyrus, temporooccipital part	zstat	0.24286278140452713	0.0969685774202369
10720	16	17	Postcentral Gyrus	zstat	-0.34887083225073695	-0.5972817951215573
10720	17	18	Superior Parietal Lobule	zstat	0.39837898225083535	-0.17710558836660933
10720	18	19	Supramarginal Gyrus, anterior division	zstat	0.389868790827933	-0.3003106989828801
10720	19	20	Supramarginal Gyrus, posterior division	zstat	0.026678325280836607	-0.16529605260199073
10720	20	21	Angular Gyrus	zstat	0.13551447347431742	-0.17879545904110145
10720	21	22	Lateral Occipital Cortex, superior division	zstat	0.6599321237710707	-0.64228361478659
10720	22	23	Lateral Occipital Cortex, inferior division	zstat	0.6497850022768243	-0.18622112489232318
10720	23	24	Intracalcarine Cortex	zstat	0.2577586783631444	-0.2932054464771423
10720	24	25	Frontal Medial Cortex	zstat	0.28995279779332417	-0.24694552028209882
10720	25	26	Juxtapositional Lobule Cortex (formerly Supplementary Motor Cortex)	zstat	0.4456393611711777	-0.05807790853676222
10720	26	27	Subcallosal Cortex	zstat	-0.005830043778181649	-0.0467338206198362
10720	27	28	Paracingulate Gyrus	zstat	0.2857592562639221	0.19444391332005478
10720	28	29	Cingulate Gyrus, anterior division	zstat	0.18541480171330416	-0.0010070689402062395
10720	29	30	Cingulate Gyrus, posterior division	zstat	0.8609892835813974	-0.6886639295482476
10720	30	31	Precuneous Cortex	zstat	0.5459117849046783	-1.097559523504246
10720	31	32	Cuneal Cortex	zstat	-0.057536913759845355	-1.2544907840431365
10720	32	33	Frontal Orbital Cortex	zstat	-0.25093888239947953	-0.13929285971420283
10720	33	34	Parahippocampal Gyrus, anterior division	zstat	0.19536811021461556	-0.3753618422109609
10720	34	35	Parahippocampal Gyrus, posterior division	zstat	0.10276776589497151	-0.44334559855677347
10720	35	36	Lingual Gyrus	zstat	-0.14390993566011448	-0.5805135385872351
10720	36	37	Temporal Fusiform Cortex, anterior division	zstat	0.10701470426448904	0.06538385029961453
10720	37	38	Temporal Fusiform Cortex, posterior division	zstat	0.22676804057140004	-0.255842389009505
10720	38	39	Temporal Occipital Fusiform Cortex	zstat	0.013914385926699229	-0.4584070828093416
10720	39	40	Occipital Fusiform Gyrus	zstat	1.4184072120022597	-0.15626698044884882
10720	40	41	Frontal Operculum Cortex	zstat	0.1373053252597451	-0.36942826484343694
10720	41	42	Central Opercular Cortex	zstat	-0.6225639476503664	-0.636897980556598
10720	42	43	Parietal Operculum Cortex	zstat	-0.27350364485637374	-0.48582504918801167
10720	43	44	Planum Polare	zstat	-0.6257572009295709	-0.22724110899734815
10720	44	45	Heschl's Gyrus (includes H1 and H2)	zstat	-0.14986473120628827	-0.6638491360603699
10720	45	46	Planum Temporale	zstat	-0.5176474667938524	-0.32300707141525653
10720	46	47	Supracalcarine Cortex	zstat	-0.04302688030169365	-0.6867685481952999
10720	47	48	Occipital Pole	zstat	0.9915721813873795	-0.17728603806156362
10723	0	1	Frontal Pole	zstat	0.1315602901336026	0.6461625251657837
10723	1	2	Insular Cortex	zstat	0.23214013636523484	0.3341871484500174
10723	2	3	Superior Frontal Gyrus	zstat	-0.02437246483393217	0.7289736417295041
10723	3	4	Middle Frontal Gyrus	zstat	0.19371609956525168	0.7270496766646395
10723	4	5	Inferior Frontal Gyrus, pars triangularis	zstat	0.25026569472425064	0.36880719854064936
10723	5	6	Inferior Frontal Gyrus, pars opercularis	zstat	0.562820332138678	0.49550995166235184
10723	6	7	Precentral Gyrus	zstat	0.35138458780743187	0.2184348412893221
10723	7	8	Temporal Pole	zstat	-0.12162103173450499	0.37574709924127103
10723	8	9	Superior Temporal Gyrus, anterior division	zstat	-0.1230981272000533	0.7486636999087074
10723	9	10	Superior Temporal Gyrus, posterior division	zstat	0.24757606781264707	0.3013002672342299
10723	10	11	Middle Temporal Gyrus, anterior division	zstat	-0.37204992581965096	0.6885028584282532
10723	11	12	Middle Temporal Gyrus, posterior division	zstat	-0.04699009657389275	0.6405500910379933
10723	12	13	Middle Temporal Gyrus, temporooccipital part	zstat	-0.11513943617330465	0.45150479584601816
10723	13	14	Inferior Temporal Gyrus, anterior division	zstat	-0.8837376499339145	0.33284945310694136
10723	14	15	Inferior Temporal Gyrus, posterior division	zstat	0.2200415697077314	0.6314366489500137
10723	15	16	Inferior Temporal Gyrus, temporooccipital part	zstat	-0.5231933515213096	1.1888931950158093
10723	16	17	Postcentral Gyrus	zstat	0.24006074865995247	0.19134217179402185
10723	17	18	Superior Parietal Lobule	zstat	0.055043860856844526	0.11617503802856098
10723	18	19	Supramarginal Gyrus, anterior division	zstat	-0.1914062161715669	0.2697146186833615
10723	19	20	Supramarginal Gyrus, posterior division	zstat	0.12603887406105452	0.36405836011037684
10723	20	21	Angular Gyrus	zstat	0.0705045430334805	0.3127274763206644
10723	21	22	Lateral Occipital Cortex, superior division	zstat	0.03474940238659276	0.6477645509170302
10723	22	23	Lateral Occipital Cortex, inferior division	zstat	-0.5196413921357423	0.8442834682319346
10723	23	24	Intracalcarine Cortex	zstat	-0.4659271713795597	0.9779642456404118
10723	24	25	Frontal Medial Cortex	zstat	0.18739933265267428	1.0205148767165142
10723	25	26	Juxtapositional Lobule Cortex (formerly Supplementary Motor Cortex)	zstat	0.2443630606694323	0.07885166086851166
10723	26	27	Subcallosal Cortex	zstat	0.07063005316393593	0.2266267903028235
10723	27	28	Paracingulate Gyrus	zstat	-0.004295078550519152	0.5741195605865179
10723	28	29	Cingulate Gyrus, anterior division	zstat	-0.03675408059989114	0.5724465743388942
10723	29	30	Cingulate Gyrus, posterior division	zstat	0.13278565677777598	0.7946579201711076
10723	30	31	Precuneous Cortex	zstat	-0.022290384938206283	0.6425720715319891
10723	31	32	Cuneal Cortex	zstat	-0.5165569881501787	0.5907849870251617
10723	32	33	Frontal Orbital Cortex	zstat	0.06900427778584577	0.4985419360518471
10723	33	34	Parahippocampal Gyrus, anterior division	zstat	0.19851753068727285	-0.013838270132196037
10723	34	35	Parahippocampal Gyrus, posterior division	zstat	-0.4487797085828376	0.2831003799445857
10723	35	36	Lingual Gyrus	zstat	-0.454286433888768	0.7207457500407406
10723	36	37	Temporal Fusiform Cortex, anterior division	zstat	0.4493221257687777	0.14120682566723924
10723	37	38	Temporal Fusiform Cortex, posterior division	zstat	-0.0799947104690494	0.40272111734459515
10723	38	39	Temporal Occipital Fusiform Cortex	zstat	-0.6196625761942058	0.8533587333683942
10723	39	40	Occipital Fusiform Gyrus	zstat	-0.20825067964603577	1.230032658581807
10723	40	41	Frontal Operculum Cortex	zstat	0.6251388932847293	-0.24165177099042798
10723	41	42	Central Opercular Cortex	zstat	-0.04759747866112527	0.28160255556124536
10723	42	43	Parietal Operculum Cortex	zstat	0.26666123933409375	-0.21258037146813175
10723	43	44	Planum Polare	zstat	-0.203969802842511	0.4943450846645327
10723	44	45	Heschl's Gyrus (includes H1 and H2)	zstat	0.019837856447229737	-0.13052959689089366
10723	45	46	Planum Temporale	zstat	0.42699502292540636	0.13287254239170015
10723	46	47	Supracalcarine Cortex	zstat	-0.9134650026160748	1.4182666139082705
10723	47	48	Occipital Pole	zstat	-0.3734797850283816	0.9430711507775547
10741	0	1	Frontal Pole	zstat	0.4509311213657969	-0.0873407510749718
10741	1	2	Insular Cortex	zstat	0.36705519067972403	0.10003004015478106
10741	2	3	Superior Frontal Gyrus	zstat	0.5637885844518216	-0.15243019769470537
10741	3	4	Middle Frontal Gyrus	zstat	0.5523781378419933	-0.07136489722431295
10741	4	5	Inferior Frontal Gyrus, pars triangularis	zstat	-0.15763293526032854	-0.08298827262719187
10741	5	6	Inferior Frontal Gyrus, pars opercularis	zstat	0.7052631361077221	-0.33806915607408977
10741	6	7	Precentral Gyrus	zstat	0.5815885602019131	0.07931103984675439
10741	7	8	Temporal Pole	zstat	0.3009450467111489	0.9770156908872051
10741	8	9	Superior Temporal Gyrus, anterior division	zstat	0.28254932216816364	0.30986664685396814
10741	9	10	Superior Temporal Gyrus, posterior division	zstat	0.703972335563906	-0.04871532507240772
10741	10	11	Middle Temporal Gyrus, anterior division	zstat	0.3041801660354069	0.7397773836113846
10741	11	12	Middle Temporal Gyrus, posterior division	zstat	0.14697371680140423	0.4132396336212069
10741	12	13	Middle Temporal Gyrus, temporooccipital part	zstat	0.33728214556177083	0.11361077362354435
10741	13	14	Inferior Temporal Gyrus, anterior division	zstat	0.8030875095513446	1.7313705065877303
10741	14	15	Inferior Temporal Gyrus, posterior division	zstat	0.7165182092972513	1.2808487388642738
10741	15	16	Inferior Temporal Gyrus, temporooccipital part	zstat	0.24182985686410804	0.642472539611003
10741	16	17	Postcentral Gyrus	zstat	0.6363147501604449	0.24255932245833758
10741	17	18	Superior Parietal Lobule	zstat	0.26404614003131954	0.24428134830363016
10741	18	19	Supramarginal Gyrus, anterior division	zstat	0.53552080860784	0.015925118990708143
10741	19	20	Supramarginal Gyrus, posterior division	zstat	0.7396273907211081	0.07098812856027113
10741	20	21	Angular Gyrus	zstat	0.6163465665116847	-0.12451797727315786
10741	21	22	Lateral Occipital Cortex, superior division	zstat	0.6087317184685608	-0.14018045034670482
10741	22	23	Lateral Occipital Cortex, inferior division	zstat	0.6131649448796044	0.5902645245677427
10741	23	24	Intracalcarine Cortex	zstat	0.6831859911491656	-0.15348851312914907
10741	24	25	Frontal Medial Cortex	zstat	0.1185492784534548	0.26960585426856226
10741	25	26	Juxtapositional Lobule Cortex (formerly Supplementary Motor Cortex)	zstat	1.0628658235411323	-0.3581323423768973
10741	26	27	Subcallosal Cortex	zstat	-0.06503685307106935	-0.308065288205846
10741	27	28	Paracingulate Gyrus	zstat	0.35853284704186156	0.0069498289829162336
10741	28	29	Cingulate Gyrus, anterior division	zstat	0.3907326972854454	0.4357852538565659
10741	29	30	Cingulate Gyrus, posterior division	zstat	0.27128710907722625	0.32773808396168586
10741	30	31	Precuneous Cortex	zstat	0.689526655645252	-0.14151167373490894
10741	31	32	Cuneal Cortex	zstat	0.7161514191225402	-0.10350033901047175
10741	32	33	Frontal Orbital Cortex	zstat	0.1448129612340053	0.0188318632747298
10741	33	34	Parahippocampal Gyrus, anterior division	zstat	0.35943700108120247	1.5343235102113835
10741	34	35	Parahippocampal Gyrus, posterior division	zstat	0.16343641435098175	0.7944323980934778
10741	35	36	Lingual Gyrus	zstat	0.5720589583198331	0.3327545374602189
10741	36	37	Temporal Fusiform Cortex, anterior division	zstat	0.06117114630950522	1.268038252387172
10741	37	38	Temporal Fusiform Cortex, posterior division	zstat	0.5370501937639616	0.8389347170538906
10741	38	39	Temporal Occipital Fusiform Cortex	zstat	0.5781025175320129	0.7085742770835662
10741	39	40	Occipital Fusiform Gyrus	zstat	1.0117353574217607	0.3846655805632244
10741	40	41	Frontal Operculum Cortex	zstat	0.2610508030409604	-0.2485018166236016
10741	41	42	Central Opercular Cortex	zstat	0.44989786561936296	-0.08673521049052361
10741	42	43	Parietal Operculum Cortex	zstat	0.9743322908262566	-0.3500105974785653
10741	43	44	Planum Polare	zstat	0.6816047694967733	0.023947037308555068
10741	44	45	Heschl's Gyrus (includes H1 and H2)	zstat	0.7555744023060142	0.15854940741872287
10741	45	46	Planum Temporale	zstat	0.9511900502260274	0.3105228869560487
10741	46	47	Supracalcarine Cortex	zstat	0.6068688975325092	-0.7463274246993217
10741	47	48	Occipital Pole	zstat	0.2009417333230179	0.7005650876250588
10748	0	1	Frontal Pole	zstat	0.036488202822098546	0.4291807508065671
10748	1	2	Insular Cortex	zstat	-0.058139205744349755	-0.07079543931026595
10748	2	3	Superior Frontal Gyrus	zstat	0.20213345324865753	0.39395250580560315
10748	3	4	Middle Frontal Gyrus	zstat	-0.17458218048808258	0.5072376533853874
10748	4	5	Inferior Frontal Gyrus, pars triangularis	zstat	-0.3730900721563616	0.46873014581329914
10748	5	6	Inferior Frontal Gyrus, pars opercularis	zstat	-0.5079686879227977	0.815425610026954
10748	6	7	Precentral Gyrus	zstat	0.21093837957797776	-0.2628591446812137
10748	7	8	Temporal Pole	zstat	-0.42257408148683495	0.33882993801698036
10748	8	9	Superior Temporal Gyrus, anterior division	zstat	-0.14301755021397883	-0.20770028906945998
10748	9	10	Superior Temporal Gyrus, posterior division	zstat	0.07294590322205542	0.15499110420781806
10748	10	11	Middle Temporal Gyrus, anterior division	zstat	-0.3779599043109746	-0.17926267538568935
10748	11	12	Middle Temporal Gyrus, posterior division	zstat	-0.20824205415523853	0.05611661468193546
10748	12	13	Middle Temporal Gyrus, temporooccipital part	zstat	-0.478165183562697	0.4695959721475409
10748	13	14	Inferior Temporal Gyrus, anterior division	zstat	-0.5110374356608992	0.34000800365215555
10748	14	15	Inferior Temporal Gyrus, posterior division	zstat	-0.561522754367664	0.2406460466799703
10748	15	16	Inferior Temporal Gyrus, temporooccipital part	zstat	-0.3697744880580524	0.757086527737556
10748	16	17	Postcentral Gyrus	zstat	0.09505522647528383	-0.3641051105984851
10748	17	18	Superior Parietal Lobule	zstat	-0.14746319448570488	0.5108272181432743
10748	18	19	Supramarginal Gyrus, anterior division	zstat	-0.6974894542247057	-0.703409683017957
10748	19	20	Supramarginal Gyrus, posterior division	zstat	-0.6175531828876686	0.14902594577823136
10748	20	21	Angular Gyrus	zstat	-0.36122174975413507	0.6497369654060989
10748	21	22	Lateral Occipital Cortex, superior division	zstat	-0.11168292306309932	0.5722937160385841
10748	22	23	Lateral Occipital Cortex, inferior division	zstat	-0.43131686722156753	0.3789968633504012
10748	23	24	Intracalcarine Cortex	zstat	0.6119138385278602	0.05119574710385646
10748	24	25	Frontal Medial Cortex	zstat	0.7820936322265061	0.537283812505061
10748	25	26	Juxtapositional Lobule Cortex (formerly Supplementary Motor Cortex)	zstat	-0.18311299245082457	0.002757844584364746
10748	26	27	Subcallosal Cortex	zstat	0.7172055710608569	0.3965057646636314
10748	27	28	Paracingulate Gyrus	zstat	1.4224613634688557	0.5381774856963802
10748	28	29	Cingulate Gyrus, anterior division	zstat	0.38703608876944523	0.3164488367536066
10748	29	30	Cingulate Gyrus, posterior division	zstat	0.14023719409873178	0.3388553661753956
10748	30	31	Precuneous Cortex	zstat	0.39478821511981627	-0.0987892451575083
10748	31	32	Cuneal Cortex	zstat	0.6236857246471251	-0.23558539081676688
10748	32	33	Frontal Orbital Cortex	zstat	0.1465976335415565	0.6135586071871358
10748	33	34	Parahippocampal Gyrus, anterior division	zstat	-0.33448454705842223	0.5918918326453293
10748	34	35	Parahippocampal Gyrus, posterior division	zstat	-0.15190729062723102	1.1289360672376065
10748	35	36	Lingual Gyrus	zstat	-0.02413191754471348	0.303089365043191
10748	36	37	Temporal Fusiform Cortex, anterior division	zstat	-0.5579336381002151	0.40124771716271307
10748	37	38	Temporal Fusiform Cortex, posterior division	zstat	-0.27897730835124557	0.5457330019807959
10748	38	39	Temporal Occipital Fusiform Cortex	zstat	0.007526072530769768	1.0500070977443239
10748	39	40	Occipital Fusiform Gyrus	zstat	0.5602931884546061	0.6544973799233988
10748	40	41	Frontal Operculum Cortex	zstat	-0.30520650907321795	0.2912505294182612
10748	41	42	Central Opercular Cortex	zstat	0.1804074875572068	-0.6388144900010424
10748	42	43	Parietal Operculum Cortex	zstat	0.1854878536586267	-1.178849198732544
10748	43	44	Planum Polare	zstat	-0.21764457353767547	-0.2863846969966713
10748	44	45	Heschl's Gyrus (includes H1 and H2)	zstat	-0.5814655693548341	0.03515604366483982
10748	45	46	Planum Temporale	zstat	0.028722097852120276	-0.29692970953818537
10748	46	47	Supracalcarine Cortex	zstat	0.9398970549599208	-0.13867620897895477
10748	47	48	Occipital Pole	zstat	0.31453705880404764	0.04890338612829422
10767	0	1	Frontal Pole	zstat	-0.3601451454150521	-0.48668258299247474
10767	1	2	Insular Cortex	zstat	-1.1480166424064875	-0.555768374160894
10767	2	3	Superior Frontal Gyrus	zstat	-0.45911041590684404	-0.3711906311969319
10767	3	4	Middle Frontal Gyrus	zstat	-0.55538350849002	-0.2677307364361133
10767	4	5	Inferior Frontal Gyrus, pars triangularis	zstat	-0.01972625560101566	0.14935034446881812
10767	5	6	Inferior Frontal Gyrus, pars opercularis	zstat	-0.9742956286760178	-0.04811014295672499
10767	6	7	Precentral Gyrus	zstat	-0.6316607584201391	0.592100665654299
10767	7	8	Temporal Pole	zstat	-0.4005098756391879	0.3178984144256697
10767	8	9	Superior Temporal Gyrus, anterior division	zstat	-0.12935920173230653	0.7412434489203569
10767	9	10	Superior Temporal Gyrus, posterior division	zstat	-0.6820165971929039	0.7213620647648954
10767	10	11	Middle Temporal Gyrus, anterior division	zstat	0.13227970308916115	0.8175847173626744
10767	11	12	Middle Temporal Gyrus, posterior division	zstat	-0.2314552830156259	0.9969850371873812
10767	12	13	Middle Temporal Gyrus, temporooccipital part	zstat	-0.38172133534440855	0.5222143091007899
10767	13	14	Inferior Temporal Gyrus, anterior division	zstat	-0.6610442492559817	-0.4412062582518553
10767	14	15	Inferior Temporal Gyrus, posterior division	zstat	-0.4020720856982343	-0.18422524475372767
10767	15	16	Inferior Temporal Gyrus, temporooccipital part	zstat	-0.505989559598566	0.1266173886359842
10767	16	17	Postcentral Gyrus	zstat	-0.9512928599222948	1.0192808366963722
10767	17	18	Superior Parietal Lobule	zstat	-0.6604580113925822	0.20749831860493917
10767	18	19	Supramarginal Gyrus, anterior division	zstat	0.006682749461658575	0.15761807205595282
10767	19	20	Supramarginal Gyrus, posterior division	zstat	-0.6945136852529391	0.5236585608532501
10767	20	21	Angular Gyrus	zstat	-0.4723987766769939	0.4914282949160912
10767	21	22	Lateral Occipital Cortex, superior division	zstat	-0.00241220592286373	0.16301191661590542
10767	22	23	Lateral Occipital Cortex, inferior division	zstat	-0.26197402652520196	0.6074972217368245
10767	23	24	Intracalcarine Cortex	zstat	-0.5269804019942981	1.0404125977045284
10767	24	25	Frontal Medial Cortex	zstat	-0.09867662244892501	0.4398363839086898
10767	25	26	Juxtapositional Lobule Cortex (formerly Supplementary Motor Cortex)	zstat	0.058585155591670726	0.08266820769121468
10767	26	27	Subcallosal Cortex	zstat	0.7706986377302271	0.41749587982104946
10767	27	28	Paracingulate Gyrus	zstat	-0.6509191653074297	-1.3549520217561557
10767	28	29	Cingulate Gyrus, anterior division	zstat	-0.31138698006432575	-0.9099846849325547
10767	29	30	Cingulate Gyrus, posterior division	zstat	0.3101929477046111	0.26536385885040675
10767	30	31	Precuneous Cortex	zstat	0.058072255121227344	-0.21844377498027334
10767	31	32	Cuneal Cortex	zstat	-0.07453477855122849	0.1622871422046742
10767	32	33	Frontal Orbital Cortex	zstat	-0.7973078550037527	-0.5257604121630896
10767	33	34	Parahippocampal Gyrus, anterior division	zstat	0.19006236938994575	-0.06009052841114375
10767	34	35	Parahippocampal Gyrus, posterior division	zstat	-0.07395288223743368	-0.025597446088520985
10767	35	36	Lingual Gyrus	zstat	-0.808912646046004	0.7876079228909324
10767	36	37	Temporal Fusiform Cortex, anterior division	zstat	0.3235786663077719	-0.10898176117648259
10767	37	38	Temporal Fusiform Cortex, posterior division	zstat	-0.26957406002784506	-0.4161110764502415
10767	38	39	Temporal Occipital Fusiform Cortex	zstat	-0.3434774661466149	0.4471570159987316
10767	39	40	Occipital Fusiform Gyrus	zstat	-0.6269093930458903	0.6659956249566492
10767	40	41	Frontal Operculum Cortex	zstat	-1.0708264019809852	-1.708884939081779
10767	41	42	Central Opercular Cortex	zstat	-0.5062949377118235	0.7598985001574482
10767	42	43	Parietal Operculum Cortex	zstat	-0.6649966458695453	0.5430297655692243
10767	43	44	Planum Polare	zstat	-0.7373211482070557	0.16748408904078751
10767	44	45	Heschl's Gyrus (includes H1 and H2)	zstat	-1.006364158436244	-0.3761071831198229
10767	45	46	Planum Temporale	zstat	-0.5495549090860613	-0.21069814762425637
10767	46	47	Supracalcarine Cortex	zstat	-0.7616308348134477	0.9722810926193253
10767	47	48	Occipital Pole	zstat	-0.019234654072118836	0.4953562363672632
10777	0	1	Frontal Pole	zstat	-0.38349519250310765	0.5436077064902702
10777	1	2	Insular Cortex	zstat	-0.40659896211534524	0.6605993976616029
10777	2	3	Superior Frontal Gyrus	zstat	-0.2613097194374534	0.4012412667606254
10777	3	4	Middle Frontal Gyrus	zstat	-1.0024003370890342	1.105916994084473
10777	4	5	Inferior Frontal Gyrus, pars triangularis	zstat	-0.9999936752249872	0.5329345315630727
10777	5	6	Inferior Frontal Gyrus, pars opercularis	zstat	-0.9383509823488553	0.9762996654487112
10777	6	7	Precentral Gyrus	zstat	0.06072413813071364	0.22446772101277948
10777	7	8	Temporal Pole	zstat	-0.11958841468331298	-0.09619321363448409
10777	8	9	Superior Temporal Gyrus, anterior division	zstat	-1.0247909414701355	-0.17748272971082957
10777	9	10	Superior Temporal Gyrus, posterior division	zstat	-1.1771953581415069	-0.2625852738319618
10777	10	11	Middle Temporal Gyrus, anterior division	zstat	0.0006895294475522059	-0.2401046881917864
10777	11	12	Middle Temporal Gyrus, posterior division	zstat	-0.5416783668570636	-0.13371830358437545
10777	12	13	Middle Temporal Gyrus, temporooccipital part	zstat	-0.6706690788598914	0.5534517085336615
10777	13	14	Inferior Temporal Gyrus, anterior division	zstat	-0.42092848629773366	-0.24315797816962004
10777	14	15	Inferior Temporal Gyrus, posterior division	zstat	-0.2662501321850497	0.2984540231816033
10777	15	16	Inferior Temporal Gyrus, temporooccipital part	zstat	-0.43721176777121873	0.29671453861341596
10777	16	17	Postcentral Gyrus	zstat	0.9769799045683897	-0.5097294548522358
10777	17	18	Superior Parietal Lobule	zstat	-0.8762191096491857	1.3481088637703116
10777	18	19	Supramarginal Gyrus, anterior division	zstat	-0.5044483952307255	-0.0794673039260993
10777	19	20	Supramarginal Gyrus, posterior division	zstat	-1.2450185241026652	0.8584789145810253
10777	20	21	Angular Gyrus	zstat	-0.9373675279838132	0.7343713155001234
10777	21	22	Lateral Occipital Cortex, superior division	zstat	0.0005403564972278742	0.4995211123435454
10777	22	23	Lateral Occipital Cortex, inferior division	zstat	-0.3307059411520568	1.2189879037055025
10777	23	24	Intracalcarine Cortex	zstat	0.3874167140515735	1.4302625514128415
10777	24	25	Frontal Medial Cortex	zstat	-0.05965269994690803	0.15750660077117198
10777	25	26	Juxtapositional Lobule Cortex (formerly Supplementary Motor Cortex)	zstat	0.25981892584083677	-0.22172101334247082
10777	26	27	Subcallosal Cortex	zstat	0.01916771709668235	0.3372100575683782
10777	27	28	Paracingulate Gyrus	zstat	-0.5990315138656636	0.18373036602745604
10777	28	29	Cingulate Gyrus, anterior division	zstat	-0.554639174436072	0.4057746496593177
10777	29	30	Cingulate Gyrus, posterior division	zstat	-0.04062875148547547	-0.41942203732686384
10777	30	31	Precuneous Cortex	zstat	-0.4084322963648392	0.21958958779191018
10777	31	32	Cuneal Cortex	zstat	0.445170622926098	0.4419991599133614
10777	32	33	Frontal Orbital Cortex	zstat	-0.5552517857110771	0.5416768029443627
10777	33	34	Parahippocampal Gyrus, anterior division	zstat	-0.5632240628490489	0.19746163101377226
10777	34	35	Parahippocampal Gyrus, posterior division	zstat	0.5500645833836763	-0.22359265066366993
10777	35	36	Lingual Gyrus	zstat	0.4450727472097393	0.6653374328181857
10777	36	37	Temporal Fusiform Cortex, anterior division	zstat	0.48986019484751614	-0.056600725238627574
10777	37	38	Temporal Fusiform Cortex, posterior division	zstat	-0.4507922404815892	0.33743973406153555
10777	38	39	Temporal Occipital Fusiform Cortex	zstat	-0.20756549546394032	0.9312132688131433
10777	39	40	Occipital Fusiform Gyrus	zstat	-0.24114312971534496	1.5577449659483695
10777	40	41	Frontal Operculum Cortex	zstat	-1.3110755513062184	1.2010552506038368
10777	41	42	Central Opercular Cortex	zstat	0.09416492870388159	0.09473523860500273
10777	42	43	Parietal Operculum Cortex	zstat	0.08893212065724704	-0.13678837272304295
10777	43	44	Planum Polare	zstat	-0.4357110979071043	0.8572274335804004
10777	44	45	Heschl's Gyrus (includes H1 and H2)	zstat	-0.11654643944844449	0.5807275251581436
10777	45	46	Planum Temporale	zstat	-0.32788184535021475	0.41711060316050347
10777	46	47	Supracalcarine Cortex	zstat	0.64745989354684	1.496383485047424
10777	47	48	Occipital Pole	zstat	0.7237816817436143	0.7448564098231449
10781	0	1	Frontal Pole	zstat	-0.11067662169269675	0.6804657265115555
10781	1	2	Insular Cortex	zstat	0.35024032994177284	0.3180987187420289
10781	2	3	Superior Frontal Gyrus	zstat	-0.06864395788876305	0.17754886400944844
10781	3	4	Middle Frontal Gyrus	zstat	-0.7977245504938058	0.6141190070355808
10781	4	5	Inferior Frontal Gyrus, pars triangularis	zstat	0.9559712116991025	-0.12050487758343988
10781	5	6	Inferior Frontal Gyrus, pars opercularis	zstat	0.22543911909321876	-0.23312024388169753
10781	6	7	Precentral Gyrus	zstat	0.425556919967446	-0.15743853776427377
10781	7	8	Temporal Pole	zstat	0.2967585252467993	-0.25940341051083005
10781	8	9	Superior Temporal Gyrus, anterior division	zstat	0.172273112864544	0.4357560965972833
10781	9	10	Superior Temporal Gyrus, posterior division	zstat	0.17801898093244012	0.057666878557655135
10781	10	11	Middle Temporal Gyrus, anterior division	zstat	0.7045700172824201	0.37050282768905163
10781	11	12	Middle Temporal Gyrus, posterior division	zstat	-0.19307509343419765	0.4600048603310627
10781	12	13	Middle Temporal Gyrus, temporooccipital part	zstat	0.3018667509257627	0.3987305273572201
10781	13	14	Inferior Temporal Gyrus, anterior division	zstat	0.4947815660177868	-0.011056891415191032
10781	14	15	Inferior Temporal Gyrus, posterior division	zstat	-0.4964190885825227	0.36867027761447685
10781	15	16	Inferior Temporal Gyrus, temporooccipital part	zstat	-0.21052381600281084	-0.09714556243722397
10781	16	17	Postcentral Gyrus	zstat	0.24283235950785204	-0.03541523457735109
10781	17	18	Superior Parietal Lobule	zstat	-0.32575533787653904	-0.643678321678843
10781	18	19	Supramarginal Gyrus, anterior division	zstat	0.38019242255206875	0.36886483261747616
10781	19	20	Supramarginal Gyrus, posterior division	zstat	0.11433114840498043	0.8098734933272558
10781	20	21	Angular Gyrus	zstat	-0.4139429805451664	0.5689414851493787
10781	21	22	Lateral Occipital Cortex, superior division	zstat	-0.11172042183077081	0.34143171996629523
10781	22	23	Lateral Occipital Cortex, inferior division	zstat	0.07415491201482956	0.1398445284315131
10781	23	24	Intracalcarine Cortex	zstat	0.7220917102547384	0.6855868750833001
10781	24	25	Frontal Medial Cortex	zstat	0.9414229976758031	-0.14378305644388079
10781	25	26	Juxtapositional Lobule Cortex (formerly Supplementary Motor Cortex)	zstat	0.4045419141782347	0.13545682353916974
10781	26	27	Subcallosal Cortex	zstat	0.32761768455988766	0.5254093117223909
10781	27	28	Paracingulate Gyrus	zstat	0.4730562509785168	0.515772001932806
10781	28	29	Cingulate Gyrus, anterior division	zstat	0.5916814175589795	0.24288263155583498
10781	29	30	Cingulate Gyrus, posterior division	zstat	0.4509280313790909	1.2172784288727811
10781	30	31	Precuneous Cortex	zstat	0.49586625050278627	0.9620824794804569
10781	31	32	Cuneal Cortex	zstat	0.2865283294733688	0.6383890360944848
10781	32	33	Frontal Orbital Cortex	zstat	0.2657165814556057	-0.1777726668064429
10781	33	34	Parahippocampal Gyrus, anterior division	zstat	-0.08598446772553324	-0.25482898051706265
10781	34	35	Parahippocampal Gyrus, posterior division	zstat	0.5882243459446812	0.3032313167368488
10781	35	36	Lingual Gyrus	zstat	0.20317864088569712	0.2967044474126258
10781	36	37	Temporal Fusiform Cortex, anterior division	zstat	0.013421116386877095	-1.294452392146097
10781	37	38	Temporal Fusiform Cortex, posterior division	zstat	0.09022049536237657	-0.56447967727029
10781	38	39	Temporal Occipital Fusiform Cortex	zstat	0.36895291462024626	-0.16586402153375662
10781	39	40	Occipital Fusiform Gyrus	zstat	0.1268559238269184	0.007604269149915432
10781	40	41	Frontal Operculum Cortex	zstat	0.4278993483871503	0.09522938365586289
10781	41	42	Central Opercular Cortex	zstat	0.5347034661160766	0.6707556651613885
10781	42	43	Parietal Operculum Cortex	zstat	0.32650102784004426	0.3731276752618685
10781	43	44	Planum Polare	zstat	-0.07339094902605586	0.07825719799316766
10781	44	45	Heschl's Gyrus (includes H1 and H2)	zstat	-0.09627694607184437	0.3772554872729193
10781	45	46	Planum Temporale	zstat	0.10468833143835748	0.4392015303445108
10781	46	47	Supracalcarine Cortex	zstat	0.8188533618293227	1.1779219958772684
10781	47	48	Occipital Pole	zstat	0.3895014783861534	0.8685587051113258
10783	0	1	Frontal Pole	zstat	0.3572185191509087	0.0024979149513765695
10783	1	2	Insular Cortex	zstat	0.16004845019373623	0.33061402985281274
10783	2	3	Superior Frontal Gyrus	zstat	-0.2676576306966294	-0.2423087743607512
10783	3	4	Middle Frontal Gyrus	zstat	-0.4009442691039353	0.014541902888848312
10783	4	5	Inferior Frontal Gyrus, pars triangularis	zstat	-0.13473722534126029	-0.3889584831755668
10783	5	6	Inferior Frontal Gyrus, pars opercularis	zstat	0.18873716793265402	0.5088113144950658
10783	6	7	Precentral Gyrus	zstat	0.4846899335144844	0.23502818600146297
10783	7	8	Temporal Pole	zstat	0.11700205167252942	0.4289691070923716
10783	8	9	Superior Temporal Gyrus, anterior division	zstat	0.48606985568170413	1.1746594414831355
10783	9	10	Superior Temporal Gyrus, posterior division	zstat	0.6177021217129538	0.8547219473977464
10783	10	11	Middle Temporal Gyrus, anterior division	zstat	0.21954509176821238	0.04059628517881258
10783	11	12	Middle Temporal Gyrus, posterior division	zstat	0.20050996761141426	0.3722763187139251
10783	12	13	Middle Temporal Gyrus, temporooccipital part	zstat	0.1694659136216178	0.8257200825329168
10783	13	14	Inferior Temporal Gyrus, anterior division	zstat	0.027442890820065898	0.161093542831757
10783	14	15	Inferior Temporal Gyrus, posterior division	zstat	0.35741381056476673	-0.37887587565556996
10783	15	16	Inferior Temporal Gyrus, temporooccipital part	zstat	0.38364023168062195	-0.16170921098569463
10783	16	17	Postcentral Gyrus	zstat	0.7907950126241042	0.25880576796222315
10783	17	18	Superior Parietal Lobule	zstat	-0.0008767694262347705	0.3098708675670733
10783	18	19	Supramarginal Gyrus, anterior division	zstat	0.18970573670866778	-0.33844552608638034
10783	19	20	Supramarginal Gyrus, posterior division	zstat	0.2003117399478789	0.5435577892092673
10783	20	21	Angular Gyrus	zstat	-0.1343014298567104	0.5386614837767355
10783	21	22	Lateral Occipital Cortex, superior division	zstat	0.7367604039552766	0.7728139618430019
10783	22	23	Lateral Occipital Cortex, inferior division	zstat	0.7876571280280874	0.641518131143854
10783	23	24	Intracalcarine Cortex	zstat	0.48630474862920714	0.8178088060355517
10783	24	25	Frontal Medial Cortex	zstat	0.9171314579195257	0.6190757504303144
10783	25	26	Juxtapositional Lobule Cortex (formerly Supplementary Motor Cortex)	zstat	0.6484635756925264	0.37305911577375905
10783	26	27	Subcallosal Cortex	zstat	-0.38588315005382845	0.22279375495675666
10783	27	28	Paracingulate Gyrus	zstat	-0.06237285873718743	0.28174077398101854
10783	28	29	Cingulate Gyrus, anterior division	zstat	0.3731027509085711	0.08804029818171422
10783	29	30	Cingulate Gyrus, posterior division	zstat	0.8413269071791853	-0.07918743269704283
10783	30	31	Precuneous Cortex	zstat	0.6748140769264737	0.31697926117142516
10783	31	32	Cuneal Cortex	zstat	0.6460220622892043	0.03744277187433102
10783	32	33	Frontal Orbital Cortex	zstat	-0.0304759625077993	-0.1854605119832053
10783	33	34	Parahippocampal Gyrus, anterior division	zstat	0.10186473909452294	0.5870534131677916
10783	34	35	Parahippocampal Gyrus, posterior division	zstat	0.6164111774010619	-0.25606051428981547
10783	35	36	Lingual Gyrus	zstat	1.1615675386699362	0.6574615111367622
10783	36	37	Temporal Fusiform Cortex, anterior division	zstat	-0.10426524623647226	0.592950434741029
10783	37	38	Temporal Fusiform Cortex, posterior division	zstat	0.3980831258125578	-0.12465152333902513
10783	38	39	Temporal Occipital Fusiform Cortex	zstat	0.9174926636629412	0.6048807294514691
10783	39	40	Occipital Fusiform Gyrus	zstat	1.2690307911740337	1.54821299364084
10783	40	41	Frontal Operculum Cortex	zstat	-1.0463208706282519	-0.1379909383332623
10783	41	42	Central Opercular Cortex	zstat	0.3862346822083204	0.33308040758982693
10783	42	43	Parietal Operculum Cortex	zstat	0.449405909794038	0.444361687543315
10783	43	44	Planum Polare	zstat	0.3464216654151607	0.9103021929289378
10783	44	45	Heschl's Gyrus (includes H1 and H2)	zstat	0.35564675626252706	0.6565326028610773
10783	45	46	Planum Temporale	zstat	0.7231880331365521	0.4137166899924329
10783	46	47	Supracalcarine Cortex	zstat	0.9063164446740708	0.6188016337877575
10783	47	48	Occipital Pole	zstat	0.9773987823737258	0.6190776291209742
10794	0	1	Frontal Pole	zstat	-0.6290543456771275	-0.26917473986501045
10794	1	2	Insular Cortex	zstat	-0.12311982799340021	0.4669500621384941
10794	2	3	Superior Frontal Gyrus	zstat	-0.4391191749634013	0.5081483188899761
10794	3	4	Middle Frontal Gyrus	zstat	-0.16491210120248384	-0.22626083509910588
10794	4	5	Inferior Frontal Gyrus, pars triangularis	zstat	-0.004838395306793546	0.05794474632487795
10794	5	6	Inferior Frontal Gyrus, pars opercularis	zstat	0.7931674397360104	-0.3588526689265266
10794	6	7	Precentral Gyrus	zstat	0.19079008906084247	0.5832173429479107
10794	7	8	Temporal Pole	zstat	-0.6356776112612227	0.30999677814839216
10794	8	9	Superior Temporal Gyrus, anterior division	zstat	-0.05083803322691566	0.14809285826407947
10794	9	10	Superior Temporal Gyrus, posterior division	zstat	0.16026433389906033	-0.36604918985606427
10794	10	11	Middle Temporal Gyrus, anterior division	zstat	-0.5578785973086731	0.08628140935229499
10794	11	12	Middle Temporal Gyrus, posterior division	zstat	-0.392576551492031	-0.4724133505502977
10794	12	13	Middle Temporal Gyrus, temporooccipital part	zstat	-0.48001108664326386	-0.41006942985783057
10794	13	14	Inferior Temporal Gyrus, anterior division	zstat	-1.197606761970133	0.3213004907730901
10794	14	15	Inferior Temporal Gyrus, posterior division	zstat	-0.09360774775746045	-0.22969501703707068
10794	15	16	Inferior Temporal Gyrus, temporooccipital part	zstat	-0.6434347948690168	-0.04181350762052322
10794	16	17	Postcentral Gyrus	zstat	0.1615770341048989	0.598917321245105
10794	17	18	Superior Parietal Lobule	zstat	0.5134999452554804	0.8401275369518356
10794	18	19	Supramarginal Gyrus, anterior division	zstat	0.5005271710377808	1.6845940510054653
10794	19	20	Supramarginal Gyrus, posterior division	zstat	0.1511204364126103	0.44990551406244284
10794	20	21	Angular Gyrus	zstat	-0.5287502157663794	-0.25053065934122143
10794	21	22	Lateral Occipital Cortex, superior division	zstat	-0.30194760849420865	-0.23628847445677412
10794	22	23	Lateral Occipital Cortex, inferior division	zstat	-0.6067031802142042	-0.10563796179812757
10794	23	24	Intracalcarine Cortex	zstat	0.27787815800692217	0.7978896737124287
10794	24	25	Frontal Medial Cortex	zstat	0.18557877458404115	0.18466229637397835
10794	25	26	Juxtapositional Lobule Cortex (formerly Supplementary Motor Cortex)	zstat	0.35370486532101986	1.6192416854932703
10794	26	27	Subcallosal Cortex	zstat	-0.2452779481285968	-0.19731448086542794
10794	27	28	Paracingulate Gyrus	zstat	-0.24432118484324047	0.8109457001562319
10794	28	29	Cingulate Gyrus, anterior division	zstat	-0.5551681629338233	1.122923589569405
10794	29	30	Cingulate Gyrus, posterior division	zstat	-0.9651533464503341	0.1360597685404895
10794	30	31	Precuneous Cortex	zstat	-1.0712531713741502	0.9568935879019002
10794	31	32	Cuneal Cortex	zstat	0.1097763542146804	0.629097579002686
10794	32	33	Frontal Orbital Cortex	zstat	-0.25855616328979275	-0.2446907605027329
10794	33	34	Parahippocampal Gyrus, anterior division	zstat	-0.8220872463549248	0.09135997436855162
10794	34	35	Parahippocampal Gyrus, posterior division	zstat	-0.4788082996708394	1.3638940118885827
10794	35	36	Lingual Gyrus	zstat	0.09989963499364926	1.1420628791031153
10794	36	37	Temporal Fusiform Cortex, anterior division	zstat	-1.0834806863060022	0.8345181787426167
10794	37	38	Temporal Fusiform Cortex, posterior division	zstat	-0.7079015309369775	0.22317150941041655
10794	38	39	Temporal Occipital Fusiform Cortex	zstat	-0.7633437455070136	-0.13950364733525134
10794	39	40	Occipital Fusiform Gyrus	zstat	-0.1487796315606484	0.2984854706245717
10794	40	41	Frontal Operculum Cortex	zstat	-0.6772600098732201	0.6616603208807524
10794	41	42	Central Opercular Cortex	zstat	0.14024449136829184	0.7779547121857847
10794	42	43	Parietal Operculum Cortex	zstat	0.30351403184550657	1.4192319805710223
10794	43	44	Planum Polare	zstat	0.5760414357517512	0.5118786258523473
10794	44	45	Heschl's Gyrus (includes H1 and H2)	zstat	0.1915432733992192	0.13644041389673262
10794	45	46	Planum Temporale	zstat	0.06354353586379491	0.27838540714043203
10794	46	47	Supracalcarine Cortex	zstat	0.6095338667089001	1.0527580189815862
10794	47	48	Occipital Pole	zstat	-0.34761110311808574	0.49542688742073143
10800	0	1	Frontal Pole	zstat	-0.12563300342859277	0.5354276195084895
10800	1	2	Insular Cortex	zstat	-0.38340362296179087	0.4670996173689539
10800	2	3	Superior Frontal Gyrus	zstat	-0.2643952269352151	0.8954053368040062
10800	3	4	Middle Frontal Gyrus	zstat	-0.5085499486948977	0.40700895794310094
10800	4	5	Inferior Frontal Gyrus, pars triangularis	zstat	-1.3169955088554854	-0.1532809923823769
10800	5	6	Inferior Frontal Gyrus, pars opercularis	zstat	-0.9463767777132147	0.01294799111039139
10800	6	7	Precentral Gyrus	zstat	-0.563788393085337	0.48488000370556783
10800	7	8	Temporal Pole	zstat	-0.5871844934756545	0.2967934575290241
10800	8	9	Superior Temporal Gyrus, anterior division	zstat	-0.8907077489456592	0.6264300600106183
10800	9	10	Superior Temporal Gyrus, posterior division	zstat	-0.46282774423152306	0.9801579079826592
10800	10	11	Middle Temporal Gyrus, anterior division	zstat	-0.9414073054400731	0.6040277791584828
10800	11	12	Middle Temporal Gyrus, posterior division	zstat	-0.38818144913745095	0.7438221907871453
10800	12	13	Middle Temporal Gyrus, temporooccipital part	zstat	-0.567416495385665	0.5771463363981605
10800	13	14	Inferior Temporal Gyrus, anterior division	zstat	-0.79444269850376	-0.26165319045801705
10800	14	15	Inferior Temporal Gyrus, posterior division	zstat	-0.30203863549765875	0.5633066788510918
10800	15	16	Inferior Temporal Gyrus, temporooccipital part	zstat	-0.3606496020311441	0.666807269615837
10800	16	17	Postcentral Gyrus	zstat	0.13624918689632423	0.5713116546008108
10800	17	18	Superior Parietal Lobule	zstat	-0.30744934012457054	0.40223040225429174
10800	18	19	Supramarginal Gyrus, anterior division	zstat	-0.339797208502838	0.053602099346527314
10800	19	20	Supramarginal Gyrus, posterior division	zstat	-0.6365205967065727	0.14662488974438906
10800	20	21	Angular Gyrus	zstat	-0.7600936804913447	0.5504612324355752
10800	21	22	Lateral Occipital Cortex, superior division	zstat	-0.59920585869617	0.41066564383368404
10800	22	23	Lateral Occipital Cortex, inferior division	zstat	-0.5132523710520025	0.8506485548444186
10800	23	24	Intracalcarine Cortex	zstat	0.11141202916393006	0.16660963624429523
10800	24	25	Frontal Medial Cortex	zstat	-0.21889088847773505	0.27978478868802387
10800	25	26	Juxtapositional Lobule Cortex (formerly Supplementary Motor Cortex)	zstat	0.14045076769292103	0.17755514817513726
10800	26	27	Subcallosal Cortex	zstat	0.29490433011669664	-0.32463975874304124
10800	27	28	Paracingulate Gyrus	zstat	0.14688791912883897	0.8259401164057708
10800	28	29	Cingulate Gyrus, anterior division	zstat	0.39116790367786625	0.4357471358343284
10800	29	30	Cingulate Gyrus, posterior division	zstat	0.011009005299636295	1.5052443840759142
10800	30	31	Precuneous Cortex	zstat	-0.2967909743928834	1.073407787708477
10800	31	32	Cuneal Cortex	zstat	0.2657673713852323	0.4770826003684594
10800	32	33	Frontal Orbital Cortex	zstat	-0.3110375955297355	0.2583078774041496
10800	33	34	Parahippocampal Gyrus, anterior division	zstat	-0.2456626625931451	0.14996886661016604
10800	34	35	Parahippocampal Gyrus, posterior division	zstat	-0.19496292947211635	0.5253613929870485
10800	35	36	Lingual Gyrus	zstat	0.1985485535671158	0.33057241201820703
10800	36	37	Temporal Fusiform Cortex, anterior division	zstat	-0.282527420323025	0.08321614738170666
10800	37	38	Temporal Fusiform Cortex, posterior division	zstat	-0.39090051966067724	0.2702508890895548
10800	38	39	Temporal Occipital Fusiform Cortex	zstat	-0.8013886546264116	0.49837533733807504
10800	39	40	Occipital Fusiform Gyrus	zstat	0.05772299081920087	1.1049511775460568
10800	40	41	Frontal Operculum Cortex	zstat	-0.48425422052406714	1.0504506612196565
10800	41	42	Central Opercular Cortex	zstat	-0.38456569562046145	1.0482930600928393
10800	42	43	Parietal Operculum Cortex	zstat	-0.09481074135670164	0.7029139660809988
10800	43	44	Planum Polare	zstat	-0.1644666460698172	0.26622348682215535
10800	44	45	Heschl's Gyrus (includes H1 and H2)	zstat	-0.4929300824229601	0.6275943420668592
10800	45	46	Planum Temporale	zstat	0.1166504501992994	0.734658064685086
10800	46	47	Supracalcarine Cortex	zstat	0.06189796344644608	0.265720780582187
10800	47	48	Occipital Pole	zstat	0.6393450204742164	0.15567446868768575
10801	0	1	Frontal Pole	zstat	-0.6385405763277121	0.4210725670825547
10801	1	2	Insular Cortex	zstat	-0.2300625005362116	0.15009425905235893
10801	2	3	Superior Frontal Gyrus	zstat	-0.834651799924011	0.3118523979169403
10801	3	4	Middle Frontal Gyrus	zstat	-0.8044173670583207	0.6159452545124123
10801	4	5	Inferior Frontal Gyrus, pars triangularis	zstat	-1.5529322554271907	0.4513149853515943
10801	5	6	Inferior Frontal Gyrus, pars opercularis	zstat	-0.7618974607695781	0.6516274571951935
10801	6	7	Precentral Gyrus	zstat	0.13587673918087223	0.7223312767175998
10801	7	8	Temporal Pole	zstat	-0.37799244822582906	0.751364989925222
10801	8	9	Superior Temporal Gyrus, anterior division	zstat	-1.3616365739957799	0.6824838639165346
10801	9	10	Superior Temporal Gyrus, posterior division	zstat	-0.6469094233100556	-0.09435133810242784
10801	10	11	Middle Temporal Gyrus, anterior division	zstat	-0.3464700570024216	0.6824571861732585
10801	11	12	Middle Temporal Gyrus, posterior division	zstat	-0.9342598082794966	0.5825931963861898
10801	12	13	Middle Temporal Gyrus, temporooccipital part	zstat	-1.3107097546764643	0.9251165128908052
10801	13	14	Inferior Temporal Gyrus, anterior division	zstat	-0.5328984130573453	0.03331614219026982
10801	14	15	Inferior Temporal Gyrus, posterior division	zstat	-0.38279129430819964	0.04763322174466502
10801	15	16	Inferior Temporal Gyrus, temporooccipital part	zstat	-0.9111365115707879	0.635982302165201
10801	16	17	Postcentral Gyrus	zstat	0.5606633764858682	0.25700779706738264
10801	17	18	Superior Parietal Lobule	zstat	0.42793623215853166	0.7474472442589299
10801	18	19	Supramarginal Gyrus, anterior division	zstat	0.367912810385072	-0.270723741181212
10801	19	20	Supramarginal Gyrus, posterior division	zstat	-0.5741260125943636	0.8527173067970089
10801	20	21	Angular Gyrus	zstat	-1.638725309021095	1.1478620394098167
10801	21	22	Lateral Occipital Cortex, superior division	zstat	-0.6879814762165226	0.8248394912463807
10801	22	23	Lateral Occipital Cortex, inferior division	zstat	-1.2830891299866394	0.9721349924037522
10801	23	24	Intracalcarine Cortex	zstat	1.0378078725578532	1.674182922599279
10801	24	25	Frontal Medial Cortex	zstat	-0.5821223440134224	0.9322064630278545
10801	25	26	Juxtapositional Lobule Cortex (formerly Supplementary Motor Cortex)	zstat	-0.6681780240662094	0.7456225623003824
10801	26	27	Subcallosal Cortex	zstat	-0.3759916240423291	0.34266634728208795
10801	27	28	Paracingulate Gyrus	zstat	-1.2397289438086827	0.8541894326997126
10801	28	29	Cingulate Gyrus, anterior division	zstat	-0.6562600179671081	0.5626878654674313
10801	29	30	Cingulate Gyrus, posterior division	zstat	-1.859546645789008	0.8130109149961333
10801	30	31	Precuneous Cortex	zstat	-1.227859216078838	0.14025761979249793
10801	31	32	Cuneal Cortex	zstat	1.115041924985394	0.8839313584896622
10801	32	33	Frontal Orbital Cortex	zstat	-0.470605593927845	0.3133565834443941
10801	33	34	Parahippocampal Gyrus, anterior division	zstat	-0.33444247092332835	-0.3588044662749708
10801	34	35	Parahippocampal Gyrus, posterior division	zstat	-1.3539683156699505	1.0324495883799105
10801	35	36	Lingual Gyrus	zstat	0.4082990872438032	1.160033720157294
10801	36	37	Temporal Fusiform Cortex, anterior division	zstat	-0.26969685548163475	0.03536756169414214
10801	37	38	Temporal Fusiform Cortex, posterior division	zstat	-0.8146817951946858	0.011812758849205997
10801	38	39	Temporal Occipital Fusiform Cortex	zstat	-0.9471982194158749	1.2377441315305424
10801	39	40	Occipital Fusiform Gyrus	zstat	-0.4819171786645074	0.8119744528772093
10801	40	41	Frontal Operculum Cortex	zstat	-0.7011827643757232	0.3519981619481295
10801	41	42	Central Opercular Cortex	zstat	0.308485028828471	-0.3226931080545771
10801	42	43	Parietal Operculum Cortex	zstat	0.31859396112584015	-0.09423066391952355
10801	43	44	Planum Polare	zstat	-0.4947996166941731	-0.16665358781395348
10801	44	45	Heschl's Gyrus (includes H1 and H2)	zstat	-0.5804190033368664	0.3544815122568336
10801	45	46	Planum Temporale	zstat	-0.18382208629245572	0.12315988496534135
10801	46	47	Supracalcarine Cortex	zstat	1.2997316776556855	1.3714952072465514
10801	47	48	Occipital Pole	zstat	-0.2938157036435042	1.3299026802623608
10802	0	1	Frontal Pole	zstat	-0.1176039429506931	-0.02373844238836924
10802	1	2	Insular Cortex	zstat	-0.473040300552056	1.2366966101664552
10802	2	3	Superior Frontal Gyrus	zstat	-0.09114409619605077	-0.2778915659123212
10802	3	4	Middle Frontal Gyrus	zstat	0.36060674655043384	0.4728302326385681
10802	4	5	Inferior Frontal Gyrus, pars triangularis	zstat	-0.2794933299455389	-0.6263560185942787
10802	5	6	Inferior Frontal Gyrus, pars opercularis	zstat	-0.29997208020623883	0.8201617763808766
10802	6	7	Precentral Gyrus	zstat	0.0507966214520211	1.0154364399936997
10802	7	8	Temporal Pole	zstat	-0.4368688770749357	-0.049323890441812325
10802	8	9	Superior Temporal Gyrus, anterior division	zstat	-0.1604562147672718	0.6916041887205584
10802	9	10	Superior Temporal Gyrus, posterior division	zstat	0.39475906197308236	-0.1879805045008853
10802	10	11	Middle Temporal Gyrus, anterior division	zstat	-0.30711438912801	-1.0800819418664132
10802	11	12	Middle Temporal Gyrus, posterior division	zstat	-0.0711294249688982	-0.2835903122555004
10802	12	13	Middle Temporal Gyrus, temporooccipital part	zstat	-0.39205841871988584	0.30388196713727944
10802	13	14	Inferior Temporal Gyrus, anterior division	zstat	-0.45336046822495846	-0.5875903679079999
10802	14	15	Inferior Temporal Gyrus, posterior division	zstat	0.058373897994131244	-0.5071508597381142
10802	15	16	Inferior Temporal Gyrus, temporooccipital part	zstat	-0.17214112414382468	0.22239717809438234
10802	16	17	Postcentral Gyrus	zstat	0.627640640251541	0.7687579455492897
10802	17	18	Superior Parietal Lobule	zstat	0.33554392892823326	1.4872734147341546
10802	18	19	Supramarginal Gyrus, anterior division	zstat	0.12217135295720288	0.9285433638401123
10802	19	20	Supramarginal Gyrus, posterior division	zstat	-0.2625818905068209	1.3347792815844957
10802	20	21	Angular Gyrus	zstat	-0.47610485943644143	0.6085944201650694
10802	21	22	Lateral Occipital Cortex, superior division	zstat	0.13009637936325058	0.6523569963850846
10802	22	23	Lateral Occipital Cortex, inferior division	zstat	-0.2585348553700882	0.5957219767310183
10802	23	24	Intracalcarine Cortex	zstat	-1.9809781913446256	0.35413471500186344
10802	24	25	Frontal Medial Cortex	zstat	0.059881437258590145	-1.6621131017657182
10802	25	26	Juxtapositional Lobule Cortex (formerly Supplementary Motor Cortex)	zstat	0.29427717424688443	1.0199990968504682
10802	26	27	Subcallosal Cortex	zstat	0.14885652472193425	-0.4632264933933934
10802	27	28	Paracingulate Gyrus	zstat	-0.39508112324617606	0.28715955598230053
10802	28	29	Cingulate Gyrus, anterior division	zstat	-1.0398838964026516	1.1705029501939153
10802	29	30	Cingulate Gyrus, posterior division	zstat	-0.617766971103847	-0.2854616477569299
10802	30	31	Precuneous Cortex	zstat	-0.6048781757429585	-0.3254361578049712
10802	31	32	Cuneal Cortex	zstat	-1.3292988657872884	0.12397137618490545
10802	32	33	Frontal Orbital Cortex	zstat	-0.14781713144245381	0.0644077023663089
10802	33	34	Parahippocampal Gyrus, anterior division	zstat	-0.21613859767104557	-0.019244465866590753
10802	34	35	Parahippocampal Gyrus, posterior division	zstat	-0.8135767401283923	0.07314310448138782
10802	35	36	Lingual Gyrus	zstat	-1.2674975768543275	0.24513747828403631
10802	36	37	Temporal Fusiform Cortex, anterior division	zstat	-1.0170524637809302	-0.9951601124877203
10802	37	38	Temporal Fusiform Cortex, posterior division	zstat	-0.6522226694307608	-0.01602064306397318
10802	38	39	Temporal Occipital Fusiform Cortex	zstat	-1.0800226441080132	0.2288862961926708
10802	39	40	Occipital Fusiform Gyrus	zstat	-0.9337961021264295	0.6453136663577044
10802	40	41	Frontal Operculum Cortex	zstat	-1.556462924340505	1.5762633350247346
10802	41	42	Central Opercular Cortex	zstat	0.002447091223934223	1.229813379260146
10802	42	43	Parietal Operculum Cortex	zstat	0.35287039516952245	0.5605753080335536
10802	43	44	Planum Polare	zstat	-0.25089357575607835	0.7391692796857132
10802	44	45	Heschl's Gyrus (includes H1 and H2)	zstat	-0.24690553307756438	-0.07934776448182332
10802	45	46	Planum Temporale	zstat	0.21783192425179332	-0.1170491803640795
10802	46	47	Supracalcarine Cortex	zstat	-1.7849805531825156	0.2740927839508042
10802	47	48	Occipital Pole	zstat	-0.7375465015243857	0.3433464451905869
10803	0	1	Frontal Pole	zstat	0.41072127510713624	0.2201442779030959
10803	1	2	Insular Cortex	zstat	-0.7909805368929438	0.5316001293652588
10803	2	3	Superior Frontal Gyrus	zstat	0.6950224181239356	0.44915857373610385
10803	3	4	Middle Frontal Gyrus	zstat	0.8044267596841204	0.5684949708479304
10803	4	5	Inferior Frontal Gyrus, pars triangularis	zstat	0.4618009126220761	0.4200416606767616
10803	5	6	Inferior Frontal Gyrus, pars opercularis	zstat	-0.3769058083492088	-0.07507531400761294
10803	6	7	Precentral Gyrus	zstat	-0.43672411815401846	-0.2124943251085661
10803	7	8	Temporal Pole	zstat	-0.1517820543693893	0.4266349185480019
10803	8	9	Superior Temporal Gyrus, anterior division	zstat	-0.24134088462361922	0.5739315199737366
10803	9	10	Superior Temporal Gyrus, posterior division	zstat	-0.03570768604389174	0.947052108184374
10803	10	11	Middle Temporal Gyrus, anterior division	zstat	0.08895805326825591	0.7134667988074248
10803	11	12	Middle Temporal Gyrus, posterior division	zstat	0.4151739689773188	0.39514419376383547
10803	12	13	Middle Temporal Gyrus, temporooccipital part	zstat	-0.6936178056586776	0.6411048446886339
10803	13	14	Inferior Temporal Gyrus, anterior division	zstat	-0.22734485191331635	0.4616961242485042
10803	14	15	Inferior Temporal Gyrus, posterior division	zstat	0.07696612282736669	-0.2446868561930746
10803	15	16	Inferior Temporal Gyrus, temporooccipital part	zstat	1.0476765458810025	0.6424164682811989
10803	16	17	Postcentral Gyrus	zstat	-0.947442337108938	-0.17687327709543751
10803	17	18	Superior Parietal Lobule	zstat	0.23430197183140541	0.5217511145522686
10803	18	19	Supramarginal Gyrus, anterior division	zstat	-0.6921901653042166	-0.24773800144429078
10803	19	20	Supramarginal Gyrus, posterior division	zstat	-0.7774010674449037	0.3609957306301284
10803	20	21	Angular Gyrus	zstat	-0.3022474331409271	0.7835382189891812
10803	21	22	Lateral Occipital Cortex, superior division	zstat	0.8603994972285712	1.1117376171297622
10803	22	23	Lateral Occipital Cortex, inferior division	zstat	0.5367195338673185	0.7485876421339592
10803	23	24	Intracalcarine Cortex	zstat	-0.2983345711924922	1.946033456895486
10803	24	25	Frontal Medial Cortex	zstat	0.7388402707742673	0.11604715657010939
10803	25	26	Juxtapositional Lobule Cortex (formerly Supplementary Motor Cortex)	zstat	-1.253261212958023	0.015573540038580226
10803	26	27	Subcallosal Cortex	zstat	0.8204557398414741	0.30545498712274893
10803	27	28	Paracingulate Gyrus	zstat	0.7242551385564906	0.3515145584037012
10803	28	29	Cingulate Gyrus, anterior division	zstat	-0.2750756960614758	0.5515211253542645
10803	29	30	Cingulate Gyrus, posterior division	zstat	0.5135336883214435	0.21866816813977702
10803	30	31	Precuneous Cortex	zstat	0.46358485548794687	0.5614214461553569
10803	31	32	Cuneal Cortex	zstat	-0.7571423809888655	1.9410078669763986
10803	32	33	Frontal Orbital Cortex	zstat	0.2989765045534546	0.3668570009480569
10803	33	34	Parahippocampal Gyrus, anterior division	zstat	0.17151461163727852	-0.24529023676187592
10803	34	35	Parahippocampal Gyrus, posterior division	zstat	0.20145437252127898	0.19591315531716594
10803	35	36	Lingual Gyrus	zstat	-0.39779081651337656	1.2749705707931491
10803	36	37	Temporal Fusiform Cortex, anterior division	zstat	-0.2527970817750848	0.8702969289589542
10803	37	38	Temporal Fusiform Cortex, posterior division	zstat	0.6505386885591196	-0.28003631246864485
10803	38	39	Temporal Occipital Fusiform Cortex	zstat	1.0262429454535664	0.777301560745071
10803	39	40	Occipital Fusiform Gyrus	zstat	1.6918661188674573	0.4502886006528859
10803	40	41	Frontal Operculum Cortex	zstat	-1.2120427106937077	-0.2541297763633002
10803	41	42	Central Opercular Cortex	zstat	-1.024183830734864	0.01817546976869175
10803	42	43	Parietal Operculum Cortex	zstat	-1.5041568015591562	0.09615711050390545
10803	43	44	Planum Polare	zstat	-0.797382224854153	0.48222075958886423
10803	44	45	Heschl's Gyrus (includes H1 and H2)	zstat	-0.8883946146429752	1.2633929290928907
10803	45	46	Planum Temporale	zstat	-0.8063061687296548	1.1263985209143785
10803	46	47	Supracalcarine Cortex	zstat	-0.025279042568612606	2.020632281899452
10803	47	48	Occipital Pole	zstat	1.1619454195353063	1.051579515723462
10804	0	1	Frontal Pole	zstat	-0.43110753678934655	-0.5057870708691609
10804	1	2	Insular Cortex	zstat	-0.2753795660896238	0.39508134021591224
10804	2	3	Superior Frontal Gyrus	zstat	-0.508559398970414	-0.2522246357239702
10804	3	4	Middle Frontal Gyrus	zstat	-0.8369654913107571	-0.6846908045911724
10804	4	5	Inferior Frontal Gyrus, pars triangularis	zstat	-0.5740537710515612	-0.4853411744078493
10804	5	6	Inferior Frontal Gyrus, pars opercularis	zstat	-0.45789492072115157	-0.7820547569485132
10804	6	7	Precentral Gyrus	zstat	0.28342677773886094	-0.7927188307420685
10804	7	8	Temporal Pole	zstat	-0.12497318843944177	-0.1308872101024894
10804	8	9	Superior Temporal Gyrus, anterior division	zstat	0.17044689658885964	0.4472084166911932
10804	9	10	Superior Temporal Gyrus, posterior division	zstat	-0.3591177087676312	0.14501652354676905
10804	10	11	Middle Temporal Gyrus, anterior division	zstat	0.0990576556122709	0.29241367758585335
10804	11	12	Middle Temporal Gyrus, posterior division	zstat	-0.286348507258355	0.5182362743836838
10804	12	13	Middle Temporal Gyrus, temporooccipital part	zstat	0.0686482558706026	0.44335656759199116
10804	13	14	Inferior Temporal Gyrus, anterior division	zstat	-0.36042035649359755	-0.10100816769977293
10804	14	15	Inferior Temporal Gyrus, posterior division	zstat	-0.20604261612527883	0.3801183798771141
10804	15	16	Inferior Temporal Gyrus, temporooccipital part	zstat	-0.00384999748055281	-0.05097977969234674
10804	16	17	Postcentral Gyrus	zstat	-0.14842757489198172	-0.8385089127083674
10804	17	18	Superior Parietal Lobule	zstat	-0.4957097785601153	-0.7137031137730604
10804	18	19	Supramarginal Gyrus, anterior division	zstat	-0.3829851798678714	-0.11743973848944599
10804	19	20	Supramarginal Gyrus, posterior division	zstat	-0.8155606424561828	-0.17751521408114254
10804	20	21	Angular Gyrus	zstat	-0.6640169561105168	0.634243333873547
10804	21	22	Lateral Occipital Cortex, superior division	zstat	-0.02023142148942582	-0.5159199455206357
10804	22	23	Lateral Occipital Cortex, inferior division	zstat	0.46025462320875093	0.3215987503846007
10804	23	24	Intracalcarine Cortex	zstat	0.6823556087122947	-0.4836856211417405
10804	24	25	Frontal Medial Cortex	zstat	-0.010021915544544393	-0.25297062730264736
10804	25	26	Juxtapositional Lobule Cortex (formerly Supplementary Motor Cortex)	zstat	0.5783051595235765	0.16799052850802657
10804	26	27	Subcallosal Cortex	zstat	-0.3040769366681791	0.3085484992712736
10804	27	28	Paracingulate Gyrus	zstat	-0.9010786237058563	-0.01861238817079449
10804	28	29	Cingulate Gyrus, anterior division	zstat	-0.8081166344769772	0.4291084479295547
10804	29	30	Cingulate Gyrus, posterior division	zstat	-0.24991509740081216	0.6214716114967264
10804	30	31	Precuneous Cortex	zstat	0.2663623355912409	0.3312118439124387
10804	31	32	Cuneal Cortex	zstat	0.8247741475523741	-1.3709350805533451
10804	32	33	Frontal Orbital Cortex	zstat	-0.36335469796307224	-0.11440159629835867
10804	33	34	Parahippocampal Gyrus, anterior division	zstat	-0.04614934785625345	0.028119769441097793
10804	34	35	Parahippocampal Gyrus, posterior division	zstat	-0.15314139700582569	0.859531782661512
10804	35	36	Lingual Gyrus	zstat	0.915126738831498	-0.5390321330178665
10804	36	37	Temporal Fusiform Cortex, anterior division	zstat	-0.07216513451479428	-0.7426914525621221
10804	37	38	Temporal Fusiform Cortex, posterior division	zstat	-0.05478544718675674	0.1763659049203802
10804	38	39	Temporal Occipital Fusiform Cortex	zstat	0.011936528845875444	0.045301724551266624
10804	39	40	Occipital Fusiform Gyrus	zstat	0.963438150685833	-0.34602099896012734
10804	40	41	Frontal Operculum Cortex	zstat	-0.7893858479170575	0.08173027618576874
10804	41	42	Central Opercular Cortex	zstat	-0.1134368207657647	0.09840172924851309
10804	42	43	Parietal Operculum Cortex	zstat	0.06867881467433523	0.33655027363468243
10804	43	44	Planum Polare	zstat	-0.03691051757844691	0.0593370307679688
10804	44	45	Heschl's Gyrus (includes H1 and H2)	zstat	-0.16004889758314758	0.16741019780940725
10804	45	46	Planum Temporale	zstat	0.22233463821505708	0.08214768918503303
10804	46	47	Supracalcarine Cortex	zstat	1.1337096950911143	-0.9486719154297037
10804	47	48	Occipital Pole	zstat	0.4879477239537084	-0.05605227494522515
10817	0	1	Frontal Pole	zstat	-0.23367815491209182	-1.0120644183715313
10817	1	2	Insular Cortex	zstat	-1.5811845776291	0.6769373689337537
10817	2	3	Superior Frontal Gyrus	zstat	-0.4040925300806613	-1.1042280316158786
10817	3	4	Middle Frontal Gyrus	zstat	-1.1611975645446395	-1.6457652662270148
10817	4	5	Inferior Frontal Gyrus, pars triangularis	zstat	-1.4869673227530331	-0.9716134978716748
10817	5	6	Inferior Frontal Gyrus, pars opercularis	zstat	-2.6398224771179892	0.06279990033790353
10817	6	7	Precentral Gyrus	zstat	-1.3845084538045938	0.12759497393479452
10817	7	8	Temporal Pole	zstat	-0.836071747035697	0.5542163139812915
10817	8	9	Superior Temporal Gyrus, anterior division	zstat	-0.9963786800511373	-0.43621013950174437
10817	9	10	Superior Temporal Gyrus, posterior division	zstat	-1.2446367620186602	-1.2892342634747023
10817	10	11	Middle Temporal Gyrus, anterior division	zstat	-0.475320720778945	-0.7191148309148292
10817	11	12	Middle Temporal Gyrus, posterior division	zstat	-0.05024814851289402	-1.8165208972544638
10817	12	13	Middle Temporal Gyrus, temporooccipital part	zstat	-1.5472478111265893	-0.3502410989013876
10817	13	14	Inferior Temporal Gyrus, anterior division	zstat	-1.5692503466959713	1.3211115775009914
10817	14	15	Inferior Temporal Gyrus, posterior division	zstat	-0.3560350166743171	0.5017170805541877
10817	15	16	Inferior Temporal Gyrus, temporooccipital part	zstat	-1.6573749992656766	-0.39825739949262257
10817	16	17	Postcentral Gyrus	zstat	-1.0291830622810305	0.39428243465293905
10817	17	18	Superior Parietal Lobule	zstat	-1.752063324422578	-0.5071751475737496
10817	18	19	Supramarginal Gyrus, anterior division	zstat	-2.0717742659082568	0.7788390056126647
10817	19	20	Supramarginal Gyrus, posterior division	zstat	-2.4378934949173945	0.10873416461150014
10817	20	21	Angular Gyrus	zstat	-1.4229623207699527	-1.4231752418496482
10817	21	22	Lateral Occipital Cortex, superior division	zstat	-1.2098034547629923	-0.8020876598423571
10817	22	23	Lateral Occipital Cortex, inferior division	zstat	-1.6797957722722234	-0.09009774448911623
10817	23	24	Intracalcarine Cortex	zstat	-1.2327043084076204	0.5142567082587267
10817	24	25	Frontal Medial Cortex	zstat	-0.23226267605993553	-0.5589689415630205
10817	25	26	Juxtapositional Lobule Cortex (formerly Supplementary Motor Cortex)	zstat	-1.4757097282736387	-0.5809643705351109
10817	26	27	Subcallosal Cortex	zstat	0.2339182800089475	0.015179724424916248
10817	27	28	Paracingulate Gyrus	zstat	-0.7487211080566277	0.4033072970702041
10817	28	29	Cingulate Gyrus, anterior division	zstat	-0.884329768750862	0.9043799226969356
10817	29	30	Cingulate Gyrus, posterior division	zstat	-0.050754574833703894	-0.6076556166985205
10817	30	31	Precuneous Cortex	zstat	-0.19999127971065364	-1.0318337686135377
10817	31	32	Cuneal Cortex	zstat	-1.1403868262812975	0.7113568728545498
10817	32	33	Frontal Orbital Cortex	zstat	-0.8346289602678635	0.2806213020634116
10817	33	34	Parahippocampal Gyrus, anterior division	zstat	-0.3810487636179556	0.8962469245353507
10817	34	35	Parahippocampal Gyrus, posterior division	zstat	-0.5445637896648204	0.06795888752676546
10817	35	36	Lingual Gyrus	zstat	-1.3362156453025849	0.3611795794195213
10817	36	37	Temporal Fusiform Cortex, anterior division	zstat	-0.9357926281274739	0.75959375526439
10817	37	38	Temporal Fusiform Cortex, posterior division	zstat	-0.5267185218314233	0.24612733637697662
10817	38	39	Temporal Occipital Fusiform Cortex	zstat	-1.7175019596262109	-0.32616112488877724
10817	39	40	Occipital Fusiform Gyrus	zstat	-1.2745018818562377	0.38805886197088296
10817	40	41	Frontal Operculum Cortex	zstat	-1.684155647502038	1.3523923685195065
10817	41	42	Central Opercular Cortex	zstat	-1.0822862871926648	0.2289931070483037
10817	42	43	Parietal Operculum Cortex	zstat	-1.3843602692628005	0.45776171164544593
10817	43	44	Planum Polare	zstat	-1.3226600636211348	0.7798414808939715
10817	44	45	Heschl's Gyrus (includes H1 and H2)	zstat	-1.1178326570699293	0.25796962081785163
10817	45	46	Planum Temporale	zstat	-0.9964402283405127	0.44300344909755435
10817	46	47	Supracalcarine Cortex	zstat	-1.10992383417931	0.9455648951301787
10817	47	48	Occipital Pole	zstat	-0.814565654712409	-0.23146500930922656
10831	0	1	Frontal Pole	zstat	0.3837345574423619	0.20824249192701083
10831	1	2	Insular Cortex	zstat	-0.8140953857017267	0.1271286941376379
10831	2	3	Superior Frontal Gyrus	zstat	0.28647017301627214	0.5374796858695695
10831	3	4	Middle Frontal Gyrus	zstat	0.4548235361804815	0.9896127488264718
10831	4	5	Inferior Frontal Gyrus, pars triangularis	zstat	0.20311420611981645	0.17778925140256943
10831	5	6	Inferior Frontal Gyrus, pars opercularis	zstat	-0.22726213122409902	0.30128016931802853
10831	6	7	Precentral Gyrus	zstat	-0.2473548527903792	1.0568635329703422
10831	7	8	Temporal Pole	zstat	-0.1756538637498198	-0.6216046932039108
10831	8	9	Superior Temporal Gyrus, anterior division	zstat	0.3803886094990258	0.06754455986695412
10831	9	10	Superior Temporal Gyrus, posterior division	zstat	0.35308986397266584	0.4844611407478352
10831	10	11	Middle Temporal Gyrus, anterior division	zstat	0.5525157047098558	-0.7909117814542642
10831	11	12	Middle Temporal Gyrus, posterior division	zstat	0.5904714820145909	-0.48003717672319995
10831	12	13	Middle Temporal Gyrus, temporooccipital part	zstat	-0.5455706045214498	0.28709061263209823
10831	13	14	Inferior Temporal Gyrus, anterior division	zstat	-0.6226790568339445	-0.9219735878569311
10831	14	15	Inferior Temporal Gyrus, posterior division	zstat	0.09287964341596198	-0.755298786129629
10831	15	16	Inferior Temporal Gyrus, temporooccipital part	zstat	0.1144885646128061	0.5976898436809877
10831	16	17	Postcentral Gyrus	zstat	-0.5342241846887475	0.8796142157279057
10831	17	18	Superior Parietal Lobule	zstat	-0.3841292221716964	0.3093848590836237
10831	18	19	Supramarginal Gyrus, anterior division	zstat	-1.2844802368052857	0.10689546854269726
10831	19	20	Supramarginal Gyrus, posterior division	zstat	-0.8731106548308949	-0.052712665481089355
10831	20	21	Angular Gyrus	zstat	0.2801906888556092	0.7867140044209056
10831	21	22	Lateral Occipital Cortex, superior division	zstat	0.6886708353457984	0.8467269412153794
10831	22	23	Lateral Occipital Cortex, inferior division	zstat	-0.20096865455890775	0.7518022251342524
10831	23	24	Intracalcarine Cortex	zstat	-0.1271875988590578	0.7727011934861338
10831	24	25	Frontal Medial Cortex	zstat	0.34215022254807886	-0.3610832884111805
10831	25	26	Juxtapositional Lobule Cortex (formerly Supplementary Motor Cortex)	zstat	-0.6386494199380379	0.9358000670893218
10831	26	27	Subcallosal Cortex	zstat	0.4097689283082638	-0.03340971282226607
10831	27	28	Paracingulate Gyrus	zstat	-0.1909123334481646	0.2552735317168198
10831	28	29	Cingulate Gyrus, anterior division	zstat	-0.4882793671023461	-0.04973703279738093
10831	29	30	Cingulate Gyrus, posterior division	zstat	-0.3195180124116263	-0.48214941533974237
10831	30	31	Precuneous Cortex	zstat	0.005932321523017684	-0.2841862744753153
10831	31	32	Cuneal Cortex	zstat	-0.4964981918048192	0.6158356634995997
10831	32	33	Frontal Orbital Cortex	zstat	-0.26454151885036564	0.029254018871351224
10831	33	34	Parahippocampal Gyrus, anterior division	zstat	0.06145181431150707	-1.3422603596844587
10831	34	35	Parahippocampal Gyrus, posterior division	zstat	-0.38515403809307036	-0.6118214893620462
10831	35	36	Lingual Gyrus	zstat	-0.7604697279808835	0.43380992127152823
10831	36	37	Temporal Fusiform Cortex, anterior division	zstat	-0.5951434778089219	-0.7947689708419712
10831	37	38	Temporal Fusiform Cortex, posterior division	zstat	0.24123316925084295	-0.7586417291501758
10831	38	39	Temporal Occipital Fusiform Cortex	zstat	-0.8561200374934425	0.2191148872738182
10831	39	40	Occipital Fusiform Gyrus	zstat	0.5722252111718207	1.1779130388440036
10831	40	41	Frontal Operculum Cortex	zstat	-1.4300078065555246	-0.03091196357096475
10831	41	42	Central Opercular Cortex	zstat	-1.627460090079566	0.38285976885063894
10831	42	43	Parietal Operculum Cortex	zstat	-1.405440106878629	0.3701066454484832
10831	43	44	Planum Polare	zstat	-0.8657654012492965	-0.05399388289843323
10831	44	45	Heschl's Gyrus (includes H1 and H2)	zstat	-1.2962419336955686	0.5373286322351494
10831	45	46	Planum Temporale	zstat	-0.8173913859060534	0.8786452855667166
10831	46	47	Supracalcarine Cortex	zstat	-0.2936553818574968	0.3874094420251377
10831	47	48	Occipital Pole	zstat	0.73845270654014	1.1891856721351475
10834	0	1	Frontal Pole	zstat	-0.25545660589519653	-0.4025100839658928
10834	1	2	Insular Cortex	zstat	0.06449809426787217	-0.5109662172954947
10834	2	3	Superior Frontal Gyrus	zstat	-0.6042634101074871	-0.14976549970317457
10834	3	4	Middle Frontal Gyrus	zstat	0.14452184759574105	-0.2577365877912484
10834	4	5	Inferior Frontal Gyrus, pars triangularis	zstat	-0.665902579620047	-0.24151912520996321
10834	5	6	Inferior Frontal Gyrus, pars opercularis	zstat	-0.345589132525103	-0.6607545929035643
10834	6	7	Precentral Gyrus	zstat	-0.07826811650113628	0.028008860791331164
10834	7	8	Temporal Pole	zstat	-0.7099746078751485	-0.36719236214993356
10834	8	9	Superior Temporal Gyrus, anterior division	zstat	-0.8323222805387699	-0.2691689832613636
10834	9	10	Superior Temporal Gyrus, posterior division	zstat	-0.37159114331007004	-0.7333977781100102
10834	10	11	Middle Temporal Gyrus, anterior division	zstat	-1.2844830470062347	0.29643646352472647
10834	11	12	Middle Temporal Gyrus, posterior division	zstat	-0.4003840145387405	-0.0026508829364987464
10834	12	13	Middle Temporal Gyrus, temporooccipital part	zstat	0.2664632435303253	-0.1614473290180024
10834	13	14	Inferior Temporal Gyrus, anterior division	zstat	-0.8799996724374284	-0.7843304761690941
10834	14	15	Inferior Temporal Gyrus, posterior division	zstat	-0.573931877146126	0.11148403383498602
10834	15	16	Inferior Temporal Gyrus, temporooccipital part	zstat	0.22332144236546567	-0.09940528258622221
10834	16	17	Postcentral Gyrus	zstat	0.07595446108253268	-0.19778945316717475
10834	17	18	Superior Parietal Lobule	zstat	1.076744656628511	0.6613186950137805
10834	18	19	Supramarginal Gyrus, anterior division	zstat	0.4643678017167581	0.1473176335743456
10834	19	20	Supramarginal Gyrus, posterior division	zstat	0.35191412131251715	-0.6591165060043135
10834	20	21	Angular Gyrus	zstat	-0.8311464796229833	-0.01737187642048333
10834	21	22	Lateral Occipital Cortex, superior division	zstat	0.7511029596289771	0.50159421007115
10834	22	23	Lateral Occipital Cortex, inferior division	zstat	0.30515926835608637	0.2222651727643581
10834	23	24	Intracalcarine Cortex	zstat	2.212306752706722	0.23890110665292694
10834	24	25	Frontal Medial Cortex	zstat	-0.6609237361352573	-0.19593352682274232
10834	25	26	Juxtapositional Lobule Cortex (formerly Supplementary Motor Cortex)	zstat	0.31275674546683346	0.9231115753236981
10834	26	27	Subcallosal Cortex	zstat	0.15656111368802017	-0.8227782863532551
10834	27	28	Paracingulate Gyrus	zstat	-0.7910316438537951	-0.3909513610269779
10834	28	29	Cingulate Gyrus, anterior division	zstat	-0.376759298320394	-0.36184573353078786
10834	29	30	Cingulate Gyrus, posterior division	zstat	-0.23380294790970427	0.507222661531098
10834	30	31	Precuneous Cortex	zstat	0.7650292837143141	0.5191149410446272
10834	31	32	Cuneal Cortex	zstat	1.345493856092663	0.5873258872010544
10834	32	33	Frontal Orbital Cortex	zstat	-0.3109540214469224	-0.681132353438073
10834	33	34	Parahippocampal Gyrus, anterior division	zstat	0.033291475142175085	-0.17996177183123166
10834	34	35	Parahippocampal Gyrus, posterior division	zstat	0.13613899191490042	0.029891581580323994
10834	35	36	Lingual Gyrus	zstat	1.2964247091873153	0.25655301423603855
10834	36	37	Temporal Fusiform Cortex, anterior division	zstat	-1.0055677859469296	-0.8812861096424361
10834	37	38	Temporal Fusiform Cortex, posterior division	zstat	-0.34029932314547645	0.4192564973345975
10834	38	39	Temporal Occipital Fusiform Cortex	zstat	0.5434244358878427	-0.0438068600794196
10834	39	40	Occipital Fusiform Gyrus	zstat	2.092219281371324	-0.14204949488192625
10834	40	41	Frontal Operculum Cortex	zstat	0.028358563029465555	-0.46055947079816284
10834	41	42	Central Opercular Cortex	zstat	-0.23283917228583742	-0.3872278673997166
10834	42	43	Parietal Operculum Cortex	zstat	-0.21552176549049748	-0.0321918924943057
10834	43	44	Planum Polare	zstat	-0.5155612140669992	-0.5301296569336782
10834	44	45	Heschl's Gyrus (includes H1 and H2)	zstat	-0.2954465473062157	-0.27952382127724346
10834	45	46	Planum Temporale	zstat	-0.3520748954552672	-0.6283820147001781
10834	46	47	Supracalcarine Cortex	zstat	2.1199597948567663	0.3318117444126054
10834	47	48	Occipital Pole	zstat	0.8724903862678017	-0.5891510640129429
10838	0	1	Frontal Pole	zstat	0.17393056062613496	0.3308278305463976
10838	1	2	Insular Cortex	zstat	-0.4154065665452585	-0.669276344902636
10838	2	3	Superior Frontal Gyrus	zstat	-0.19570035179468123	-0.008905188520564168
10838	3	4	Middle Frontal Gyrus	zstat	0.10973232508503551	0.47461340974417926
10838	4	5	Inferior Frontal Gyrus, pars triangularis	zstat	-0.199192587184771	-0.34790242840044644
10838	5	6	Inferior Frontal Gyrus, pars opercularis	zstat	0.10443424575180542	-0.4116689462238943
10838	6	7	Precentral Gyrus	zstat	-0.039236272198532325	-0.17011546182772777
10838	7	8	Temporal Pole	zstat	-0.2987396030647187	-0.5365811316242379
10838	8	9	Superior Temporal Gyrus, anterior division	zstat	-1.49044515085526	-1.08284148780438
10838	9	10	Superior Temporal Gyrus, posterior division	zstat	-0.9856344343544069	-0.9562792431838303
10838	10	11	Middle Temporal Gyrus, anterior division	zstat	-0.7730782334713626	-0.664047892570301
10838	11	12	Middle Temporal Gyrus, posterior division	zstat	-0.42279560816692363	-0.6828469800863602
10838	12	13	Middle Temporal Gyrus, temporooccipital part	zstat	-0.22663830932462106	-0.7103875834538705
10838	13	14	Inferior Temporal Gyrus, anterior division	zstat	-0.7955616750815034	0.7751820261330832
10838	14	15	Inferior Temporal Gyrus, posterior division	zstat	-0.21651341024416595	0.1622962713222992
10838	15	16	Inferior Temporal Gyrus, temporooccipital part	zstat	0.5790197628267012	0.15691145657259387
10838	16	17	Postcentral Gyrus	zstat	-0.21044001845906124	0.5078199048219919
10838	17	18	Superior Parietal Lobule	zstat	0.7607780410663721	0.028229512319181436
10838	18	19	Supramarginal Gyrus, anterior division	zstat	0.08287127417883042	-0.8436550889871325
10838	19	20	Supramarginal Gyrus, posterior division	zstat	-0.21190365875404127	-0.7795061770510369
10838	20	21	Angular Gyrus	zstat	-0.459164845534845	-0.1280301049892994
10838	21	22	Lateral Occipital Cortex, superior division	zstat	-0.22113142647944162	0.3195231203941377
10838	22	23	Lateral Occipital Cortex, inferior division	zstat	0.10525274970446337	0.1309946256811952
10838	23	24	Intracalcarine Cortex	zstat	0.6509591871596228	0.05547869676345387
10838	24	25	Frontal Medial Cortex	zstat	0.027403535316401023	-0.4442585911337577
10838	25	26	Juxtapositional Lobule Cortex (formerly Supplementary Motor Cortex)	zstat	-0.573290909841858	-0.47530033428385554
10838	26	27	Subcallosal Cortex	zstat	0.33014025922166185	-0.43712228180800317
10838	27	28	Paracingulate Gyrus	zstat	0.38732987515608075	-0.1457797221133254
10838	28	29	Cingulate Gyrus, anterior division	zstat	0.24244994271134215	-0.6651979278966931
10838	29	30	Cingulate Gyrus, posterior division	zstat	0.6750930906101795	-0.4750189391735808
10838	30	31	Precuneous Cortex	zstat	-0.2187860919320443	-0.08885686635282683
10838	31	32	Cuneal Cortex	zstat	-0.8555639087369132	0.07732031171745982
10838	32	33	Frontal Orbital Cortex	zstat	0.1900638774713689	-1.0295640680262308
10838	33	34	Parahippocampal Gyrus, anterior division	zstat	0.14177988990378954	0.19557989467310397
10838	34	35	Parahippocampal Gyrus, posterior division	zstat	-0.34783025557737585	0.06785620666056309
10838	35	36	Lingual Gyrus	zstat	-0.6207814363631711	0.0769365692505545
10838	36	37	Temporal Fusiform Cortex, anterior division	zstat	-0.4177721327018812	-0.5633064046607795
10838	37	38	Temporal Fusiform Cortex, posterior division	zstat	-0.24921408042743667	-0.25396997666807136
10838	38	39	Temporal Occipital Fusiform Cortex	zstat	-0.04167027966752791	-0.2402334658106516
10838	39	40	Occipital Fusiform Gyrus	zstat	-0.39044567505919464	0.49838335152120194
10838	40	41	Frontal Operculum Cortex	zstat	0.2588843168692513	-1.168704567072099
10838	41	42	Central Opercular Cortex	zstat	-0.8344535059609677	-0.2205244861621699
10838	42	43	Parietal Operculum Cortex	zstat	-1.2816542325843348	-0.7723981437053493
10838	43	44	Planum Polare	zstat	-1.2373182633374054	-0.8124004123547605
10838	44	45	Heschl's Gyrus (includes H1 and H2)	zstat	-0.5110240304919844	-1.4719016021246323
10838	45	46	Planum Temporale	zstat	-1.2632425330022035	-1.0950472437301935
10838	46	47	Supracalcarine Cortex	zstat	-0.023519480323537865	-0.30082960114498536
10838	47	48	Occipital Pole	zstat	0.936414658464394	0.2185946332225614
10843	0	1	Frontal Pole	zstat	0.10314162610286004	0.09252117086430979
10843	1	2	Insular Cortex	zstat	-0.06023309071649431	-0.04233593076847295
10843	2	3	Superior Frontal Gyrus	zstat	-0.3287470519370242	-0.053792590342095756
10843	3	4	Middle Frontal Gyrus	zstat	-0.26404955858352724	0.42421793412175524
10843	4	5	Inferior Frontal Gyrus, pars triangularis	zstat	-0.0408305889444101	0.09058249199360026
10843	5	6	Inferior Frontal Gyrus, pars opercularis	zstat	-0.10145849859269274	0.5353331271819528
10843	6	7	Precentral Gyrus	zstat	-0.23195963781408632	0.5087023151808929
10843	7	8	Temporal Pole	zstat	0.07482230768661638	-0.1042154539453669
10843	8	9	Superior Temporal Gyrus, anterior division	zstat	0.17088560060812877	-0.1455356152080453
10843	9	10	Superior Temporal Gyrus, posterior division	zstat	-0.08791428995348949	-0.07291552775793454
10843	10	11	Middle Temporal Gyrus, anterior division	zstat	0.17735792570816936	-0.8716153732278565
10843	11	12	Middle Temporal Gyrus, posterior division	zstat	-0.01404610293103601	-0.2635674144609798
10843	12	13	Middle Temporal Gyrus, temporooccipital part	zstat	0.24200552032954295	-0.37199721950589276
10843	13	14	Inferior Temporal Gyrus, anterior division	zstat	0.22330618622649417	-0.7134637825477582
10843	14	15	Inferior Temporal Gyrus, posterior division	zstat	0.17129190026487157	-0.048174264989979156
10843	15	16	Inferior Temporal Gyrus, temporooccipital part	zstat	0.6672718810584786	0.15324826841720435
10843	16	17	Postcentral Gyrus	zstat	-0.2748004476115286	0.3213559947716472
10843	17	18	Superior Parietal Lobule	zstat	1.161937605447852	0.9906985565318465
10843	18	19	Supramarginal Gyrus, anterior division	zstat	0.6449812716243927	-0.05923060699779954
10843	19	20	Supramarginal Gyrus, posterior division	zstat	0.5350330109967586	-0.19178723571633266
10843	20	21	Angular Gyrus	zstat	-0.0780038494331027	-0.27888416619983214
10843	21	22	Lateral Occipital Cortex, superior division	zstat	0.20841928783274913	0.38586361313266493
10843	22	23	Lateral Occipital Cortex, inferior division	zstat	1.0242012820373267	-0.2738044269625234
10843	23	24	Intracalcarine Cortex	zstat	-0.524443576348391	-0.6485101136669755
10843	24	25	Frontal Medial Cortex	zstat	-0.03467140853956527	-0.0532061713153219
10843	25	26	Juxtapositional Lobule Cortex (formerly Supplementary Motor Cortex)	zstat	-0.34720526462911655	0.47174781516691466
10843	26	27	Subcallosal Cortex	zstat	0.03777533094309127	-0.005571934387374383
10843	27	28	Paracingulate Gyrus	zstat	0.5247548593835853	-0.4896208783184322
10843	28	29	Cingulate Gyrus, anterior division	zstat	0.09741253007466139	-0.3623120452118771
10843	29	30	Cingulate Gyrus, posterior division	zstat	0.6851805501641439	-0.6149314947224588
10843	30	31	Precuneous Cortex	zstat	0.3475825675143798	-0.8318254783383296
10843	31	32	Cuneal Cortex	zstat	-1.1369794654162257	-0.856293857343879
10843	32	33	Frontal Orbital Cortex	zstat	-0.08675697721443987	-0.021738185433674322
10843	33	34	Parahippocampal Gyrus, anterior division	zstat	-0.2967515737472506	-0.09993982705009732
10843	34	35	Parahippocampal Gyrus, posterior division	zstat	0.22685704922088298	-0.14424482492624588
10843	35	36	Lingual Gyrus	zstat	-0.42658505171805106	-0.39845391394830754
10843	36	37	Temporal Fusiform Cortex, anterior division	zstat	0.3385312125443461	0.1294626561976005
10843	37	38	Temporal Fusiform Cortex, posterior division	zstat	0.28068111609449536	-0.42466529765448463
10843	38	39	Temporal Occipital Fusiform Cortex	zstat	0.056476934087104004	-0.7164591596486883
10843	39	40	Occipital Fusiform Gyrus	zstat	0.0993270546156772	0.11078977847467561
10843	40	41	Frontal Operculum Cortex	zstat	-0.050259163779277014	-0.6790898920803824
10843	41	42	Central Opercular Cortex	zstat	-0.06292980624104391	-0.5644864963686443
10843	42	43	Parietal Operculum Cortex	zstat	-0.28215363014786066	-0.4886199302645164
10843	43	44	Planum Polare	zstat	0.039555963834406425	-0.5091365320811969
10843	44	45	Heschl's Gyrus (includes H1 and H2)	zstat	-0.4963282027479244	-0.3032528743531967
10843	45	46	Planum Temporale	zstat	-0.1433606910044611	-0.1754088031983911
10843	46	47	Supracalcarine Cortex	zstat	-0.6960030107342816	-1.0379332544757647
10843	47	48	Occipital Pole	zstat	0.7759272025482947	-0.2833028962314204
10850	0	1	Frontal Pole	zstat	0.2264372277037341	0.48247304008092584
10850	1	2	Insular Cortex	zstat	0.030820816942978724	0.7575510315743531
10850	2	3	Superior Frontal Gyrus	zstat	-0.13203084409629268	0.4316790200157434
10850	3	4	Middle Frontal Gyrus	zstat	0.11087854002522639	0.5320173393454695
10850	4	5	Inferior Frontal Gyrus, pars triangularis	zstat	-0.2954129571439015	0.5389950978142474
10850	5	6	Inferior Frontal Gyrus, pars opercularis	zstat	0.5037355424159424	0.2914873577336708
10850	6	7	Precentral Gyrus	zstat	0.5473630669997855	0.6275941985811618
10850	7	8	Temporal Pole	zstat	-0.5453634167510119	0.5221987378717241
10850	8	9	Superior Temporal Gyrus, anterior division	zstat	-0.9121598111370053	0.7071175626359689
10850	9	10	Superior Temporal Gyrus, posterior division	zstat	0.37233899559904277	0.6874124065839818
10850	10	11	Middle Temporal Gyrus, anterior division	zstat	-0.28925878541342526	0.7843695534811939
10850	11	12	Middle Temporal Gyrus, posterior division	zstat	0.013745341967402961	0.4190948627334228
10850	12	13	Middle Temporal Gyrus, temporooccipital part	zstat	-0.5732776089052192	0.5092427741274675
10850	13	14	Inferior Temporal Gyrus, anterior division	zstat	-0.6403152332530969	0.1191495562622533
10850	14	15	Inferior Temporal Gyrus, posterior division	zstat	0.0583193591120085	-0.11095232225482418
10850	15	16	Inferior Temporal Gyrus, temporooccipital part	zstat	-0.10457960551187835	0.22310216660606608
10850	16	17	Postcentral Gyrus	zstat	0.6697363161055736	0.6916186418898566
10850	17	18	Superior Parietal Lobule	zstat	0.5953935067882221	0.2594140341543297
10850	18	19	Supramarginal Gyrus, anterior division	zstat	0.7059664978048305	0.8351860232202819
10850	19	20	Supramarginal Gyrus, posterior division	zstat	0.5390151846719704	0.5293143575439211
10850	20	21	Angular Gyrus	zstat	0.1731466043456564	0.9167850355024989
10850	21	22	Lateral Occipital Cortex, superior division	zstat	-0.23026525510686283	0.5373664616702344
10850	22	23	Lateral Occipital Cortex, inferior division	zstat	-0.26451599905025697	0.03757017386439329
10850	23	24	Intracalcarine Cortex	zstat	0.23631717109258182	1.0253294667732769
10850	24	25	Frontal Medial Cortex	zstat	-0.03909334921482818	1.259087888845936
10850	25	26	Juxtapositional Lobule Cortex (formerly Supplementary Motor Cortex)	zstat	0.6470401471475221	0.6598509489181074
10850	26	27	Subcallosal Cortex	zstat	0.15565079450652075	0.1992279286968719
10850	27	28	Paracingulate Gyrus	zstat	-0.017267554420836856	1.128403545555314
10850	28	29	Cingulate Gyrus, anterior division	zstat	0.37768902085939526	0.7894043363511767
10850	29	30	Cingulate Gyrus, posterior division	zstat	-0.036324714842302326	1.0719494992379166
10850	30	31	Precuneous Cortex	zstat	-0.6109209626589608	0.5214429351223538
10850	31	32	Cuneal Cortex	zstat	-0.1952190069350602	0.14580712896749015
10850	32	33	Frontal Orbital Cortex	zstat	0.04361177064414272	0.36638144960741226
10850	33	34	Parahippocampal Gyrus, anterior division	zstat	-0.18112795010175087	-0.0937767854770151
10850	34	35	Parahippocampal Gyrus, posterior division	zstat	-0.45837464213793006	0.41137622724954953
10850	35	36	Lingual Gyrus	zstat	0.20844674658224455	0.6893419510082565
10850	36	37	Temporal Fusiform Cortex, anterior division	zstat	-0.023144109115163063	-0.5603211665772073
10850	37	38	Temporal Fusiform Cortex, posterior division	zstat	-0.300348674093426	-0.1938040005740689
10850	38	39	Temporal Occipital Fusiform Cortex	zstat	0.08812848421758475	0.5092373049849978
10850	39	40	Occipital Fusiform Gyrus	zstat	0.7755974060939468	0.7106475242480689
10850	40	41	Frontal Operculum Cortex	zstat	0.31123822913974714	0.741782668754928
10850	41	42	Central Opercular Cortex	zstat	0.50437030867541	1.296517529218291
10850	42	43	Parietal Operculum Cortex	zstat	0.9049035287745827	0.6157601080967237
10850	43	44	Planum Polare	zstat	0.067094478946364	0.9155474277542023
10850	44	45	Heschl's Gyrus (includes H1 and H2)	zstat	-0.23810044514049652	1.1726946952036037
10850	45	46	Planum Temporale	zstat	0.013452469212598996	0.6572908918448103
10850	46	47	Supracalcarine Cortex	zstat	0.0949966802727431	0.7045925850484599
10850	47	48	Occipital Pole	zstat	0.33053237300540694	0.702265857900686
10854	0	1	Frontal Pole	zstat	0.5877613482160503	-0.27153504236584475
10854	1	2	Insular Cortex	zstat	0.12527785304298392	-0.03605995814305955
10854	2	3	Superior Frontal Gyrus	zstat	0.20018984275233023	-0.4669769989075667
10854	3	4	Middle Frontal Gyrus	zstat	-0.32298399100363173	-0.3272628978887439
10854	4	5	Inferior Frontal Gyrus, pars triangularis	zstat	0.2004107843941385	0.3152036864478451
10854	5	6	Inferior Frontal Gyrus, pars opercularis	zstat	0.10678681748707997	-0.43074642567502397
10854	6	7	Precentral Gyrus	zstat	0.22577909131463902	0.21125038145482974
10854	7	8	Temporal Pole	zstat	0.28167573118204403	0.06406260109478412
10854	8	9	Superior Temporal Gyrus, anterior division	zstat	0.12790282538208442	0.9039523246387641
10854	9	10	Superior Temporal Gyrus, posterior division	zstat	0.38221520013304416	0.2497665876456137
10854	10	11	Middle Temporal Gyrus, anterior division	zstat	0.20889729251876585	0.29441815918631187
10854	11	12	Middle Temporal Gyrus, posterior division	zstat	-0.12193235539635058	0.026170086976692444
10854	12	13	Middle Temporal Gyrus, temporooccipital part	zstat	0.27237328063911836	0.1808293370544101
10854	13	14	Inferior Temporal Gyrus, anterior division	zstat	0.5135150070566706	0.13275015747454294
10854	14	15	Inferior Temporal Gyrus, posterior division	zstat	-0.14056365991561007	0.039466991924970905
10854	15	16	Inferior Temporal Gyrus, temporooccipital part	zstat	-0.19438572680584587	0.012830011070525246
10854	16	17	Postcentral Gyrus	zstat	0.36671910787183465	0.10709800344861477
10854	17	18	Superior Parietal Lobule	zstat	0.47750122227102243	-0.6948409697732685
10854	18	19	Supramarginal Gyrus, anterior division	zstat	0.7315135323744336	-0.49921700351470566
10854	19	20	Supramarginal Gyrus, posterior division	zstat	0.3957567905883676	0.00042995227645528883
10854	20	21	Angular Gyrus	zstat	-0.20684743281642948	-0.1441500517728781
10854	21	22	Lateral Occipital Cortex, superior division	zstat	0.009336405329692288	-0.21296186207185364
10854	22	23	Lateral Occipital Cortex, inferior division	zstat	-0.2521478638552682	0.6058987939365433
10854	23	24	Intracalcarine Cortex	zstat	0.1858442430058313	0.13692442996786175
10854	24	25	Frontal Medial Cortex	zstat	1.0077965941134814	0.21910569696614507
10854	25	26	Juxtapositional Lobule Cortex (formerly Supplementary Motor Cortex)	zstat	0.2102473181052168	-0.08317322524837092
10854	26	27	Subcallosal Cortex	zstat	0.7177165204551644	-0.22435241844684173
10854	27	28	Paracingulate Gyrus	zstat	0.7607317363209811	-0.4432440661679197
10854	28	29	Cingulate Gyrus, anterior division	zstat	0.5090445064815251	0.04387703114469455
10854	29	30	Cingulate Gyrus, posterior division	zstat	0.6230440482555756	-0.44750187706534883
10854	30	31	Precuneous Cortex	zstat	0.5328741186477167	-0.5943024349224645
10854	31	32	Cuneal Cortex	zstat	0.36766776343613466	0.3346497146187514
10854	32	33	Frontal Orbital Cortex	zstat	0.4145257319611571	-0.07289928845929321
10854	33	34	Parahippocampal Gyrus, anterior division	zstat	-0.4453390944690909	0.12025699698555786
10854	34	35	Parahippocampal Gyrus, posterior division	zstat	0.16208299649472982	-0.6937502091212356
10854	35	36	Lingual Gyrus	zstat	0.18653048157903032	-0.02640864444285752
10854	36	37	Temporal Fusiform Cortex, anterior division	zstat	-0.1893703029061674	0.40275350413516375
10854	37	38	Temporal Fusiform Cortex, posterior division	zstat	-0.4172274703023676	0.06773273292426003
10854	38	39	Temporal Occipital Fusiform Cortex	zstat	-0.43891825023777514	0.7101271650667603
10854	39	40	Occipital Fusiform Gyrus	zstat	-0.36712013026777746	0.9980173283740764
10854	40	41	Frontal Operculum Cortex	zstat	0.24480957942114784	-0.0016762789499265055
10854	41	42	Central Opercular Cortex	zstat	0.264060755956903	0.2991582580536189
10854	42	43	Parietal Operculum Cortex	zstat	0.3242148659827287	0.2756319183047842
10854	43	44	Planum Polare	zstat	-0.06353478275720681	0.4702080900901715
10854	44	45	Heschl's Gyrus (includes H1 and H2)	zstat	0.4084395803929594	-0.023830137395810698
10854	45	46	Planum Temporale	zstat	0.9399281554749633	0.19684618983644775
10854	46	47	Supracalcarine Cortex	zstat	0.1509693322524904	0.16591029755890052
10854	47	48	Occipital Pole	zstat	0.3490911284902511	0.5901795943989139
10857	0	1	Frontal Pole	zstat	-0.7254612409763161	-0.32651505933226455
10857	1	2	Insular Cortex	zstat	-0.3435626974108077	0.22487126711968783
10857	2	3	Superior Frontal Gyrus	zstat	-0.9732610530790236	-0.1657807767959247
10857	3	4	Middle Frontal Gyrus	zstat	-0.7179061307309187	0.44105298619373445
10857	4	5	Inferior Frontal Gyrus, pars triangularis	zstat	-0.8281514351224151	0.2953041235770731
10857	5	6	Inferior Frontal Gyrus, pars opercularis	zstat	-0.8718429580149085	-0.1304134538013758
10857	6	7	Precentral Gyrus	zstat	-0.03516733252322483	0.2938396751349238
10857	7	8	Temporal Pole	zstat	-0.1831573226891757	-0.3517684222581812
10857	8	9	Superior Temporal Gyrus, anterior division	zstat	-0.5115917109144039	0.07109726279114302
10857	9	10	Superior Temporal Gyrus, posterior division	zstat	-0.4686735736284792	-0.02679617745822973
10857	10	11	Middle Temporal Gyrus, anterior division	zstat	-0.8455896572848441	-0.933128008378475
10857	11	12	Middle Temporal Gyrus, posterior division	zstat	-0.7409985716477232	-0.6963504426994728
10857	12	13	Middle Temporal Gyrus, temporooccipital part	zstat	-0.5494472302827584	-0.22609364247414573
10857	13	14	Inferior Temporal Gyrus, anterior division	zstat	-0.6389263825347791	-1.033520737420437
10857	14	15	Inferior Temporal Gyrus, posterior division	zstat	-0.12806564108045262	-0.30772118128065906
10857	15	16	Inferior Temporal Gyrus, temporooccipital part	zstat	0.5918634908709071	-0.3731113436107121
10857	16	17	Postcentral Gyrus	zstat	0.22521603217016925	0.08160864736702617
10857	17	18	Superior Parietal Lobule	zstat	-0.6191364475183697	0.4239986709152835
10857	18	19	Supramarginal Gyrus, anterior division	zstat	0.3717014260718888	-0.608004621151162
10857	19	20	Supramarginal Gyrus, posterior division	zstat	-0.8492153230272674	-0.0883123482684479
10857	20	21	Angular Gyrus	zstat	-1.4178702131901788	-0.8196190040122979
10857	21	22	Lateral Occipital Cortex, superior division	zstat	-0.26714685370086305	0.23554932659299205
10857	22	23	Lateral Occipital Cortex, inferior division	zstat	-0.182783756001147	0.816591696930815
10857	23	24	Intracalcarine Cortex	zstat	0.826271443354176	2.080684845796007
10857	24	25	Frontal Medial Cortex	zstat	0.07337396553014108	-0.25341214009408725
10857	25	26	Juxtapositional Lobule Cortex (formerly Supplementary Motor Cortex)	zstat	0.1815726401742919	0.5350543384147631
10857	26	27	Subcallosal Cortex	zstat	-0.05384572905201752	0.24111159070609853
10857	27	28	Paracingulate Gyrus	zstat	-1.3754076625419633	-0.5493817240378204
10857	28	29	Cingulate Gyrus, anterior division	zstat	-1.0996219436489147	-0.5732615977841321
10857	29	30	Cingulate Gyrus, posterior division	zstat	-0.27240434208159736	-1.058426778265142
10857	30	31	Precuneous Cortex	zstat	-0.24575934892681342	-1.1040808425366744
10857	31	32	Cuneal Cortex	zstat	0.9461828967661673	1.1885212628488862
10857	32	33	Frontal Orbital Cortex	zstat	-0.376182109244037	-0.3849086504305417
10857	33	34	Parahippocampal Gyrus, anterior division	zstat	0.4229004461147237	-0.47834075201606424
10857	34	35	Parahippocampal Gyrus, posterior division	zstat	0.17071218353538017	-0.6055032739117039
10857	35	36	Lingual Gyrus	zstat	0.8239535008585303	1.259880094300684
10857	36	37	Temporal Fusiform Cortex, anterior division	zstat	0.848088283793578	-1.0169276616086933
10857	37	38	Temporal Fusiform Cortex, posterior division	zstat	0.3190571268328258	-0.5325117959947888
10857	38	39	Temporal Occipital Fusiform Cortex	zstat	0.3994098673928293	0.7327321033213234
10857	39	40	Occipital Fusiform Gyrus	zstat	0.5498679696556625	0.9204966710725179
10857	40	41	Frontal Operculum Cortex	zstat	-0.9613940874271157	-1.1133174286321776
10857	41	42	Central Opercular Cortex	zstat	0.5004353545062638	0.42732830575934977
10857	42	43	Parietal Operculum Cortex	zstat	-0.11929200992840909	0.492396767934321
10857	43	44	Planum Polare	zstat	0.16773067623952703	0.36985160314561516
10857	44	45	Heschl's Gyrus (includes H1 and H2)	zstat	0.3713507836701752	0.9141845328535901
10857	45	46	Planum Temporale	zstat	0.19928628712159857	0.43001640238799155
10857	46	47	Supracalcarine Cortex	zstat	1.0823716478461916	1.932761527734135
10857	47	48	Occipital Pole	zstat	0.7422138174991642	0.934168432998799
10860	0	1	Frontal Pole	zstat	0.02536271643859981	1.5131192248201
10860	1	2	Insular Cortex	zstat	0.34036316317754234	0.27391084073583516
10860	2	3	Superior Frontal Gyrus	zstat	-0.38368743874625555	0.9893170161867807
10860	3	4	Middle Frontal Gyrus	zstat	0.14118182678523206	1.2394601388046622
10860	4	5	Inferior Frontal Gyrus, pars triangularis	zstat	-0.976783335879616	0.96226224872933
10860	5	6	Inferior Frontal Gyrus, pars opercularis	zstat	0.5798466747901905	1.0909784003481144
10860	6	7	Precentral Gyrus	zstat	0.28631881952662275	0.5350265847514565
10860	7	8	Temporal Pole	zstat	-0.3996135481617607	-0.47184448653888494
10860	8	9	Superior Temporal Gyrus, anterior division	zstat	-0.5614867074033006	-0.06021596721540659
10860	9	10	Superior Temporal Gyrus, posterior division	zstat	-0.03852518395272797	0.6740685011722849
10860	10	11	Middle Temporal Gyrus, anterior division	zstat	-0.7895052932592025	-0.29755261927398285
10860	11	12	Middle Temporal Gyrus, posterior division	zstat	-0.3934904048786445	0.6007367894540488
10860	12	13	Middle Temporal Gyrus, temporooccipital part	zstat	-0.32979472450037045	0.352515177723828
10860	13	14	Inferior Temporal Gyrus, anterior division	zstat	-0.5604445093515269	-0.2592321717078362
10860	14	15	Inferior Temporal Gyrus, posterior division	zstat	0.0028205784577194875	0.3317353902616308
10860	15	16	Inferior Temporal Gyrus, temporooccipital part	zstat	0.6482403160529185	1.296236079945507
10860	16	17	Postcentral Gyrus	zstat	-0.2062740071552664	0.4092526046407369
10860	17	18	Superior Parietal Lobule	zstat	-0.046915792765216825	0.4748556316821662
10860	18	19	Supramarginal Gyrus, anterior division	zstat	-0.06866542685914923	-0.0068490361331323924
10860	19	20	Supramarginal Gyrus, posterior division	zstat	-0.10507082957569887	0.6211214267006899
10860	20	21	Angular Gyrus	zstat	-0.6033687214491189	0.8049483495474282
10860	21	22	Lateral Occipital Cortex, superior division	zstat	-0.07649736517041132	0.4710833030458523
10860	22	23	Lateral Occipital Cortex, inferior division	zstat	-0.42591232603801726	0.7517275426813933
10860	23	24	Intracalcarine Cortex	zstat	0.09909808068447439	-0.031222781170964067
10860	24	25	Frontal Medial Cortex	zstat	-0.7293009530713267	0.22264949761080086
10860	25	26	Juxtapositional Lobule Cortex (formerly Supplementary Motor Cortex)	zstat	0.8664031698934048	0.24508166911923704
10860	26	27	Subcallosal Cortex	zstat	-0.9200612105930653	-0.09909172460275631
10860	27	28	Paracingulate Gyrus	zstat	-0.09693129515639254	1.2900866213564777
10860	28	29	Cingulate Gyrus, anterior division	zstat	0.09079004785672946	0.9203253748175053
10860	29	30	Cingulate Gyrus, posterior division	zstat	-0.38972568595888357	0.7820847244671812
10860	30	31	Precuneous Cortex	zstat	-0.6237557021366291	0.4139860429631947
10860	31	32	Cuneal Cortex	zstat	-0.631046547874511	0.38596150085695
10860	32	33	Frontal Orbital Cortex	zstat	-0.5468723561123914	0.3994966153805996
10860	33	34	Parahippocampal Gyrus, anterior division	zstat	-0.10701447023404351	-0.05403600586191916
10860	34	35	Parahippocampal Gyrus, posterior division	zstat	0.044390981097898956	-0.12327882748026893
10860	35	36	Lingual Gyrus	zstat	-0.24255718945605476	0.13853014554523935
10860	36	37	Temporal Fusiform Cortex, anterior division	zstat	0.0606125502893371	-1.4099993315518748
10860	37	38	Temporal Fusiform Cortex, posterior division	zstat	-0.05073317744378032	-0.24708279318217485
10860	38	39	Temporal Occipital Fusiform Cortex	zstat	-0.07333463501390643	0.35062339963815825
10860	39	40	Occipital Fusiform Gyrus	zstat	-0.34270025152096806	1.2230575541041462
10860	40	41	Frontal Operculum Cortex	zstat	-0.22861464215274274	0.7377854562951487
10860	41	42	Central Opercular Cortex	zstat	0.2758593573139385	0.3486874539664908
10860	42	43	Parietal Operculum Cortex	zstat	-0.4225353485583162	0.48144636355425574
10860	43	44	Planum Polare	zstat	-0.23981093234411008	0.14329290119149074
10860	44	45	Heschl's Gyrus (includes H1 and H2)	zstat	-0.0419052065457947	0.12208948559492552
10860	45	46	Planum Temporale	zstat	-0.08711540255143496	0.6656164510380038
10860	46	47	Supracalcarine Cortex	zstat	-0.36041247920985237	0.10114145869428808
10860	47	48	Occipital Pole	zstat	-0.1747924705623599	0.5927480183438565
10863	0	1	Frontal Pole	zstat	1.2345699478093646	0.13650932529538656
10863	1	2	Insular Cortex	zstat	0.49610132328675943	-0.5468218288082366
10863	2	3	Superior Frontal Gyrus	zstat	1.0119054225882869	-0.783445992703119
10863	3	4	Middle Frontal Gyrus	zstat	1.8539841873236969	-0.07934656836340373
10863	4	5	Inferior Frontal Gyrus, pars triangularis	zstat	0.7922625022731004	-1.307530193914309
10863	5	6	Inferior Frontal Gyrus, pars opercularis	zstat	0.9300572767656393	-0.8714331684370208
10863	6	7	Precentral Gyrus	zstat	0.9025995862171605	-0.6053248592378037
10863	7	8	Temporal Pole	zstat	-0.16900953636940264	-0.7411023242994071
10863	8	9	Superior Temporal Gyrus, anterior division	zstat	-0.7488731944766374	-1.3357342387095859
10863	9	10	Superior Temporal Gyrus, posterior division	zstat	0.45288987843434675	-0.8350426218579765
10863	10	11	Middle Temporal Gyrus, anterior division	zstat	-0.5651530072935718	-0.796306390426497
10863	11	12	Middle Temporal Gyrus, posterior division	zstat	0.42308131021400547	-0.29385749177686643
10863	12	13	Middle Temporal Gyrus, temporooccipital part	zstat	-0.2867117020803692	-0.6036303077073079
10863	13	14	Inferior Temporal Gyrus, anterior division	zstat	-0.22376673315657225	-0.31788935311022903
10863	14	15	Inferior Temporal Gyrus, posterior division	zstat	0.13508398189070528	0.07989634916252414
10863	15	16	Inferior Temporal Gyrus, temporooccipital part	zstat	0.7933466337792142	0.9825149277501406
10863	16	17	Postcentral Gyrus	zstat	0.9939311653642875	-0.8477961046520479
10863	17	18	Superior Parietal Lobule	zstat	1.1373537432969476	-0.4738309684104416
10863	18	19	Supramarginal Gyrus, anterior division	zstat	0.8763929709574397	-0.9746136823664764
10863	19	20	Supramarginal Gyrus, posterior division	zstat	1.0622549733429902	-0.4581652056753031
10863	20	21	Angular Gyrus	zstat	1.0430237383535605	-0.42133036563731374
10863	21	22	Lateral Occipital Cortex, superior division	zstat	1.1208140689742725	-0.01180778695056477
10863	22	23	Lateral Occipital Cortex, inferior division	zstat	1.0343649883553787	0.27821222221644887
10863	23	24	Intracalcarine Cortex	zstat	2.1317594881560873	-0.483682086739276
10863	24	25	Frontal Medial Cortex	zstat	-0.07167463387851439	-0.6889124821447553
10863	25	26	Juxtapositional Lobule Cortex (formerly Supplementary Motor Cortex)	zstat	1.1618602613201112	-1.4819954450091195
10863	26	27	Subcallosal Cortex	zstat	-0.17593137786652033	0.36777635521564384
10863	27	28	Paracingulate Gyrus	zstat	1.2953093627180512	-0.8276083917071111
10863	28	29	Cingulate Gyrus, anterior division	zstat	0.6149808428594566	-0.8033938040242559
10863	29	30	Cingulate Gyrus, posterior division	zstat	0.7178177108698791	-0.0021401242047182417
10863	30	31	Precuneous Cortex	zstat	0.5161756172062847	0.30896166166312405
10863	31	32	Cuneal Cortex	zstat	1.4369613677015458	0.035556243062989906
10863	32	33	Frontal Orbital Cortex	zstat	0.5078123039004346	0.2439245684518885
10863	33	34	Parahippocampal Gyrus, anterior division	zstat	-0.22626695592075882	-0.13649711536477419
10863	34	35	Parahippocampal Gyrus, posterior division	zstat	0.23628841359695454	-0.5352552769037913
10863	35	36	Lingual Gyrus	zstat	1.547382299594043	-0.0693218165906846
10863	36	37	Temporal Fusiform Cortex, anterior division	zstat	0.39023757196883574	-0.26457852347760547
10863	37	38	Temporal Fusiform Cortex, posterior division	zstat	-0.009546825683494572	-0.018755662272922316
10863	38	39	Temporal Occipital Fusiform Cortex	zstat	0.9368459651252246	0.10588518266143382
10863	39	40	Occipital Fusiform Gyrus	zstat	2.2926046332908334	0.9488575136815361
10863	40	41	Frontal Operculum Cortex	zstat	-0.12679790673354843	-1.5153038685910498
10863	41	42	Central Opercular Cortex	zstat	0.9843372545687105	-1.0317866558822204
10863	42	43	Parietal Operculum Cortex	zstat	0.9179388019378913	-1.7291693165047368
10863	43	44	Planum Polare	zstat	0.09654550416415507	0.0197634243953774
10863	44	45	Heschl's Gyrus (includes H1 and H2)	zstat	0.9924813963060829	-1.0165302256800337
10863	45	46	Planum Temporale	zstat	0.9586284570254056	-0.9814182525446479
10863	46	47	Supracalcarine Cortex	zstat	2.5138911050149892	-0.18067400364026903
10863	47	48	Occipital Pole	zstat	1.3140926340351955	0.7554043437092834
10875	0	1	Frontal Pole	zstat	0.49298698699092386	-0.010830658795119078
10875	1	2	Insular Cortex	zstat	0.6607398283510415	0.06547408550356716
10875	2	3	Superior Frontal Gyrus	zstat	0.4108013424669533	-0.5226354699758605
10875	3	4	Middle Frontal Gyrus	zstat	0.6424630939730281	-0.48752290316264596
10875	4	5	Inferior Frontal Gyrus, pars triangularis	zstat	-0.07041974565085801	-0.9480192335183655
10875	5	6	Inferior Frontal Gyrus, pars opercularis	zstat	-0.3959524904872848	-0.9151722507682875
10875	6	7	Precentral Gyrus	zstat	0.5991375025011946	0.2204125784561436
10875	7	8	Temporal Pole	zstat	-0.14415151528164638	-0.2818395641216703
10875	8	9	Superior Temporal Gyrus, anterior division	zstat	0.3216125679327748	-0.8760795841375605
10875	9	10	Superior Temporal Gyrus, posterior division	zstat	-0.15451814153635354	-0.4097728191825029
10875	10	11	Middle Temporal Gyrus, anterior division	zstat	-0.18210381366479308	0.2579400982999646
10875	11	12	Middle Temporal Gyrus, posterior division	zstat	0.1735694473802587	0.05982393634265377
10875	12	13	Middle Temporal Gyrus, temporooccipital part	zstat	0.6817575155294909	-0.4205263495449095
10875	13	14	Inferior Temporal Gyrus, anterior division	zstat	-0.20062757054975494	-0.5659782571136709
10875	14	15	Inferior Temporal Gyrus, posterior division	zstat	0.3707458814017541	0.36331757939114245
10875	15	16	Inferior Temporal Gyrus, temporooccipital part	zstat	1.1875280743506529	0.5260464890441708
10875	16	17	Postcentral Gyrus	zstat	1.2147501493006458	0.5278003462963818
10875	17	18	Superior Parietal Lobule	zstat	0.7693045246598171	0.19455432354471355
10875	18	19	Supramarginal Gyrus, anterior division	zstat	1.1179610823401835	0.7191481573819787
10875	19	20	Supramarginal Gyrus, posterior division	zstat	0.7036633366048713	-0.18776626541684155
10875	20	21	Angular Gyrus	zstat	-0.07679893407390954	-0.43149468378448413
10875	21	22	Lateral Occipital Cortex, superior division	zstat	0.538665966701922	-0.15860562287804914
10875	22	23	Lateral Occipital Cortex, inferior division	zstat	0.2614854651875476	0.5601720922606107
10875	23	24	Intracalcarine Cortex	zstat	1.517324649310283	1.2640103246135173
10875	24	25	Frontal Medial Cortex	zstat	-0.1530273600220548	0.9177777497890465
10875	25	26	Juxtapositional Lobule Cortex (formerly Supplementary Motor Cortex)	zstat	0.8552645819664404	0.7709477219913105
10875	26	27	Subcallosal Cortex	zstat	0.20327482380581877	0.1847998560442088
10875	27	28	Paracingulate Gyrus	zstat	0.27081844623227247	0.009392736029397967
10875	28	29	Cingulate Gyrus, anterior division	zstat	0.8203870464810503	0.45848902783436024
10875	29	30	Cingulate Gyrus, posterior division	zstat	0.030700560905970634	0.04256961363700352
10875	30	31	Precuneous Cortex	zstat	-0.04871667246211167	-0.5711787825397309
10875	31	32	Cuneal Cortex	zstat	1.0234542565978857	0.09258305524453157
10875	32	33	Frontal Orbital Cortex	zstat	-0.019170914184298435	-0.11301712459986152
10875	33	34	Parahippocampal Gyrus, anterior division	zstat	0.36181413956744746	0.4330458202228296
10875	34	35	Parahippocampal Gyrus, posterior division	zstat	0.02026243217043438	0.35005969971348094
10875	35	36	Lingual Gyrus	zstat	1.1822345486627175	0.4915611327316627
10875	36	37	Temporal Fusiform Cortex, anterior division	zstat	-0.3767906470580938	-0.21178863016584665
10875	37	38	Temporal Fusiform Cortex, posterior division	zstat	0.12619511770379446	0.14088360917523646
10875	38	39	Temporal Occipital Fusiform Cortex	zstat	0.28451534982942883	0.1992272615746829
10875	39	40	Occipital Fusiform Gyrus	zstat	1.1089173757541635	0.7102246660107955
10875	40	41	Frontal Operculum Cortex	zstat	-0.4245082679118554	-0.09811406721705336
10875	41	42	Central Opercular Cortex	zstat	1.0031712625801832	0.34413166136290785
10875	42	43	Parietal Operculum Cortex	zstat	0.5410942686620945	0.20836262167537783
10875	43	44	Planum Polare	zstat	0.5903168943388928	0.01231654555297311
10875	44	45	Heschl's Gyrus (includes H1 and H2)	zstat	0.8407199115359357	0.3269383436077476
10875	45	46	Planum Temporale	zstat	0.5366666653123233	0.18431048920323911
10875	46	47	Supracalcarine Cortex	zstat	1.2195809008949932	1.0696000718335779
10875	47	48	Occipital Pole	zstat	1.1587455720334985	1.4159397577072879
10887	0	1	Frontal Pole	zstat	0.23021857749984662	-0.648977308402405
10887	1	2	Insular Cortex	zstat	-0.8455567161898991	-0.23519884133315455
10887	2	3	Superior Frontal Gyrus	zstat	-0.39440724022509993	-1.1610816211332846
10887	3	4	Middle Frontal Gyrus	zstat	-0.1291774554503575	-0.8788339266937975
10887	4	5	Inferior Frontal Gyrus, pars triangularis	zstat	-1.2091133054901222	-0.8510888567078996
10887	5	6	Inferior Frontal Gyrus, pars opercularis	zstat	-0.5571486761388421	-0.5247521441530256
10887	6	7	Precentral Gyrus	zstat	0.03005158943481416	-0.4594467942949941
10887	7	8	Temporal Pole	zstat	-0.436740249605848	-1.1984816580598496
10887	8	9	Superior Temporal Gyrus, anterior division	zstat	0.05926651250666533	-1.5186196107369585
10887	9	10	Superior Temporal Gyrus, posterior division	zstat	-0.5891046341154845	-0.8242868277419648
10887	10	11	Middle Temporal Gyrus, anterior division	zstat	0.24991350849645574	-1.594303563512417
10887	11	12	Middle Temporal Gyrus, posterior division	zstat	-0.27446221668809734	-0.9962819443064054
10887	12	13	Middle Temporal Gyrus, temporooccipital part	zstat	-0.8333608448070485	-0.4104909146271205
10887	13	14	Inferior Temporal Gyrus, anterior division	zstat	-0.543619798204294	-1.361003243463588
10887	14	15	Inferior Temporal Gyrus, posterior division	zstat	-0.015690654655608725	-0.11074593344067292
10887	15	16	Inferior Temporal Gyrus, temporooccipital part	zstat	-0.06143131519540964	-1.3835667024933755
10887	16	17	Postcentral Gyrus	zstat	-0.1918050623181467	-0.5421462947792758
10887	17	18	Superior Parietal Lobule	zstat	-0.15224562045382312	0.1719735557056983
10887	18	19	Supramarginal Gyrus, anterior division	zstat	-0.17021698723606446	0.46580059105806326
10887	19	20	Supramarginal Gyrus, posterior division	zstat	-0.5139943729670768	-0.2006135088954014
10887	20	21	Angular Gyrus	zstat	-0.33871427437628565	-0.4165046423493984
10887	21	22	Lateral Occipital Cortex, superior division	zstat	0.044194152214528146	-0.936556610843513
10887	22	23	Lateral Occipital Cortex, inferior division	zstat	0.6043710596625153	-1.1347059980812964
10887	23	24	Intracalcarine Cortex	zstat	0.6004170937276109	-0.6645543047381884
10887	24	25	Frontal Medial Cortex	zstat	-0.3367824545278749	-0.7627669371287207
10887	25	26	Juxtapositional Lobule Cortex (formerly Supplementary Motor Cortex)	zstat	-0.546920700888173	-1.4934596569604568
10887	26	27	Subcallosal Cortex	zstat	-0.42196141756497896	0.04616722227790608
10887	27	28	Paracingulate Gyrus	zstat	-0.28944383074384966	-1.4080621776714908
10887	28	29	Cingulate Gyrus, anterior division	zstat	-0.5893847001916275	-0.9818675817721484
10887	29	30	Cingulate Gyrus, posterior division	zstat	0.18136274156448365	-2.0388175705165734
10887	30	31	Precuneous Cortex	zstat	-0.002066757773202323	-1.7207390119139652
10887	31	32	Cuneal Cortex	zstat	0.10828783697959246	-0.5345521906924852
10887	32	33	Frontal Orbital Cortex	zstat	-0.5512064698481693	-0.49007080282958726
10887	33	34	Parahippocampal Gyrus, anterior division	zstat	-0.5782003427342619	-0.3905732567974292
10887	34	35	Parahippocampal Gyrus, posterior division	zstat	-0.06622872883278244	-1.578655576916798
10887	35	36	Lingual Gyrus	zstat	0.7503538613602602	-0.8697491098787289
10887	36	37	Temporal Fusiform Cortex, anterior division	zstat	-0.7686699535829801	-0.6354695805356713
10887	37	38	Temporal Fusiform Cortex, posterior division	zstat	-0.12662673962627907	-0.4846029797939202
10887	38	39	Temporal Occipital Fusiform Cortex	zstat	0.27257401293760863	-1.043855300019592
10887	39	40	Occipital Fusiform Gyrus	zstat	1.565073760970786	-1.7514238186847755
10887	40	41	Frontal Operculum Cortex	zstat	-0.9008795654229006	0.7712862387479541
10887	41	42	Central Opercular Cortex	zstat	-0.9018846490586659	-0.5702676600619572
10887	42	43	Parietal Operculum Cortex	zstat	-0.36166383871395874	-0.029552155362529597
10887	43	44	Planum Polare	zstat	0.036795739525260815	-0.035681091718205056
10887	44	45	Heschl's Gyrus (includes H1 and H2)	zstat	-0.5565430624772967	-1.19197805472199
10887	45	46	Planum Temporale	zstat	-0.09367483893491281	-0.5086495895609466
10887	46	47	Supracalcarine Cortex	zstat	0.21651489519330852	-1.01366939621871
10887	47	48	Occipital Pole	zstat	0.7030466902636154	-1.3176024404417195
10896	0	1	Frontal Pole	zstat	-0.015509327744834283	-0.139805756329114
10896	1	2	Insular Cortex	zstat	-0.18370203129007515	0.22531077813073352
10896	2	3	Superior Frontal Gyrus	zstat	-0.12457647280126569	0.16430249447882433
10896	3	4	Middle Frontal Gyrus	zstat	-0.6917109006379193	0.31182066980166834
10896	4	5	Inferior Frontal Gyrus, pars triangularis	zstat	-0.46534126179256485	0.5029141157774741
10896	5	6	Inferior Frontal Gyrus, pars opercularis	zstat	-0.09417920915728442	0.9329706208966932
10896	6	7	Precentral Gyrus	zstat	-0.34823629691261115	1.0338054345105567
10896	7	8	Temporal Pole	zstat	-0.10742905895717235	0.09803967737019523
10896	8	9	Superior Temporal Gyrus, anterior division	zstat	-0.27321947871301416	0.8849616307239884
10896	9	10	Superior Temporal Gyrus, posterior division	zstat	-0.12890354275724974	0.7460510283701958
10896	10	11	Middle Temporal Gyrus, anterior division	zstat	-0.06124476495602015	0.33325238559210896
10896	11	12	Middle Temporal Gyrus, posterior division	zstat	0.35636278517243336	0.40558060309403343
10896	12	13	Middle Temporal Gyrus, temporooccipital part	zstat	-0.5683328287722095	0.48832403586317813
10896	13	14	Inferior Temporal Gyrus, anterior division	zstat	-0.2400919824863437	-0.25844688101302415
10896	14	15	Inferior Temporal Gyrus, posterior division	zstat	0.3725697284013533	-0.032759596365493644
10896	15	16	Inferior Temporal Gyrus, temporooccipital part	zstat	-0.423939473310628	0.4693821325078051
10896	16	17	Postcentral Gyrus	zstat	-0.5127042930787581	0.5872899957264409
10896	17	18	Superior Parietal Lobule	zstat	0.39297038319537764	0.4203611075385593
10896	18	19	Supramarginal Gyrus, anterior division	zstat	0.06008488128222611	0.19236603371747252
10896	19	20	Supramarginal Gyrus, posterior division	zstat	-0.06225124510772828	0.7180265311699372
10896	20	21	Angular Gyrus	zstat	-0.29776728781634126	-0.054931441470590626
10896	21	22	Lateral Occipital Cortex, superior division	zstat	-0.3764506287150303	0.184710100013994
10896	22	23	Lateral Occipital Cortex, inferior division	zstat	-0.5353972758128248	1.0420577893901941
10896	23	24	Intracalcarine Cortex	zstat	-0.28823223478679005	1.7355503404376202
10896	24	25	Frontal Medial Cortex	zstat	0.7031403816097039	-0.6499631302588097
10896	25	26	Juxtapositional Lobule Cortex (formerly Supplementary Motor Cortex)	zstat	-0.12008664563040224	1.0188176717665802
10896	26	27	Subcallosal Cortex	zstat	-0.15001898779703948	0.369400414714339
10896	27	28	Paracingulate Gyrus	zstat	0.5326978081194975	0.42561602915710767
10896	28	29	Cingulate Gyrus, anterior division	zstat	0.742485559152309	0.5094317257960753
10896	29	30	Cingulate Gyrus, posterior division	zstat	0.520820022462335	-0.7141722700484097
10896	30	31	Precuneous Cortex	zstat	-0.08476873559379872	-0.4334431838848756
10896	31	32	Cuneal Cortex	zstat	-0.851720112574673	0.2621561661703376
10896	32	33	Frontal Orbital Cortex	zstat	0.37289760264205657	0.19254982337857426
10896	33	34	Parahippocampal Gyrus, anterior division	zstat	0.1974246568325701	-0.2465293242192242
10896	34	35	Parahippocampal Gyrus, posterior division	zstat	-0.6214411417154139	-0.06709172529221144
10896	35	36	Lingual Gyrus	zstat	-0.5072428182511202	0.3108814164860408
10896	36	37	Temporal Fusiform Cortex, anterior division	zstat	0.5519706361154293	-0.3422414482908046
10896	37	38	Temporal Fusiform Cortex, posterior division	zstat	-0.05446258251252303	0.16671319606132073
10896	38	39	Temporal Occipital Fusiform Cortex	zstat	-0.41735448562859045	0.3718020656279997
10896	39	40	Occipital Fusiform Gyrus	zstat	0.3343238253164211	0.19484778620088716
10896	40	41	Frontal Operculum Cortex	zstat	0.07341041939896571	0.7075784163541716
10896	41	42	Central Opercular Cortex	zstat	-0.359863780337506	0.34938383978228915
10896	42	43	Parietal Operculum Cortex	zstat	-0.8037782574626783	0.3890024519438009
10896	43	44	Planum Polare	zstat	-0.5583686930472245	0.05882805866502112
10896	44	45	Heschl's Gyrus (includes H1 and H2)	zstat	-0.2585158874468517	0.05802114230949724
10896	45	46	Planum Temporale	zstat	-0.2943046091013482	0.2828325707255153
10896	46	47	Supracalcarine Cortex	zstat	-0.44060351665904546	1.2540306187373527
10896	47	48	Occipital Pole	zstat	0.08276954724845782	0.4263232391899594
10897	0	1	Frontal Pole	zstat	0.21409957503155166	-0.6930799731039083
10897	1	2	Insular Cortex	zstat	-0.8330810240863311	-0.05929206478405652
10897	2	3	Superior Frontal Gyrus	zstat	-0.3936523959744485	-0.5718845323500356
10897	3	4	Middle Frontal Gyrus	zstat	-0.007837775939488225	-1.5855173921598718
10897	4	5	Inferior Frontal Gyrus, pars triangularis	zstat	-0.11963593641855677	-1.2321905234760238
10897	5	6	Inferior Frontal Gyrus, pars opercularis	zstat	-0.6102175103378444	-0.5468312303975336
10897	6	7	Precentral Gyrus	zstat	-0.3737781859587631	-0.04566334924319983
10897	7	8	Temporal Pole	zstat	0.03262187945737596	-1.0041320070096207
10897	8	9	Superior Temporal Gyrus, anterior division	zstat	-0.10986082249631485	-0.7268237388955477
10897	9	10	Superior Temporal Gyrus, posterior division	zstat	-0.36305419486711504	-1.6645821571265431
10897	10	11	Middle Temporal Gyrus, anterior division	zstat	0.04686916555354455	-2.0568300974131355
10897	11	12	Middle Temporal Gyrus, posterior division	zstat	-0.11780005233037229	-2.133505235048353
10897	12	13	Middle Temporal Gyrus, temporooccipital part	zstat	-0.14222119803229114	-2.5314998344987107
10897	13	14	Inferior Temporal Gyrus, anterior division	zstat	0.6119626870698477	-1.2207748906565665
10897	14	15	Inferior Temporal Gyrus, posterior division	zstat	0.10074260546578025	-0.44147358738449183
10897	15	16	Inferior Temporal Gyrus, temporooccipital part	zstat	-0.24913820583839472	-0.13834372424405875
10897	16	17	Postcentral Gyrus	zstat	-0.5349092403960884	0.26426626825907634
10897	17	18	Superior Parietal Lobule	zstat	-0.12655418899565388	-0.13135704833780737
10897	18	19	Supramarginal Gyrus, anterior division	zstat	-0.352203129728204	0.8126779681473972
10897	19	20	Supramarginal Gyrus, posterior division	zstat	0.087791034381371	-1.4649941745415531
10897	20	21	Angular Gyrus	zstat	-0.4524152938837627	-3.0133094064688053
10897	21	22	Lateral Occipital Cortex, superior division	zstat	-0.053413463786480694	-0.33760970714946786
10897	22	23	Lateral Occipital Cortex, inferior division	zstat	0.29024141887541727	-1.1706375342024478
10897	23	24	Intracalcarine Cortex	zstat	1.978802995785259	0.439203137605259
10897	24	25	Frontal Medial Cortex	zstat	0.8980678517230232	-0.8908408719465031
10897	25	26	Juxtapositional Lobule Cortex (formerly Supplementary Motor Cortex)	zstat	-0.7304831407833459	0.14801396557438262
10897	26	27	Subcallosal Cortex	zstat	0.24791591731795612	-0.23201753242084613
10897	27	28	Paracingulate Gyrus	zstat	0.2450734943538277	0.25603272401407895
10897	28	29	Cingulate Gyrus, anterior division	zstat	-0.11913631046652079	-0.000977380278912941
10897	29	30	Cingulate Gyrus, posterior division	zstat	0.2938496577585382	-1.1283367475731565
10897	30	31	Precuneous Cortex	zstat	0.509347891789391	-0.549786435855961
10897	31	32	Cuneal Cortex	zstat	1.198523912211248	-0.03408944904272488
10897	32	33	Frontal Orbital Cortex	zstat	-0.3120695715892512	-1.0069960979041943
10897	33	34	Parahippocampal Gyrus, anterior division	zstat	0.172881135012844	-0.2782316214514268
10897	34	35	Parahippocampal Gyrus, posterior division	zstat	-0.24135465809618528	-0.30957557841924566
10897	35	36	Lingual Gyrus	zstat	0.7984749392348036	0.34072351434762
10897	36	37	Temporal Fusiform Cortex, anterior division	zstat	0.15907289210627687	-0.13004225403968747
10897	37	38	Temporal Fusiform Cortex, posterior division	zstat	-0.28948552422818574	-0.16757230678126023
10897	38	39	Temporal Occipital Fusiform Cortex	zstat	0.14812127320402407	-0.3838210307414497
10897	39	40	Occipital Fusiform Gyrus	zstat	0.8025394424287722	-0.6707548606951738
10897	40	41	Frontal Operculum Cortex	zstat	0.05733803167602658	0.32213016005992073
10897	41	42	Central Opercular Cortex	zstat	-0.9125070000762773	-0.2946372229873566
10897	42	43	Parietal Operculum Cortex	zstat	-0.1270303053005485	-0.47181142985863317
10897	43	44	Planum Polare	zstat	-0.2650716132724316	0.1914519098665537
10897	44	45	Heschl's Gyrus (includes H1 and H2)	zstat	-0.027130548509636095	-0.13697389013768058
10897	45	46	Planum Temporale	zstat	-0.1839002114894782	0.1616662736084645
10897	46	47	Supracalcarine Cortex	zstat	1.101455293209391	0.7195130209141272
10897	47	48	Occipital Pole	zstat	0.9540251831525017	-0.8242844911462589
10908	0	1	Frontal Pole	zstat	0.07000201142444108	-0.30436807504769686
10908	1	2	Insular Cortex	zstat	0.10213690755180785	-0.8388271997606412
10908	2	3	Superior Frontal Gyrus	zstat	-0.08521070253852746	-0.15091617912395572
10908	3	4	Middle Frontal Gyrus	zstat	-0.2987694896420926	0.14068406112782958
10908	4	5	Inferior Frontal Gyrus, pars triangularis	zstat	0.6001239107246724	0.2360784682408381
10908	5	6	Inferior Frontal Gyrus, pars opercularis	zstat	0.5167165526027053	0.2987519478015117
10908	6	7	Precentral Gyrus	zstat	0.19769993049037274	-0.37368069797064335
10908	7	8	Temporal Pole	zstat	0.3006971798422387	-0.07176969445501671
10908	8	9	Superior Temporal Gyrus, anterior division	zstat	0.3849849629574097	0.11519714154016514
10908	9	10	Superior Temporal Gyrus, posterior division	zstat	0.14375107023447703	0.21491773615934426
10908	10	11	Middle Temporal Gyrus, anterior division	zstat	0.18995393759487614	0.18606164752325016
10908	11	12	Middle Temporal Gyrus, posterior division	zstat	0.10526103374665938	0.06116166820136734
10908	12	13	Middle Temporal Gyrus, temporooccipital part	zstat	0.5537650340007416	0.5340357965932572
10908	13	14	Inferior Temporal Gyrus, anterior division	zstat	-0.04680040999957685	0.6157270197222042
10908	14	15	Inferior Temporal Gyrus, posterior division	zstat	-0.17607877988155576	0.9055243826785152
10908	15	16	Inferior Temporal Gyrus, temporooccipital part	zstat	-0.39226389460258254	0.7043202643568537
10908	16	17	Postcentral Gyrus	zstat	0.42077298454494905	-0.43843939217991884
10908	17	18	Superior Parietal Lobule	zstat	-0.24038683033065983	-0.1299736796917389
10908	18	19	Supramarginal Gyrus, anterior division	zstat	0.12773015546414104	-0.537416229480705
10908	19	20	Supramarginal Gyrus, posterior division	zstat	-0.046973815259548864	0.0687344853874812
10908	20	21	Angular Gyrus	zstat	0.0019007921266147327	0.699418684870104
10908	21	22	Lateral Occipital Cortex, superior division	zstat	-0.22876750489794	0.15871035116021168
10908	22	23	Lateral Occipital Cortex, inferior division	zstat	-0.6021818273419378	0.5604082321450438
10908	23	24	Intracalcarine Cortex	zstat	0.7768959603453569	-0.17457321079858718
10908	24	25	Frontal Medial Cortex	zstat	-0.40039473938993475	-0.5990516464836921
10908	25	26	Juxtapositional Lobule Cortex (formerly Supplementary Motor Cortex)	zstat	0.33086127333336735	-0.8142059978185775
10908	26	27	Subcallosal Cortex	zstat	-0.5202970141755381	-0.27565356759452975
10908	27	28	Paracingulate Gyrus	zstat	0.09909721513164597	-0.8108929106853321
10908	28	29	Cingulate Gyrus, anterior division	zstat	0.09165809871540088	-0.633530180357812
10908	29	30	Cingulate Gyrus, posterior division	zstat	-0.14998529507312924	-0.2772142297758255
10908	30	31	Precuneous Cortex	zstat	-0.07689015469496342	0.2701323265247044
10908	31	32	Cuneal Cortex	zstat	0.5903478932298231	-0.2159003236252575
10908	32	33	Frontal Orbital Cortex	zstat	-0.22483067512068924	-0.29098528188301137
10908	33	34	Parahippocampal Gyrus, anterior division	zstat	-0.5138907134754427	0.41316811087957495
10908	34	35	Parahippocampal Gyrus, posterior division	zstat	-0.23344188731532756	0.09364681156035864
10908	35	36	Lingual Gyrus	zstat	-0.11666322217925229	-0.38898749083548273
10908	36	37	Temporal Fusiform Cortex, anterior division	zstat	-0.054702013588992626	-0.29953309881058354
10908	37	38	Temporal Fusiform Cortex, posterior division	zstat	-0.4463362332157752	0.7581573082366557
10908	38	39	Temporal Occipital Fusiform Cortex	zstat	-0.6430158884649037	-0.025351093167937606
10908	39	40	Occipital Fusiform Gyrus	zstat	0.08899325797441472	-0.2789920180491211
10908	40	41	Frontal Operculum Cortex	zstat	0.09786740042848371	-1.2741762892423323
10908	41	42	Central Opercular Cortex	zstat	0.11611783774340896	-1.0909094811646578
10908	42	43	Parietal Operculum Cortex	zstat	0.16926460724021428	-0.7638536972091028
10908	43	44	Planum Polare	zstat	0.2361955857979674	-0.7722834927404925
10908	44	45	Heschl's Gyrus (includes H1 and H2)	zstat	0.6473782874261832	-0.8505375718800909
10908	45	46	Planum Temporale	zstat	0.5150517817306748	-0.6043845601328275
10908	46	47	Supracalcarine Cortex	zstat	1.0470595776717713	-0.06755860093386566
10908	47	48	Occipital Pole	zstat	0.16391510609117466	0.14371704834081175
10918	0	1	Frontal Pole	zstat	-0.09405698837364292	-0.2985434808133967
10918	1	2	Insular Cortex	zstat	-0.0554286285993437	0.6872120697990481
10918	2	3	Superior Frontal Gyrus	zstat	0.012872756128857705	-0.22132161096487993
10918	3	4	Middle Frontal Gyrus	zstat	0.12429454627952503	-0.46167281464682264
10918	4	5	Inferior Frontal Gyrus, pars triangularis	zstat	-0.6513863702202131	-0.6644892473993481
10918	5	6	Inferior Frontal Gyrus, pars opercularis	zstat	-0.14665225657918335	0.006649638496713235
10918	6	7	Precentral Gyrus	zstat	0.2025151237910685	0.7455503580109564
10918	7	8	Temporal Pole	zstat	-0.31073647632672624	0.11083559392543939
10918	8	9	Superior Temporal Gyrus, anterior division	zstat	-0.4902323500898022	-0.1055471622504485
10918	9	10	Superior Temporal Gyrus, posterior division	zstat	-0.3937337740654029	-0.2414122320626191
10918	10	11	Middle Temporal Gyrus, anterior division	zstat	-0.2237583658004652	-0.06991071630158087
10918	11	12	Middle Temporal Gyrus, posterior division	zstat	-0.23803719619898783	-0.1380242861868545
10918	12	13	Middle Temporal Gyrus, temporooccipital part	zstat	-0.13027193803488157	0.5243206570269873
10918	13	14	Inferior Temporal Gyrus, anterior division	zstat	-0.7510921059247966	-0.2529003753618905
10918	14	15	Inferior Temporal Gyrus, posterior division	zstat	0.0732362574346347	0.40567772320890905
10918	15	16	Inferior Temporal Gyrus, temporooccipital part	zstat	-0.2553605902338411	0.5894259971596579
10918	16	17	Postcentral Gyrus	zstat	0.3248801342838021	0.9272308941650377
10918	17	18	Superior Parietal Lobule	zstat	-0.019762755653501936	1.0085661261163106
10918	18	19	Supramarginal Gyrus, anterior division	zstat	-0.47121737111592665	2.0756641336647723
10918	19	20	Supramarginal Gyrus, posterior division	zstat	-0.5754651811540228	0.41051442757314954
10918	20	21	Angular Gyrus	zstat	-0.3691737887173002	-0.2511921436908515
10918	21	22	Lateral Occipital Cortex, superior division	zstat	0.14531751188267614	0.5735722409012881
10918	22	23	Lateral Occipital Cortex, inferior division	zstat	-0.06267484466493234	1.1279949555519742
10918	23	24	Intracalcarine Cortex	zstat	0.06670687703781758	1.6123696695523997
10918	24	25	Frontal Medial Cortex	zstat	0.029796967201152855	0.22990199345814605
10918	25	26	Juxtapositional Lobule Cortex (formerly Supplementary Motor Cortex)	zstat	0.613337375664127	1.3421363812443372
10918	26	27	Subcallosal Cortex	zstat	-0.056625590457742174	0.2897039025950317
10918	27	28	Paracingulate Gyrus	zstat	-0.4410559317610749	-0.43571420661700216
10918	28	29	Cingulate Gyrus, anterior division	zstat	-0.0464652041842721	0.15436591486332735
10918	29	30	Cingulate Gyrus, posterior division	zstat	0.025590308091869313	0.9128447376687878
10918	30	31	Precuneous Cortex	zstat	0.38334614012052076	1.0789141092966654
10918	31	32	Cuneal Cortex	zstat	0.6181029979178737	1.1710588593705002
10918	32	33	Frontal Orbital Cortex	zstat	-0.17054867117004738	0.14527132991802932
10918	33	34	Parahippocampal Gyrus, anterior division	zstat	0.38113795343268275	0.40298754013510757
10918	34	35	Parahippocampal Gyrus, posterior division	zstat	0.05925114800503372	0.2997583968037704
10918	35	36	Lingual Gyrus	zstat	0.37487349382442375	0.9602990674685408
10918	36	37	Temporal Fusiform Cortex, anterior division	zstat	-0.18020334920403383	0.4057349286649825
10918	37	38	Temporal Fusiform Cortex, posterior division	zstat	0.3141361675171098	0.5583532087947883
10918	38	39	Temporal Occipital Fusiform Cortex	zstat	0.006068299570799574	0.9659961203507285
10918	39	40	Occipital Fusiform Gyrus	zstat	0.9667883475164424	0.9010534597746245
10918	40	41	Frontal Operculum Cortex	zstat	-0.4564844954664968	0.02445858350598856
10918	41	42	Central Opercular Cortex	zstat	-0.07874475605322831	1.0924880537286379
10918	42	43	Parietal Operculum Cortex	zstat	0.2084614859316569	0.9681348838373016
10918	43	44	Planum Polare	zstat	0.21214777609133	0.4903136351419513
10918	44	45	Heschl's Gyrus (includes H1 and H2)	zstat	0.3067707111286472	0.11408545129207147
10918	45	46	Planum Temporale	zstat	0.3891798046525888	0.5183806566784669
10918	46	47	Supracalcarine Cortex	zstat	0.458597654090362	1.3093603799922113
10918	47	48	Occipital Pole	zstat	0.04820460583149907	1.1017329263472435
10919	0	1	Frontal Pole	zstat	-0.39599901576325136	-0.1009731122770924
10919	1	2	Insular Cortex	zstat	-0.4459654500332676	0.7135619368885079
10919	2	3	Superior Frontal Gyrus	zstat	-1.0331292540385855	0.4378927526336728
10919	3	4	Middle Frontal Gyrus	zstat	-0.3346207640173283	-0.094440654390277
10919	4	5	Inferior Frontal Gyrus, pars triangularis	zstat	-1.1394996298236746	-0.41776271088373496
10919	5	6	Inferior Frontal Gyrus, pars opercularis	zstat	-0.8279514410926562	-0.6454406165884423
10919	6	7	Precentral Gyrus	zstat	0.06973313425026921	-0.24686123595734377
10919	7	8	Temporal Pole	zstat	-0.6524926356835921	-0.04650906546411735
10919	8	9	Superior Temporal Gyrus, anterior division	zstat	-0.678456656266159	0.5138236929208805
10919	9	10	Superior Temporal Gyrus, posterior division	zstat	-0.1142328641250391	0.5807325578643232
10919	10	11	Middle Temporal Gyrus, anterior division	zstat	-0.545436397389467	0.13045355844130713
10919	11	12	Middle Temporal Gyrus, posterior division	zstat	-0.8529184705341049	0.6736721179271835
10919	12	13	Middle Temporal Gyrus, temporooccipital part	zstat	-0.5190980406757076	-0.34135613008370264
10919	13	14	Inferior Temporal Gyrus, anterior division	zstat	-1.0363116983679734	-0.2998883334600185
10919	14	15	Inferior Temporal Gyrus, posterior division	zstat	-0.22336617132100048	0.04066556800743296
10919	15	16	Inferior Temporal Gyrus, temporooccipital part	zstat	-0.3945960671546342	-0.06762999315475073
10919	16	17	Postcentral Gyrus	zstat	0.15244583862965277	-0.08348981188600073
10919	17	18	Superior Parietal Lobule	zstat	0.6994398639586588	-0.5921852741466244
10919	18	19	Supramarginal Gyrus, anterior division	zstat	0.17898648688575056	-0.22820981795408038
10919	19	20	Supramarginal Gyrus, posterior division	zstat	-0.3714587682616454	-0.0641980691230856
10919	20	21	Angular Gyrus	zstat	-0.6077509255114196	-0.2892547674748342
10919	21	22	Lateral Occipital Cortex, superior division	zstat	-0.4114146943526367	-0.1452736831993321
10919	22	23	Lateral Occipital Cortex, inferior division	zstat	-0.630288451675949	-0.28508767145429087
10919	23	24	Intracalcarine Cortex	zstat	0.9172977502457798	-0.44514749528987857
10919	24	25	Frontal Medial Cortex	zstat	-0.6402713449619023	0.41693038796570075
10919	25	26	Juxtapositional Lobule Cortex (formerly Supplementary Motor Cortex)	zstat	0.15211143176271139	-0.3332619227490992
10919	26	27	Subcallosal Cortex	zstat	-0.8344671563099837	1.0499355757154543
10919	27	28	Paracingulate Gyrus	zstat	-1.118179274760642	0.7035212407191813
10919	28	29	Cingulate Gyrus, anterior division	zstat	-1.1151477986817462	0.8863065197836446
10919	29	30	Cingulate Gyrus, posterior division	zstat	-1.174323510305424	-0.22709658601733723
10919	30	31	Precuneous Cortex	zstat	-0.6017760712380402	-0.6779935408222816
10919	31	32	Cuneal Cortex	zstat	0.4376465141721082	-0.06121512926586319
10919	32	33	Frontal Orbital Cortex	zstat	-0.6966725369149737	0.5064014897914388
10919	33	34	Parahippocampal Gyrus, anterior division	zstat	-0.038346644727393686	0.0496168902594044
10919	34	35	Parahippocampal Gyrus, posterior division	zstat	-0.6401183937061227	0.4666707872623964
10919	35	36	Lingual Gyrus	zstat	0.26725683668816863	-0.2578327019144649
10919	36	37	Temporal Fusiform Cortex, anterior division	zstat	-0.21817646089591192	-0.26551418655043374
10919	37	38	Temporal Fusiform Cortex, posterior division	zstat	0.06218693878585008	0.09355068101913135
10919	38	39	Temporal Occipital Fusiform Cortex	zstat	-0.19507192723578512	-0.3817433065829115
10919	39	40	Occipital Fusiform Gyrus	zstat	0.24524931077689105	-0.4710420176626428
10919	40	41	Frontal Operculum Cortex	zstat	-0.7828913451377361	0.5390194542392963
10919	41	42	Central Opercular Cortex	zstat	-0.21191519531376982	0.48460118744206204
10919	42	43	Parietal Operculum Cortex	zstat	-0.3701822602870564	0.5639465629048693
10919	43	44	Planum Polare	zstat	-0.35739378282702117	0.24505509410892393
10919	44	45	Heschl's Gyrus (includes H1 and H2)	zstat	-0.38829826314349913	0.3290177476291935
10919	45	46	Planum Temporale	zstat	-0.296424872343818	0.36656608719022693
10919	46	47	Supracalcarine Cortex	zstat	0.5174712499484737	-0.312878474355378
10919	47	48	Occipital Pole	zstat	0.5079438097264592	-0.42091673815594205
10924	0	1	Frontal Pole	zstat	0.3276430460972586	0.11336846574347938
10924	1	2	Insular Cortex	zstat	0.1884987466743399	0.636709856087065
10924	2	3	Superior Frontal Gyrus	zstat	0.667718067026256	0.16424791724390794
10924	3	4	Middle Frontal Gyrus	zstat	0.36673387882902264	0.19557826753569582
10924	4	5	Inferior Frontal Gyrus, pars triangularis	zstat	-0.37484564358908407	-0.08873680332254238
10924	5	6	Inferior Frontal Gyrus, pars opercularis	zstat	-0.1370635508022143	-0.0453885886160359
10924	6	7	Precentral Gyrus	zstat	0.1663712706476189	0.23337429844802393
10924	7	8	Temporal Pole	zstat	-0.6880881269006026	-0.12799905869412329
10924	8	9	Superior Temporal Gyrus, anterior division	zstat	-0.03010782663925336	-0.506245366531687
10924	9	10	Superior Temporal Gyrus, posterior division	zstat	0.3245535550016136	0.3408690789616561
10924	10	11	Middle Temporal Gyrus, anterior division	zstat	0.195606786485956	0.29255436708188076
10924	11	12	Middle Temporal Gyrus, posterior division	zstat	0.38642511950122216	-0.09506073072502065
10924	12	13	Middle Temporal Gyrus, temporooccipital part	zstat	0.1657191815637462	0.32004015623755816
10924	13	14	Inferior Temporal Gyrus, anterior division	zstat	-0.8973244379919308	0.1357492629890523
10924	14	15	Inferior Temporal Gyrus, posterior division	zstat	0.3042004880167032	-0.34457244195597464
10924	15	16	Inferior Temporal Gyrus, temporooccipital part	zstat	0.9564820866295095	0.2291938795106713
10924	16	17	Postcentral Gyrus	zstat	0.8223746034836286	0.45106256572231596
10924	17	18	Superior Parietal Lobule	zstat	-0.028538405433238493	0.1515314700842769
10924	18	19	Supramarginal Gyrus, anterior division	zstat	0.8161968316770745	0.5702751561309453
10924	19	20	Supramarginal Gyrus, posterior division	zstat	0.26148223234466406	0.23061991981136284
10924	20	21	Angular Gyrus	zstat	0.5445435306046698	0.06381376808495048
10924	21	22	Lateral Occipital Cortex, superior division	zstat	0.5393948760301889	0.39923227577229703
10924	22	23	Lateral Occipital Cortex, inferior division	zstat	0.009647305995925793	0.5686200002990806
10924	23	24	Intracalcarine Cortex	zstat	-0.09039443275748103	1.1670671993153576
10924	24	25	Frontal Medial Cortex	zstat	0.9184898858203004	1.1751264983058267
10924	25	26	Juxtapositional Lobule Cortex (formerly Supplementary Motor Cortex)	zstat	1.2377169454136763	0.7154616982573045
10924	26	27	Subcallosal Cortex	zstat	-0.18582484564529014	0.24860453550488903
10924	27	28	Paracingulate Gyrus	zstat	0.015971863366550675	0.29985282818615866
10924	28	29	Cingulate Gyrus, anterior division	zstat	-0.22817801241133998	0.584795186553107
10924	29	30	Cingulate Gyrus, posterior division	zstat	1.0736164310127496	0.7033475510972951
10924	30	31	Precuneous Cortex	zstat	0.7800232899164325	0.8892647540543366
10924	31	32	Cuneal Cortex	zstat	0.6444566538998807	0.9846322747595823
10924	32	33	Frontal Orbital Cortex	zstat	-0.48824539698792496	-0.000842516788924044
10924	33	34	Parahippocampal Gyrus, anterior division	zstat	0.10470119528307588	0.22260733901891874
10924	34	35	Parahippocampal Gyrus, posterior division	zstat	-0.148557683959041	0.49242423850480677
10924	35	36	Lingual Gyrus	zstat	0.06067496697646509	0.9727024489208709
10924	36	37	Temporal Fusiform Cortex, anterior division	zstat	-0.9450383574853763	0.4771161343677775
10924	37	38	Temporal Fusiform Cortex, posterior division	zstat	-0.012862906627767364	0.07074983467719807
10924	38	39	Temporal Occipital Fusiform Cortex	zstat	-0.8176137501850496	0.6376504713144077
10924	39	40	Occipital Fusiform Gyrus	zstat	0.22945094212340703	0.7277001509119312
10924	40	41	Frontal Operculum Cortex	zstat	-1.4643360221555002	0.7424608506467741
10924	41	42	Central Opercular Cortex	zstat	0.9971966930573369	0.4877526991145618
10924	42	43	Parietal Operculum Cortex	zstat	1.1212276302497872	0.5400495057404667
10924	43	44	Planum Polare	zstat	-0.05728778045958633	0.27862864515907665
10924	44	45	Heschl's Gyrus (includes H1 and H2)	zstat	0.4577323399644564	0.6187142124442461
10924	45	46	Planum Temporale	zstat	0.840187856863018	0.9727104211053901
10924	46	47	Supracalcarine Cortex	zstat	0.220847124451811	0.6512130644529107
10924	47	48	Occipital Pole	zstat	1.0353667027087903	0.4741712982312323
10929	0	1	Frontal Pole	zstat	0.282912245180315	-0.4082544580870682
10929	1	2	Insular Cortex	zstat	-0.5291951427828534	0.3988570731681782
10929	2	3	Superior Frontal Gyrus	zstat	0.14357187569006188	-0.823489802175485
10929	3	4	Middle Frontal Gyrus	zstat	0.6550748127510264	-0.29985602613006246
10929	4	5	Inferior Frontal Gyrus, pars triangularis	zstat	0.6738108227081776	-0.10294622866065165
10929	5	6	Inferior Frontal Gyrus, pars opercularis	zstat	0.6943110249015645	0.3020296443273663
10929	6	7	Precentral Gyrus	zstat	0.08583731815846964	-0.12310746504660416
10929	7	8	Temporal Pole	zstat	-0.4115674659576982	-0.035998093878148195
10929	8	9	Superior Temporal Gyrus, anterior division	zstat	-0.26291356589167547	-1.017613766117929
10929	9	10	Superior Temporal Gyrus, posterior division	zstat	0.036632594446951744	-1.5097473845817149
10929	10	11	Middle Temporal Gyrus, anterior division	zstat	-0.4471988953830702	-0.23284261983388396
10929	11	12	Middle Temporal Gyrus, posterior division	zstat	0.39522428635352297	-0.5198844037667053
10929	12	13	Middle Temporal Gyrus, temporooccipital part	zstat	0.5870632240409416	0.3339688322384785
10929	13	14	Inferior Temporal Gyrus, anterior division	zstat	-0.6297818177032488	0.17172101309961094
10929	14	15	Inferior Temporal Gyrus, posterior division	zstat	0.30592601939606295	0.10327344104655896
10929	15	16	Inferior Temporal Gyrus, temporooccipital part	zstat	0.7675530750360062	-0.3974367516773836
10929	16	17	Postcentral Gyrus	zstat	0.16865013632095804	-0.3713642335097931
10929	17	18	Superior Parietal Lobule	zstat	0.3417471324052696	-0.04355035474147462
10929	18	19	Supramarginal Gyrus, anterior division	zstat	0.15489403317354758	1.0010773849634764
10929	19	20	Supramarginal Gyrus, posterior division	zstat	0.11521248698983391	-0.07292489848426871
10929	20	21	Angular Gyrus	zstat	0.25778644721036736	0.24371582470994696
10929	21	22	Lateral Occipital Cortex, superior division	zstat	0.5707196626044341	-0.5717127656376098
10929	22	23	Lateral Occipital Cortex, inferior division	zstat	0.371712250416662	-0.025270818443499512
10929	23	24	Intracalcarine Cortex	zstat	0.05955430256530773	0.0032842291877124862
10929	24	25	Frontal Medial Cortex	zstat	0.15002170128661954	-0.0315593955410869
10929	25	26	Juxtapositional Lobule Cortex (formerly Supplementary Motor Cortex)	zstat	-0.8156506021120082	0.5579177249392897
10929	26	27	Subcallosal Cortex	zstat	0.15690003579500347	-0.35521645148893677
10929	27	28	Paracingulate Gyrus	zstat	-0.27569256413396703	-0.02863250396526335
10929	28	29	Cingulate Gyrus, anterior division	zstat	-0.34280921107206963	0.8237198567241679
10929	29	30	Cingulate Gyrus, posterior division	zstat	0.2320970766662753	0.5329128267542192
10929	30	31	Precuneous Cortex	zstat	0.711389122983134	-0.7262922291746502
10929	31	32	Cuneal Cortex	zstat	-0.29329583645403845	-1.6652711026056644
10929	32	33	Frontal Orbital Cortex	zstat	-0.17928194190242522	0.08862571896491968
10929	33	34	Parahippocampal Gyrus, anterior division	zstat	0.2244191954007158	-0.057955978056560144
10929	34	35	Parahippocampal Gyrus, posterior division	zstat	0.18405967960046288	-0.05856252790270549
10929	35	36	Lingual Gyrus	zstat	0.05403425981273435	-0.20139557737385785
10929	36	37	Temporal Fusiform Cortex, anterior division	zstat	0.7918747772366892	-0.04428429591324154
10929	37	38	Temporal Fusiform Cortex, posterior division	zstat	0.4405576658449242	0.047404158713773736
10929	38	39	Temporal Occipital Fusiform Cortex	zstat	0.3328660521028937	0.02464087806818047
10929	39	40	Occipital Fusiform Gyrus	zstat	0.2698800486016916	0.06698542059041754
10929	40	41	Frontal Operculum Cortex	zstat	-1.5193151524916542	1.0210719208131318
10929	41	42	Central Opercular Cortex	zstat	-0.14272918094154735	0.24494823728499612
10929	42	43	Parietal Operculum Cortex	zstat	-0.3914087246370686	0.12482530662499199
10929	43	44	Planum Polare	zstat	-0.9357623916238419	-0.4689521185844028
10929	44	45	Heschl's Gyrus (includes H1 and H2)	zstat	-0.2341134124692993	-1.3707058813792015
10929	45	46	Planum Temporale	zstat	-0.27987600955983155	-1.1289551059336214
10929	46	47	Supracalcarine Cortex	zstat	-0.04350792112304492	-0.9800966798545833
10929	47	48	Occipital Pole	zstat	0.10279822130997286	-0.5609717555364186
10930	0	1	Frontal Pole	zstat	0.3054275024542963	-0.42007688809186405
10930	1	2	Insular Cortex	zstat	-0.39929685618469685	0.8113154795020342
10930	2	3	Superior Frontal Gyrus	zstat	-0.0886124885699448	-1.6402039221081648
10930	3	4	Middle Frontal Gyrus	zstat	0.0007495362617907527	-0.6596210270268772
10930	4	5	Inferior Frontal Gyrus, pars triangularis	zstat	0.15322941551657837	-0.7801739059985666
10930	5	6	Inferior Frontal Gyrus, pars opercularis	zstat	-0.35832372789516126	-0.2850901842500907
10930	6	7	Precentral Gyrus	zstat	-0.22290356495731034	0.8729817929543695
10930	7	8	Temporal Pole	zstat	-0.40645153845135096	-0.16062473065220698
10930	8	9	Superior Temporal Gyrus, anterior division	zstat	-0.9669011756634482	0.1532066452734841
10930	9	10	Superior Temporal Gyrus, posterior division	zstat	-0.06257001083501458	-0.29701912290924654
10930	10	11	Middle Temporal Gyrus, anterior division	zstat	-0.23580968373302202	-0.5718563136484808
10930	11	12	Middle Temporal Gyrus, posterior division	zstat	0.10686654027960017	-1.1076077356163354
10930	12	13	Middle Temporal Gyrus, temporooccipital part	zstat	-0.3233500285499423	1.049480599365319
10930	13	14	Inferior Temporal Gyrus, anterior division	zstat	0.06274102709790659	-0.25404903157090647
10930	14	15	Inferior Temporal Gyrus, posterior division	zstat	0.39079012809746677	-0.1304425339228959
10930	15	16	Inferior Temporal Gyrus, temporooccipital part	zstat	0.45823400901889416	0.7077114737875857
10930	16	17	Postcentral Gyrus	zstat	-0.43198559674535597	0.2833008152537007
10930	17	18	Superior Parietal Lobule	zstat	-0.9511850797754573	1.00478489983954
10930	18	19	Supramarginal Gyrus, anterior division	zstat	-0.43088365343326046	1.251875755680656
10930	19	20	Supramarginal Gyrus, posterior division	zstat	-0.295046385981432	0.9592835138029595
10930	20	21	Angular Gyrus	zstat	-0.02240870167089976	-0.5685559846070798
10930	21	22	Lateral Occipital Cortex, superior division	zstat	0.24256108255082795	0.999011459198664
10930	22	23	Lateral Occipital Cortex, inferior division	zstat	-0.8200312503438483	0.9942392500623823
10930	23	24	Intracalcarine Cortex	zstat	0.1324043984129456	2.171008908601137
10930	24	25	Frontal Medial Cortex	zstat	0.3032153639802049	-0.027581833091610712
10930	25	26	Juxtapositional Lobule Cortex (formerly Supplementary Motor Cortex)	zstat	-1.6618443398226708	1.814269308183292
10930	26	27	Subcallosal Cortex	zstat	-0.4415095368400216	0.06952827074206792
10930	27	28	Paracingulate Gyrus	zstat	0.3566031547223835	-0.07309780643315406
10930	28	29	Cingulate Gyrus, anterior division	zstat	0.06943572758141041	1.2546292971247428
10930	29	30	Cingulate Gyrus, posterior division	zstat	0.6163700346574187	0.22922949837041753
10930	30	31	Precuneous Cortex	zstat	0.07722345203010683	0.7421970027842252
10930	31	32	Cuneal Cortex	zstat	0.33075734625811565	1.9092734593427234
10930	32	33	Frontal Orbital Cortex	zstat	-0.3652689527301032	-0.35313124242243005
10930	33	34	Parahippocampal Gyrus, anterior division	zstat	-0.005880586141298022	0.05493061265607356
10930	34	35	Parahippocampal Gyrus, posterior division	zstat	0.5092192981488792	0.7702954228123966
10930	35	36	Lingual Gyrus	zstat	-0.2727084058851474	1.8578396154620387
10930	36	37	Temporal Fusiform Cortex, anterior division	zstat	0.033608650227229225	0.8917694026918038
10930	37	38	Temporal Fusiform Cortex, posterior division	zstat	-0.20537910173068435	0.3287916293701561
10930	38	39	Temporal Occipital Fusiform Cortex	zstat	-0.8481397908568301	1.574455666675773
10930	39	40	Occipital Fusiform Gyrus	zstat	-0.7520118184335707	1.4902451967077175
10930	40	41	Frontal Operculum Cortex	zstat	-1.022670832728701	1.336336919204371
10930	41	42	Central Opercular Cortex	zstat	-0.32947924693372466	1.3671251182626014
10930	42	43	Parietal Operculum Cortex	zstat	-0.6842425210557425	1.4561267628707937
10930	43	44	Planum Polare	zstat	-0.683506352890937	0.7417365746725464
10930	44	45	Heschl's Gyrus (includes H1 and H2)	zstat	-0.007675522443739706	0.2345746606373773
10930	45	46	Planum Temporale	zstat	-0.03687716595934307	1.078698833605566
10930	46	47	Supracalcarine Cortex	zstat	0.6451859487656583	1.6209274664362694
10930	47	48	Occipital Pole	zstat	-0.01846333131996425	1.3854566845752654
10950	0	1	Frontal Pole	zstat	0.0729674004444928	0.3549738448952011
10950	1	2	Insular Cortex	zstat	-1.1665499694045436	-0.4595560864996276
10950	2	3	Superior Frontal Gyrus	zstat	0.08771962780093068	0.28686031977961474
10950	3	4	Middle Frontal Gyrus	zstat	0.1639692308006749	0.3809565654814974
10950	4	5	Inferior Frontal Gyrus, pars triangularis	zstat	-0.37330354161351204	0.6346894859468752
10950	5	6	Inferior Frontal Gyrus, pars opercularis	zstat	-0.7123148200841323	0.38635088509938864
10950	6	7	Precentral Gyrus	zstat	-1.029298146432519	0.14948135375656815
10950	7	8	Temporal Pole	zstat	-0.012031720156791022	0.5057662050838444
10950	8	9	Superior Temporal Gyrus, anterior division	zstat	-0.38890813599603297	0.44736000095637374
10950	9	10	Superior Temporal Gyrus, posterior division	zstat	-0.4719650253272531	0.8225341816977053
10950	10	11	Middle Temporal Gyrus, anterior division	zstat	0.1506756069666859	0.30188916668837973
10950	11	12	Middle Temporal Gyrus, posterior division	zstat	0.11503343447134554	0.7873354629768066
10950	12	13	Middle Temporal Gyrus, temporooccipital part	zstat	-0.012135044746696591	1.0215994086863724
10950	13	14	Inferior Temporal Gyrus, anterior division	zstat	-0.5772967902342816	0.9205496528808622
10950	14	15	Inferior Temporal Gyrus, posterior division	zstat	-0.1933398328188749	0.21061688334373407
10950	15	16	Inferior Temporal Gyrus, temporooccipital part	zstat	-0.832256268345883	0.9429944856646175
10950	16	17	Postcentral Gyrus	zstat	-0.47970634688501773	-0.23947747598718547
10950	17	18	Superior Parietal Lobule	zstat	-0.9689344312511984	-0.22627007385124293
10950	18	19	Supramarginal Gyrus, anterior division	zstat	-2.096848896285519	-0.45361562389880417
10950	19	20	Supramarginal Gyrus, posterior division	zstat	-1.4954476505203325	0.17465665391111446
10950	20	21	Angular Gyrus	zstat	-0.06430750758282477	0.42275097973344533
10950	21	22	Lateral Occipital Cortex, superior division	zstat	-0.006517478067395879	0.44110606917263384
10950	22	23	Lateral Occipital Cortex, inferior division	zstat	-0.853852285788243	0.3423534819681392
10950	23	24	Intracalcarine Cortex	zstat	-0.17061304136954886	-0.19550277395056134
10950	24	25	Frontal Medial Cortex	zstat	0.3403947038154105	0.7011266696821661
10950	25	26	Juxtapositional Lobule Cortex (formerly Supplementary Motor Cortex)	zstat	-1.6473267560862508	0.6197822441880252
10950	26	27	Subcallosal Cortex	zstat	0.11489247216019206	-0.03580583172062268
10950	27	28	Paracingulate Gyrus	zstat	-0.1282575878333342	0.09353276745730336
10950	28	29	Cingulate Gyrus, anterior division	zstat	-0.42890576971873645	0.06720871038407371
10950	29	30	Cingulate Gyrus, posterior division	zstat	0.38308402767591176	0.46899822658087525
10950	30	31	Precuneous Cortex	zstat	0.17848499279622698	0.17032994636859772
10950	31	32	Cuneal Cortex	zstat	-0.09170325321830425	-0.13243542694457766
10950	32	33	Frontal Orbital Cortex	zstat	0.04721605164521157	0.40766791748568326
10950	33	34	Parahippocampal Gyrus, anterior division	zstat	0.21897195253018453	0.20731135079764917
10950	34	35	Parahippocampal Gyrus, posterior division	zstat	0.055213072155338695	0.34288260178906266
10950	35	36	Lingual Gyrus	zstat	0.030216739010555965	0.08605169480569486
10950	36	37	Temporal Fusiform Cortex, anterior division	zstat	-0.37543455977653356	0.37102378299790073
10950	37	38	Temporal Fusiform Cortex, posterior division	zstat	-0.09446392437762127	0.15899549050876957
10950	38	39	Temporal Occipital Fusiform Cortex	zstat	-0.8661413274694463	0.599652278193468
10950	39	40	Occipital Fusiform Gyrus	zstat	0.28662445148152643	0.6333381702677725
10950	40	41	Frontal Operculum Cortex	zstat	-1.1838241794069313	-0.35958679043296565
10950	41	42	Central Opercular Cortex	zstat	-1.3249354386540888	-0.38884358221254156
10950	42	43	Parietal Operculum Cortex	zstat	-1.6745884462619003	-0.6400303716858764
10950	43	44	Planum Polare	zstat	-0.6465156694024602	-0.5836925854415895
10950	44	45	Heschl's Gyrus (includes H1 and H2)	zstat	-1.0680185785165168	-0.272392991768767
10950	45	46	Planum Temporale	zstat	-1.0600625934308896	-0.5578253952105249
10950	46	47	Supracalcarine Cortex	zstat	0.05478651151729827	0.12796037204741956
10950	47	48	Occipital Pole	zstat	-0.07294153451540551	0.1292406453522567
10952	0	1	Frontal Pole	zstat	-0.48854437003859297	0.2532945487392821
10952	1	2	Insular Cortex	zstat	0.1745667214969127	-1.1612212029514744
10952	2	3	Superior Frontal Gyrus	zstat	-0.9822929759504005	0.9630856703912738
10952	3	4	Middle Frontal Gyrus	zstat	-0.4192232361257233	0.40178488915552657
10952	4	5	Inferior Frontal Gyrus, pars triangularis	zstat	-0.781511432803842	2.2272655618048076
10952	5	6	Inferior Frontal Gyrus, pars opercularis	zstat	0.15199607754642053	1.2590313216049889
10952	6	7	Precentral Gyrus	zstat	0.20367600557088383	-0.7182128743765879
10952	7	8	Temporal Pole	zstat	-0.4232270053011039	0.016778364890910995
10952	8	9	Superior Temporal Gyrus, anterior division	zstat	-0.25964121430252607	0.8674747698868697
10952	9	10	Superior Temporal Gyrus, posterior division	zstat	-0.1071659117601071	0.015047289400857377
10952	10	11	Middle Temporal Gyrus, anterior division	zstat	-0.9091717450448604	0.7658983105341834
10952	11	12	Middle Temporal Gyrus, posterior division	zstat	-0.30252018121043034	0.3167996372067712
10952	12	13	Middle Temporal Gyrus, temporooccipital part	zstat	-0.015111592914678536	0.6376698839489724
10952	13	14	Inferior Temporal Gyrus, anterior division	zstat	-0.6909720767840478	0.17349455976230505
10952	14	15	Inferior Temporal Gyrus, posterior division	zstat	-0.4450429700286088	-0.0020609433151484195
10952	15	16	Inferior Temporal Gyrus, temporooccipital part	zstat	-0.6294030165529998	0.34349971089022124
10952	16	17	Postcentral Gyrus	zstat	-0.022560180748063745	-0.9779815907446343
10952	17	18	Superior Parietal Lobule	zstat	0.620677323155154	-0.29517788795346095
10952	18	19	Supramarginal Gyrus, anterior division	zstat	0.3208486439750737	-1.1930046204565667
10952	19	20	Supramarginal Gyrus, posterior division	zstat	0.36385208033874783	-0.4719147238992092
10952	20	21	Angular Gyrus	zstat	0.05995747508117125	0.493519211484611
10952	21	22	Lateral Occipital Cortex, superior division	zstat	-0.014413668976773644	0.7468081579816956
10952	22	23	Lateral Occipital Cortex, inferior division	zstat	0.06340603188031271	0.0660545649718777
10952	23	24	Intracalcarine Cortex	zstat	-0.03195158189879676	-1.3070766437392871
10952	24	25	Frontal Medial Cortex	zstat	-0.6744947479443347	1.4807062880804842
10952	25	26	Juxtapositional Lobule Cortex (formerly Supplementary Motor Cortex)	zstat	0.05262145514260172	-1.2239349201994922
10952	26	27	Subcallosal Cortex	zstat	-0.7897856478650983	-0.30140057731813824
10952	27	28	Paracingulate Gyrus	zstat	-0.7894801967009929	-0.10174715820728125
10952	28	29	Cingulate Gyrus, anterior division	zstat	-0.12191647498548264	-0.5965688874625888
10952	29	30	Cingulate Gyrus, posterior division	zstat	-0.6938668981258358	0.6811297137074704
10952	30	31	Precuneous Cortex	zstat	-0.45880431418697964	0.6804364228496871
10952	31	32	Cuneal Cortex	zstat	-0.06995167003602756	-2.3386261627292817
10952	32	33	Frontal Orbital Cortex	zstat	-0.6292816041742281	0.48958776980253754
10952	33	34	Parahippocampal Gyrus, anterior division	zstat	-0.6963387727181106	0.037087420122162235
10952	34	35	Parahippocampal Gyrus, posterior division	zstat	-0.38289642277402136	-0.287872049862185
10952	35	36	Lingual Gyrus	zstat	0.0019453763717472994	-1.5860904932799769
10952	36	37	Temporal Fusiform Cortex, anterior division	zstat	-1.1356530750347038	0.14824334574295273
10952	37	38	Temporal Fusiform Cortex, posterior division	zstat	-0.5080996699568698	0.37259009581062424
10952	38	39	Temporal Occipital Fusiform Cortex	zstat	-0.13840395903381542	1.2330355029704747
10952	39	40	Occipital Fusiform Gyrus	zstat	-0.44340287284948365	0.3557076503416603
10952	40	41	Frontal Operculum Cortex	zstat	-0.6886321247062263	-0.9194200539711017
10952	41	42	Central Opercular Cortex	zstat	0.22285715944642034	-1.9763863919578668
10952	42	43	Parietal Operculum Cortex	zstat	0.1425893379571531	-0.8288930060523964
10952	43	44	Planum Polare	zstat	0.2081003039071109	-1.4861453122722397
10952	44	45	Heschl's Gyrus (includes H1 and H2)	zstat	-0.11211000991586063	-0.8945143564286628
10952	45	46	Planum Temporale	zstat	0.3055483210182728	-0.827146526813053
10952	46	47	Supracalcarine Cortex	zstat	0.048621304224225434	-1.1250187773653801
10952	47	48	Occipital Pole	zstat	0.0673124772678234	-0.7266268136528196
10956	0	1	Frontal Pole	zstat	-0.27692175176578043	-0.019965754760194788
10956	1	2	Insular Cortex	zstat	-0.5962975420739806	-0.3245666869168745
10956	2	3	Superior Frontal Gyrus	zstat	-0.36703241242165674	0.07514175875661172
10956	3	4	Middle Frontal Gyrus	zstat	-0.15246630336803954	-0.08295023149183971
10956	4	5	Inferior Frontal Gyrus, pars triangularis	zstat	-0.14574481498764041	-0.39591282768251906
10956	5	6	Inferior Frontal Gyrus, pars opercularis	zstat	-0.38970662275345247	-0.7034483811863829
10956	6	7	Precentral Gyrus	zstat	-0.10583042568315948	-0.6221614265514521
10956	7	8	Temporal Pole	zstat	-0.6113950722381398	-0.032610434456436084
10956	8	9	Superior Temporal Gyrus, anterior division	zstat	-1.2585723851258175	0.06750615159861552
10956	9	10	Superior Temporal Gyrus, posterior division	zstat	-1.5574069347069297	-0.6621582668831015
10956	10	11	Middle Temporal Gyrus, anterior division	zstat	-0.557460600482439	0.37633617643663075
10956	11	12	Middle Temporal Gyrus, posterior division	zstat	-0.8062729548729392	-0.37940555699896655
10956	12	13	Middle Temporal Gyrus, temporooccipital part	zstat	-0.5899379919078124	-0.7980036338732963
10956	13	14	Inferior Temporal Gyrus, anterior division	zstat	-0.6179798039428259	0.3076011768443036
10956	14	15	Inferior Temporal Gyrus, posterior division	zstat	-0.023428099155591228	0.2116467803967043
10956	15	16	Inferior Temporal Gyrus, temporooccipital part	zstat	-0.11250644569149904	-0.33550986917793696
10956	16	17	Postcentral Gyrus	zstat	0.19319615749014624	-0.24891032835143445
10956	17	18	Superior Parietal Lobule	zstat	-0.3710557813303951	-0.5646035841854382
10956	18	19	Supramarginal Gyrus, anterior division	zstat	-0.332438444492032	-0.9981411630434364
10956	19	20	Supramarginal Gyrus, posterior division	zstat	-1.1655640564010576	-0.7008191163739743
10956	20	21	Angular Gyrus	zstat	-1.0816995985315507	-0.40150286164784776
10956	21	22	Lateral Occipital Cortex, superior division	zstat	-0.2813512967557905	-0.39156879439482783
10956	22	23	Lateral Occipital Cortex, inferior division	zstat	-0.6257301968335238	-1.1803497836879546
10956	23	24	Intracalcarine Cortex	zstat	1.0324191684256658	0.39249089118845193
10956	24	25	Frontal Medial Cortex	zstat	-0.7765128082560263	-0.1467389207571111
10956	25	26	Juxtapositional Lobule Cortex (formerly Supplementary Motor Cortex)	zstat	-0.94112218911382	-0.8059670920357913
10956	26	27	Subcallosal Cortex	zstat	-0.04344452818712363	0.07679076435966775
10956	27	28	Paracingulate Gyrus	zstat	-0.2735102355106057	0.5931295508695806
10956	28	29	Cingulate Gyrus, anterior division	zstat	-0.6392563141617772	0.0663477272010222
10956	29	30	Cingulate Gyrus, posterior division	zstat	-1.5239699681885541	0.4968381865736363
10956	30	31	Precuneous Cortex	zstat	-1.7661541264271494	0.792539415257516
10956	31	32	Cuneal Cortex	zstat	0.44641649004130285	0.169642138035716
10956	32	33	Frontal Orbital Cortex	zstat	-0.41614503539666575	-0.013060590407644122
10956	33	34	Parahippocampal Gyrus, anterior division	zstat	0.02113526704436811	0.9503001118417772
10956	34	35	Parahippocampal Gyrus, posterior division	zstat	-0.7737447482221848	1.5210109724663199
10956	35	36	Lingual Gyrus	zstat	-0.23388336906143603	0.09424630786935131
10956	36	37	Temporal Fusiform Cortex, anterior division	zstat	-0.6039722741521434	0.7486897619698751
10956	37	38	Temporal Fusiform Cortex, posterior division	zstat	-0.37278123765585947	0.6919118278674307
10956	38	39	Temporal Occipital Fusiform Cortex	zstat	-0.8687779692211736	-0.7813177033399937
10956	39	40	Occipital Fusiform Gyrus	zstat	-0.07484893789457937	-1.1180170925984882
10956	40	41	Frontal Operculum Cortex	zstat	-0.4995128096359148	-0.7422105790264591
10956	41	42	Central Opercular Cortex	zstat	-0.00971149535441042	-0.9137795673979615
10956	42	43	Parietal Operculum Cortex	zstat	-0.7212686879432708	-0.9557193506965271
10956	43	44	Planum Polare	zstat	-0.6205240054925164	-0.3765235008327077
10956	44	45	Heschl's Gyrus (includes H1 and H2)	zstat	-0.6005119918287659	-0.005278347677031901
10956	45	46	Planum Temporale	zstat	-0.5372135950035707	-0.05179391433536449
10956	46	47	Supracalcarine Cortex	zstat	1.0847747476494058	0.16473813196446033
10956	47	48	Occipital Pole	zstat	0.05090532781098864	-0.6653720561530703
10958	0	1	Frontal Pole	zstat	-0.48890004337974124	0.12852562531134393
10958	1	2	Insular Cortex	zstat	-0.7387633305189694	0.572641843848897
10958	2	3	Superior Frontal Gyrus	zstat	-0.6615506058669078	0.703299628854596
10958	3	4	Middle Frontal Gyrus	zstat	-0.5330033723710358	1.124023736030542
10958	4	5	Inferior Frontal Gyrus, pars triangularis	zstat	-0.5492301032040856	0.7952465271676565
10958	5	6	Inferior Frontal Gyrus, pars opercularis	zstat	-0.6107572352621431	2.0914366098840724
10958	6	7	Precentral Gyrus	zstat	-0.6633775469519739	0.8267947867832346
10958	7	8	Temporal Pole	zstat	-0.10655906271622702	-0.5609506655333828
10958	8	9	Superior Temporal Gyrus, anterior division	zstat	-0.9535512404134259	0.0973191330782496
10958	9	10	Superior Temporal Gyrus, posterior division	zstat	0.06541111279889796	0.3730210494265178
10958	10	11	Middle Temporal Gyrus, anterior division	zstat	-0.05738807300022289	-1.0712995024981784
10958	11	12	Middle Temporal Gyrus, posterior division	zstat	0.272620429511892	-0.15237693934105043
10958	12	13	Middle Temporal Gyrus, temporooccipital part	zstat	-0.573445832413497	0.9516025878067232
10958	13	14	Inferior Temporal Gyrus, anterior division	zstat	0.3050403189184089	-0.32872353527387027
10958	14	15	Inferior Temporal Gyrus, posterior division	zstat	-0.0772187196747183	-0.2607743358523471
10958	15	16	Inferior Temporal Gyrus, temporooccipital part	zstat	-0.4474249200316827	1.5964263417469615
10958	16	17	Postcentral Gyrus	zstat	-0.19149235808270296	1.1437456119802538
10958	17	18	Superior Parietal Lobule	zstat	-0.4698847773646217	2.094393638984405
10958	18	19	Supramarginal Gyrus, anterior division	zstat	-0.9689988574013114	1.2693010674910274
10958	19	20	Supramarginal Gyrus, posterior division	zstat	-0.6633192628312925	0.9913494982236738
10958	20	21	Angular Gyrus	zstat	-0.22041463192819633	0.3059362456359882
10958	21	22	Lateral Occipital Cortex, superior division	zstat	-0.4409007276994595	1.2654805769160504
10958	22	23	Lateral Occipital Cortex, inferior division	zstat	-0.7269112404433704	1.3028074894455173
10958	23	24	Intracalcarine Cortex	zstat	-1.2839990325330064	0.13773197714849295
10958	24	25	Frontal Medial Cortex	zstat	-0.011218189682930391	-1.0913651873463277
10958	25	26	Juxtapositional Lobule Cortex (formerly Supplementary Motor Cortex)	zstat	-0.41511684723357306	1.636148645429293
10958	26	27	Subcallosal Cortex	zstat	0.5473105736166382	-0.9752188942122022
10958	27	28	Paracingulate Gyrus	zstat	-0.5271240012405675	0.4452108029888249
10958	28	29	Cingulate Gyrus, anterior division	zstat	-0.3797537360738191	0.16864857339989334
10958	29	30	Cingulate Gyrus, posterior division	zstat	-1.0882256600037217	1.208631359236581
10958	30	31	Precuneous Cortex	zstat	-0.6354363513890832	1.107286354493514
10958	31	32	Cuneal Cortex	zstat	-0.2335652624573889	0.05053533322204672
10958	32	33	Frontal Orbital Cortex	zstat	-0.09282562696826197	-0.3636483960589583
10958	33	34	Parahippocampal Gyrus, anterior division	zstat	-0.2630410804583246	-0.4065703259635741
10958	34	35	Parahippocampal Gyrus, posterior division	zstat	-0.11508370283991098	-0.1393644587119233
10958	35	36	Lingual Gyrus	zstat	-0.6753301169197164	-0.3041508629946377
10958	36	37	Temporal Fusiform Cortex, anterior division	zstat	-0.08648982122276269	-0.6154330616176181
10958	37	38	Temporal Fusiform Cortex, posterior division	zstat	-0.03762397647950728	-0.07542826939647113
10958	38	39	Temporal Occipital Fusiform Cortex	zstat	-0.494865800070477	0.9121604806680775
10958	39	40	Occipital Fusiform Gyrus	zstat	-0.2621708334578822	1.0157149483297385
10958	40	41	Frontal Operculum Cortex	zstat	-1.0136981007335863	0.9114282033210542
10958	41	42	Central Opercular Cortex	zstat	-0.7283361164724612	0.3410991513301909
10958	42	43	Parietal Operculum Cortex	zstat	-0.5847631367177556	0.6941886882588437
10958	43	44	Planum Polare	zstat	-1.0429014197536495	-0.47645011202246484
10958	44	45	Heschl's Gyrus (includes H1 and H2)	zstat	-0.8771313679048337	0.24619048821508094
10958	45	46	Planum Temporale	zstat	-0.18913895265170866	0.20117394781318026
10958	46	47	Supracalcarine Cortex	zstat	-0.7390094168801257	-0.08389631300134227
10958	47	48	Occipital Pole	zstat	-0.31552501756521295	1.1533437598052678
10961	0	1	Frontal Pole	zstat	-0.3388126744050746	-0.3799037902712308
10961	1	2	Insular Cortex	zstat	0.0038219033115444185	0.5187411126822613
10961	2	3	Superior Frontal Gyrus	zstat	-0.015458845574221374	-0.5619913481929317
10961	3	4	Middle Frontal Gyrus	zstat	-0.04268798145727866	-1.2713665294064556
10961	4	5	Inferior Frontal Gyrus, pars triangularis	zstat	0.26665368417114793	-0.9622341861554268
10961	5	6	Inferior Frontal Gyrus, pars opercularis	zstat	0.33205371741188144	-1.0156681223878061
10961	6	7	Precentral Gyrus	zstat	0.18946214518108445	-0.8475843035594411
10961	7	8	Temporal Pole	zstat	0.0403782675809058	0.36903813702267857
10961	8	9	Superior Temporal Gyrus, anterior division	zstat	-1.0603026842841736	0.28730407547301207
10961	9	10	Superior Temporal Gyrus, posterior division	zstat	-0.34455215626747	-0.3665839879041804
10961	10	11	Middle Temporal Gyrus, anterior division	zstat	-0.29249513236764096	0.4554521676326699
10961	11	12	Middle Temporal Gyrus, posterior division	zstat	-0.3271942305355149	-0.3799525585852995
10961	12	13	Middle Temporal Gyrus, temporooccipital part	zstat	0.20728503589382577	-1.3944808826801025
10961	13	14	Inferior Temporal Gyrus, anterior division	zstat	-0.4973210428604448	0.02009735123072503
10961	14	15	Inferior Temporal Gyrus, posterior division	zstat	0.015525453204099097	0.010114744655566471
10961	15	16	Inferior Temporal Gyrus, temporooccipital part	zstat	-0.36237755880574696	-1.127306842550969
10961	16	17	Postcentral Gyrus	zstat	-0.21705390173722938	-0.7619240084155867
10961	17	18	Superior Parietal Lobule	zstat	0.0827212868810795	-1.3680399965548038
10961	18	19	Supramarginal Gyrus, anterior division	zstat	0.08694409386716197	-0.8773606298939773
10961	19	20	Supramarginal Gyrus, posterior division	zstat	-0.082479896550816	-1.0676679241596847
10961	20	21	Angular Gyrus	zstat	-0.24483828512841815	-0.9837082244081601
10961	21	22	Lateral Occipital Cortex, superior division	zstat	-0.47330516008766205	-0.7840618040418832
10961	22	23	Lateral Occipital Cortex, inferior division	zstat	-0.20560680777723675	0.16967636574859954
10961	23	24	Intracalcarine Cortex	zstat	-1.2240382517327406	0.3485338859942267
10961	24	25	Frontal Medial Cortex	zstat	-0.6270948898952111	0.42848206150959783
10961	25	26	Juxtapositional Lobule Cortex (formerly Supplementary Motor Cortex)	zstat	-0.282861262824185	-0.5752249972562847
10961	26	27	Subcallosal Cortex	zstat	-0.5328674751853284	-0.3465000308262041
10961	27	28	Paracingulate Gyrus	zstat	-0.9253725783609544	0.8163195686762487
10961	28	29	Cingulate Gyrus, anterior division	zstat	-1.0056709729655637	1.1415608044792291
10961	29	30	Cingulate Gyrus, posterior division	zstat	-1.1643523056230374	0.5349630808368924
10961	30	31	Precuneous Cortex	zstat	-1.0577497144832713	0.1869646015465073
10961	31	32	Cuneal Cortex	zstat	-1.943282917590023	-0.2713752394251899
10961	32	33	Frontal Orbital Cortex	zstat	-0.2447060333325376	-0.1259962356956355
10961	33	34	Parahippocampal Gyrus, anterior division	zstat	-0.18530800953660412	0.529325023559293
10961	34	35	Parahippocampal Gyrus, posterior division	zstat	-0.684901893581044	0.9126856592149948
10961	35	36	Lingual Gyrus	zstat	-1.0198013413176203	-0.07463179382581361
10961	36	37	Temporal Fusiform Cortex, anterior division	zstat	-0.37363161396644745	1.0345814380260574
10961	37	38	Temporal Fusiform Cortex, posterior division	zstat	-0.575756402209757	0.17928181023023568
10961	38	39	Temporal Occipital Fusiform Cortex	zstat	-0.5276668524120347	-0.0643199455724763
10961	39	40	Occipital Fusiform Gyrus	zstat	-0.684261259766344	-0.32133197321254614
10961	40	41	Frontal Operculum Cortex	zstat	-0.6611364260002845	-0.01691152245988052
10961	41	42	Central Opercular Cortex	zstat	0.15084826611897353	-0.11891811032717381
10961	42	43	Parietal Operculum Cortex	zstat	0.12685492397274178	0.18886571622933473
10961	43	44	Planum Polare	zstat	0.3513472895600072	1.2740988632884473
10961	44	45	Heschl's Gyrus (includes H1 and H2)	zstat	0.1604655054312045	1.0567623799975772
10961	45	46	Planum Temporale	zstat	0.4798641080414706	1.2592991223723893
10961	46	47	Supracalcarine Cortex	zstat	-1.6682598245270708	0.5910767836080111
10961	47	48	Occipital Pole	zstat	-0.022757866902217722	0.385853284577762
10966	0	1	Frontal Pole	zstat	-0.7463517912680262	-0.03376871143520124
10966	1	2	Insular Cortex	zstat	-0.030156195496750964	0.33906124586328734
10966	2	3	Superior Frontal Gyrus	zstat	-1.382614916702788	-0.026650140008032733
10966	3	4	Middle Frontal Gyrus	zstat	-1.6404917134738586	-0.061094138417772025
10966	4	5	Inferior Frontal Gyrus, pars triangularis	zstat	-1.6476546813575808	-0.9143709821851899
10966	5	6	Inferior Frontal Gyrus, pars opercularis	zstat	-1.8482453200913538	0.13447483031678129
10966	6	7	Precentral Gyrus	zstat	-0.532928769598256	0.9860585959385068
10966	7	8	Temporal Pole	zstat	-0.4184269923281231	-0.3915374317250363
10966	8	9	Superior Temporal Gyrus, anterior division	zstat	-0.9051800394096435	-0.3944297537570282
10966	9	10	Superior Temporal Gyrus, posterior division	zstat	-0.5193904036014982	-0.43013648288143047
10966	10	11	Middle Temporal Gyrus, anterior division	zstat	0.004219020597303092	-0.8322170386549586
10966	11	12	Middle Temporal Gyrus, posterior division	zstat	-0.9323135921625759	-0.92624099317408
10966	12	13	Middle Temporal Gyrus, temporooccipital part	zstat	-1.9313648092807711	-1.0899718420088746
10966	13	14	Inferior Temporal Gyrus, anterior division	zstat	-0.006834165893010133	0.1750770112797177
10966	14	15	Inferior Temporal Gyrus, posterior division	zstat	-0.33661653434066824	-0.4186182123476726
10966	15	16	Inferior Temporal Gyrus, temporooccipital part	zstat	-1.7645294999959997	-0.7148314372566007
10966	16	17	Postcentral Gyrus	zstat	0.16606056788399734	1.2702190866740422
10966	17	18	Superior Parietal Lobule	zstat	-1.126821082584032	0.4733808381095519
10966	18	19	Supramarginal Gyrus, anterior division	zstat	-0.013551796592461566	0.6342796312144923
10966	19	20	Supramarginal Gyrus, posterior division	zstat	-1.660684839757065	0.39171528073619244
10966	20	21	Angular Gyrus	zstat	-1.583617165565847	-0.6174439849641628
10966	21	22	Lateral Occipital Cortex, superior division	zstat	-1.01761252560201	0.25435864596306934
10966	22	23	Lateral Occipital Cortex, inferior division	zstat	-0.8452251444115129	-0.13744294032790957
10966	23	24	Intracalcarine Cortex	zstat	-0.3099566594901828	1.2959964963506023
10966	24	25	Frontal Medial Cortex	zstat	0.5852057086796635	0.7704335919363384
10966	25	26	Juxtapositional Lobule Cortex (formerly Supplementary Motor Cortex)	zstat	-0.17405128358812952	0.5787389292625547
10966	26	27	Subcallosal Cortex	zstat	0.19458415715310437	-0.28521350444330335
10966	27	28	Paracingulate Gyrus	zstat	-0.8648585547380173	0.9340345139067634
10966	28	29	Cingulate Gyrus, anterior division	zstat	-0.37783768054362293	0.5066293175097321
10966	29	30	Cingulate Gyrus, posterior division	zstat	-1.1827628792472449	-0.10879599463700183
10966	30	31	Precuneous Cortex	zstat	-0.6647911795373393	0.5085615774599885
10966	31	32	Cuneal Cortex	zstat	-0.43943429261419154	0.8263089263278933
10966	32	33	Frontal Orbital Cortex	zstat	-0.08851073149280418	-0.475611509087641
10966	33	34	Parahippocampal Gyrus, anterior division	zstat	0.2769776604343587	0.31914815644989103
10966	34	35	Parahippocampal Gyrus, posterior division	zstat	0.3169058146157284	0.20899875854265015
10966	35	36	Lingual Gyrus	zstat	-0.43593581759786565	1.2498241349577768
10966	36	37	Temporal Fusiform Cortex, anterior division	zstat	-0.5556047056728961	0.050991443831288646
10966	37	38	Temporal Fusiform Cortex, posterior division	zstat	-0.5780326101000032	-0.2939131536792069
10966	38	39	Temporal Occipital Fusiform Cortex	zstat	-1.043694250045795	-0.12665166679532291
10966	39	40	Occipital Fusiform Gyrus	zstat	-1.0081984672327995	0.458233871256907
10966	40	41	Frontal Operculum Cortex	zstat	-0.9691193249025735	0.3933189931022837
10966	41	42	Central Opercular Cortex	zstat	0.19072011492762692	1.2522521777016375
10966	42	43	Parietal Operculum Cortex	zstat	-0.19156823320394656	0.8749175270520586
10966	43	44	Planum Polare	zstat	-0.5528039015538081	0.3355160501131518
10966	44	45	Heschl's Gyrus (includes H1 and H2)	zstat	0.04750243546591411	0.7733225926675314
10966	45	46	Planum Temporale	zstat	-0.34554860703685836	1.0389594253761452
10966	46	47	Supracalcarine Cortex	zstat	0.1258605834136301	0.5303353589979258
10966	47	48	Occipital Pole	zstat	-0.38965012431578	-0.31405124264772666
10969	0	1	Frontal Pole	zstat	-0.665221322762372	0.35415373290625995
10969	1	2	Insular Cortex	zstat	0.23629910163376214	-0.2273647055715956
10969	2	3	Superior Frontal Gyrus	zstat	-1.3088049420130672	0.8178759442518343
10969	3	4	Middle Frontal Gyrus	zstat	-1.2232346088359822	1.2924628653563395
10969	4	5	Inferior Frontal Gyrus, pars triangularis	zstat	-1.1355376577564438	-0.11480517726185424
10969	5	6	Inferior Frontal Gyrus, pars opercularis	zstat	-0.8564534740541221	0.48832773481284486
10969	6	7	Precentral Gyrus	zstat	0.4163298212553692	0.3271990102942425
10969	7	8	Temporal Pole	zstat	-0.44987651206785667	-0.09610634150930049
10969	8	9	Superior Temporal Gyrus, anterior division	zstat	1.3357621177911567	-0.1930947191392382
10969	9	10	Superior Temporal Gyrus, posterior division	zstat	1.8137217077741086	0.32534783347751706
10969	10	11	Middle Temporal Gyrus, anterior division	zstat	-0.8398582191303817	-0.06969775343079244
10969	11	12	Middle Temporal Gyrus, posterior division	zstat	-0.43518214272942557	0.6331098472086157
10969	12	13	Middle Temporal Gyrus, temporooccipital part	zstat	0.034169188123503814	0.676385373728378
10969	13	14	Inferior Temporal Gyrus, anterior division	zstat	-0.6034983693409888	-0.3050113750026512
10969	14	15	Inferior Temporal Gyrus, posterior division	zstat	0.1912866539100883	-0.43539122503303496
10969	15	16	Inferior Temporal Gyrus, temporooccipital part	zstat	0.2875113774608684	0.4293655816065113
10969	16	17	Postcentral Gyrus	zstat	0.8072601706398469	0.46560059832469763
10969	17	18	Superior Parietal Lobule	zstat	0.8014484045258906	0.1324288257418489
10969	18	19	Supramarginal Gyrus, anterior division	zstat	0.5319986725277784	-0.5772236341374722
10969	19	20	Supramarginal Gyrus, posterior division	zstat	0.15953172168736127	0.36375727435649446
10969	20	21	Angular Gyrus	zstat	-0.9425449139712766	1.1602878071513112
10969	21	22	Lateral Occipital Cortex, superior division	zstat	-0.12738021744888534	0.5299201703279744
10969	22	23	Lateral Occipital Cortex, inferior division	zstat	0.886017267948081	-0.3900952987518472
10969	23	24	Intracalcarine Cortex	zstat	0.5483332215814986	-1.3324874601877703
10969	24	25	Frontal Medial Cortex	zstat	-0.46083451199827463	-0.4698716402524448
10969	25	26	Juxtapositional Lobule Cortex (formerly Supplementary Motor Cortex)	zstat	0.2147497504043418	0.4611524724524635
10969	26	27	Subcallosal Cortex	zstat	0.13246621946947507	0.06527010256137986
10969	27	28	Paracingulate Gyrus	zstat	-1.502603670110126	0.37715390895856454
10969	28	29	Cingulate Gyrus, anterior division	zstat	-0.9603205242507965	0.03352723918128581
10969	29	30	Cingulate Gyrus, posterior division	zstat	-1.1814728621978845	0.22486510864219494
10969	30	31	Precuneous Cortex	zstat	-1.0433861612936748	-0.012940704215684119
10969	31	32	Cuneal Cortex	zstat	1.2486022579940057	-1.2680097074307781
10969	32	33	Frontal Orbital Cortex	zstat	-0.5352178634940121	0.24394019470615644
10969	33	34	Parahippocampal Gyrus, anterior division	zstat	0.12086385461003149	-0.5898433951640386
10969	34	35	Parahippocampal Gyrus, posterior division	zstat	0.34205131654996634	-0.22598409978760722
10969	35	36	Lingual Gyrus	zstat	0.8147549239111694	-1.211163751216667
10969	36	37	Temporal Fusiform Cortex, anterior division	zstat	-1.072083100167942	-0.28069855444503167
10969	37	38	Temporal Fusiform Cortex, posterior division	zstat	0.32508937366508756	-0.37986986737193584
10969	38	39	Temporal Occipital Fusiform Cortex	zstat	0.296860021480088	-0.016574626431672432
10969	39	40	Occipital Fusiform Gyrus	zstat	0.9453872947940113	0.28783169616902365
10969	40	41	Frontal Operculum Cortex	zstat	-0.4269595919724773	-0.14673571258650295
10969	41	42	Central Opercular Cortex	zstat	1.0496847190883263	-0.6815748118612467
10969	42	43	Parietal Operculum Cortex	zstat	1.4939228297201774	-0.33496223733675323
10969	43	44	Planum Polare	zstat	0.5440875700131087	-0.13928160020363525
10969	44	45	Heschl's Gyrus (includes H1 and H2)	zstat	-0.267896670491911	0.16260497620938696
10969	45	46	Planum Temporale	zstat	1.163251610837846	-0.3019773585091724
10969	46	47	Supracalcarine Cortex	zstat	1.640958487274165	-1.9367233965783677
10969	47	48	Occipital Pole	zstat	0.7771265110377903	-0.6569362303609164
10977	0	1	Frontal Pole	zstat	0.30890345418272397	-0.4780540129878884
10977	1	2	Insular Cortex	zstat	-0.061785291246585564	-0.44729197941920634
10977	2	3	Superior Frontal Gyrus	zstat	0.0697800923966385	-0.8470500695655657
10977	3	4	Middle Frontal Gyrus	zstat	0.21720660977245088	-0.5956814467953742
10977	4	5	Inferior Frontal Gyrus, pars triangularis	zstat	0.8251799765900589	-0.5751129214645474
10977	5	6	Inferior Frontal Gyrus, pars opercularis	zstat	1.027191950193499	-0.8849895179728704
10977	6	7	Precentral Gyrus	zstat	0.3244120321116943	0.37111034198235365
10977	7	8	Temporal Pole	zstat	0.022749257202244702	0.27706735615141465
10977	8	9	Superior Temporal Gyrus, anterior division	zstat	-0.6035857575061994	0.8392933236100735
10977	9	10	Superior Temporal Gyrus, posterior division	zstat	-0.7586998243660472	0.09166993462184275
10977	10	11	Middle Temporal Gyrus, anterior division	zstat	-0.3761328276521318	1.3144097651994384
10977	11	12	Middle Temporal Gyrus, posterior division	zstat	-0.08285734062085366	0.4966168044389892
10977	12	13	Middle Temporal Gyrus, temporooccipital part	zstat	0.012885163370020268	1.2215199622964843
10977	13	14	Inferior Temporal Gyrus, anterior division	zstat	-0.22181979466137372	-0.9240451001413387
10977	14	15	Inferior Temporal Gyrus, posterior division	zstat	0.38295567638453454	0.03319149850062332
10977	15	16	Inferior Temporal Gyrus, temporooccipital part	zstat	0.4852757935555901	0.743079297262793
10977	16	17	Postcentral Gyrus	zstat	0.09337658551493444	0.06910581279829468
10977	17	18	Superior Parietal Lobule	zstat	0.007985576845490401	0.6497444890713285
10977	18	19	Supramarginal Gyrus, anterior division	zstat	-0.03948767114046926	0.48919814024206804
10977	19	20	Supramarginal Gyrus, posterior division	zstat	-0.035311011327359816	0.674697877989289
10977	20	21	Angular Gyrus	zstat	0.29744631053008885	1.2384596610572403
10977	21	22	Lateral Occipital Cortex, superior division	zstat	0.129047089956515	0.5199746340273267
10977	22	23	Lateral Occipital Cortex, inferior division	zstat	-0.10522749694083623	1.2730053706624107
10977	23	24	Intracalcarine Cortex	zstat	0.313344043538546	0.7303432380256936
10977	24	25	Frontal Medial Cortex	zstat	0.05533639070989089	2.18611836170279
10977	25	26	Juxtapositional Lobule Cortex (formerly Supplementary Motor Cortex)	zstat	0.22642805345586148	0.1644222421227086
10977	26	27	Subcallosal Cortex	zstat	0.9034553633429683	0.7817261688518696
10977	27	28	Paracingulate Gyrus	zstat	0.20157107739209734	-0.18210470836771284
10977	28	29	Cingulate Gyrus, anterior division	zstat	0.15204126509651344	-0.034114017079076096
10977	29	30	Cingulate Gyrus, posterior division	zstat	0.4574000451080501	1.1723452648594976
10977	30	31	Precuneous Cortex	zstat	0.11885236265748955	0.7534429575049701
10977	31	32	Cuneal Cortex	zstat	0.3927441906260299	0.013732751012116903
10977	32	33	Frontal Orbital Cortex	zstat	0.47287247871927135	0.007391192421812888
10977	33	34	Parahippocampal Gyrus, anterior division	zstat	0.34675888770903934	0.2851847006848692
10977	34	35	Parahippocampal Gyrus, posterior division	zstat	0.31037488736317687	1.0337590957510743
10977	35	36	Lingual Gyrus	zstat	-0.23103446480642528	0.4656357077917514
10977	36	37	Temporal Fusiform Cortex, anterior division	zstat	1.0050228791086808	-0.1621076517427961
10977	37	38	Temporal Fusiform Cortex, posterior division	zstat	0.3734443589424628	1.0133217012642148
10977	38	39	Temporal Occipital Fusiform Cortex	zstat	-0.04178679808275353	1.496051371788478
10977	39	40	Occipital Fusiform Gyrus	zstat	0.5606355432467962	1.2128694667671351
10977	40	41	Frontal Operculum Cortex	zstat	0.7255548103908155	-1.9210980526962076
10977	41	42	Central Opercular Cortex	zstat	0.2669655268245767	0.5740430321740881
10977	42	43	Parietal Operculum Cortex	zstat	0.19863784096976694	0.4828936616437472
10977	43	44	Planum Polare	zstat	-0.9664485186324207	0.4855220690787279
10977	44	45	Heschl's Gyrus (includes H1 and H2)	zstat	-0.082096570793594	-0.01009802617514769
10977	45	46	Planum Temporale	zstat	-0.5247114838232058	0.15087431794808986
10977	46	47	Supracalcarine Cortex	zstat	0.49380674337017094	1.1615826310391755
10977	47	48	Occipital Pole	zstat	-0.11944458360763796	0.6419924356943261
10983	0	1	Frontal Pole	zstat	-0.19079129001075143	0.1264835349466628
10983	1	2	Insular Cortex	zstat	-0.43602301968634805	0.10483077348824915
10983	2	3	Superior Frontal Gyrus	zstat	-0.7236094664839231	0.5030750273837945
10983	3	4	Middle Frontal Gyrus	zstat	-0.47180578340260326	0.1636897140644728
10983	4	5	Inferior Frontal Gyrus, pars triangularis	zstat	-0.6378678950300085	0.29155409209585215
10983	5	6	Inferior Frontal Gyrus, pars opercularis	zstat	-0.5658518151080645	0.3701134876381185
10983	6	7	Precentral Gyrus	zstat	-0.09784354012279008	0.47239453929282404
10983	7	8	Temporal Pole	zstat	-0.9718008805987146	0.31825606617798863
10983	8	9	Superior Temporal Gyrus, anterior division	zstat	0.13197229054684823	0.9350237845084988
10983	9	10	Superior Temporal Gyrus, posterior division	zstat	-0.17115935062658488	1.1810432018473285
10983	10	11	Middle Temporal Gyrus, anterior division	zstat	-0.5950456108425313	0.3802760075437211
10983	11	12	Middle Temporal Gyrus, posterior division	zstat	-0.6640165935859696	0.5281214765924133
10983	12	13	Middle Temporal Gyrus, temporooccipital part	zstat	0.4790273678637631	0.3132520555073403
10983	13	14	Inferior Temporal Gyrus, anterior division	zstat	-1.3001118170968173	-0.6006515642859527
10983	14	15	Inferior Temporal Gyrus, posterior division	zstat	-0.8199234082159109	0.24806027243532314
10983	15	16	Inferior Temporal Gyrus, temporooccipital part	zstat	0.22215470548983274	0.5507024466958738
10983	16	17	Postcentral Gyrus	zstat	-0.20896701911337795	0.5312736443404118
10983	17	18	Superior Parietal Lobule	zstat	-0.1786957993975711	0.44496599854559216
10983	18	19	Supramarginal Gyrus, anterior division	zstat	0.26639696188816475	0.20104531625714755
10983	19	20	Supramarginal Gyrus, posterior division	zstat	-0.5400056433649986	0.3466835729611056
10983	20	21	Angular Gyrus	zstat	-0.5648561803456207	0.852946300772527
10983	21	22	Lateral Occipital Cortex, superior division	zstat	0.39025779729513155	0.46249242495655984
10983	22	23	Lateral Occipital Cortex, inferior division	zstat	1.218954851024032	0.752615515778626
10983	23	24	Intracalcarine Cortex	zstat	0.5347517182176719	0.7688626171450279
10983	24	25	Frontal Medial Cortex	zstat	0.21017604623095576	-0.775082876195748
10983	25	26	Juxtapositional Lobule Cortex (formerly Supplementary Motor Cortex)	zstat	-0.036080604192574285	0.26991127210360877
10983	26	27	Subcallosal Cortex	zstat	0.5177592885644676	-0.11159621119373836
10983	27	28	Paracingulate Gyrus	zstat	-0.27969863498599956	0.26941904250105936
10983	28	29	Cingulate Gyrus, anterior division	zstat	0.2259267608226194	0.03513149303161284
10983	29	30	Cingulate Gyrus, posterior division	zstat	0.33328233529201573	0.4378337639629234
10983	30	31	Precuneous Cortex	zstat	0.3110517416435622	0.20296986631966615
10983	31	32	Cuneal Cortex	zstat	0.18847149287370094	0.8364417471255934
10983	32	33	Frontal Orbital Cortex	zstat	-0.3228517501380866	-0.26662244354760967
10983	33	34	Parahippocampal Gyrus, anterior division	zstat	-0.6084032418686418	-0.15987394950638498
10983	34	35	Parahippocampal Gyrus, posterior division	zstat	0.14931963454579983	-0.8199975763078569
10983	35	36	Lingual Gyrus	zstat	0.5295495051608764	0.35292727149841996
10983	36	37	Temporal Fusiform Cortex, anterior division	zstat	-0.7036307171409857	-0.06369465905083145
10983	37	38	Temporal Fusiform Cortex, posterior division	zstat	-0.06471469995193825	0.038289586158542256
10983	38	39	Temporal Occipital Fusiform Cortex	zstat	0.6895936268691654	0.5932259826893981
10983	39	40	Occipital Fusiform Gyrus	zstat	0.954172214861982	1.053386136619602
10983	40	41	Frontal Operculum Cortex	zstat	-0.8211193660463935	0.846849989879215
10983	41	42	Central Opercular Cortex	zstat	-0.16386955530523348	0.15254813760406027
10983	42	43	Parietal Operculum Cortex	zstat	0.7872426543339879	-0.40774625275156406
10983	43	44	Planum Polare	zstat	-0.32693500876895915	-0.24029800976059607
10983	44	45	Heschl's Gyrus (includes H1 and H2)	zstat	0.37921083960167135	-0.06126198322997184
10983	45	46	Planum Temporale	zstat	0.9050335563033035	0.04955411375722128
10983	46	47	Supracalcarine Cortex	zstat	0.16532869578061743	0.9560006747636548
10983	47	48	Occipital Pole	zstat	0.502779429395208	0.9979482375246954
10984	0	1	Frontal Pole	zstat	0.6936411374008429	0.2683658301178157
10984	1	2	Insular Cortex	zstat	0.6893912882834811	0.88992352402384
10984	2	3	Superior Frontal Gyrus	zstat	0.7555498934002772	0.4776736789926501
10984	3	4	Middle Frontal Gyrus	zstat	1.03769356282996	1.0754071199936648
10984	4	5	Inferior Frontal Gyrus, pars triangularis	zstat	0.06723613282473365	0.48287513822214595
10984	5	6	Inferior Frontal Gyrus, pars opercularis	zstat	0.810206622140418	0.9747285709133654
10984	6	7	Precentral Gyrus	zstat	0.7627231761051783	1.8981047628908945
10984	7	8	Temporal Pole	zstat	-0.18431252321094357	-0.18604989432092822
10984	8	9	Superior Temporal Gyrus, anterior division	zstat	0.07321232721591607	0.8987548888111726
10984	9	10	Superior Temporal Gyrus, posterior division	zstat	-0.5469144227001332	0.3967089539442163
10984	10	11	Middle Temporal Gyrus, anterior division	zstat	0.016112698529110247	-0.6067783623169274
10984	11	12	Middle Temporal Gyrus, posterior division	zstat	-0.3828597805320882	-0.253487380861454
10984	12	13	Middle Temporal Gyrus, temporooccipital part	zstat	-0.11173620400737139	0.8904512213213828
10984	13	14	Inferior Temporal Gyrus, anterior division	zstat	-0.9887526584623834	-1.4205920414326811
10984	14	15	Inferior Temporal Gyrus, posterior division	zstat	-0.7314300462872021	-0.7953705844808031
10984	15	16	Inferior Temporal Gyrus, temporooccipital part	zstat	0.5753052095874341	0.9937354337733323
10984	16	17	Postcentral Gyrus	zstat	0.3789262380911564	1.0928453084472163
10984	17	18	Superior Parietal Lobule	zstat	1.1893600517629677	1.5098343387764348
10984	18	19	Supramarginal Gyrus, anterior division	zstat	1.6956759334766065	1.5488577357734794
10984	19	20	Supramarginal Gyrus, posterior division	zstat	0.952695597376009	0.9480647630985619
10984	20	21	Angular Gyrus	zstat	0.17754749668566192	0.12355817891426886
10984	21	22	Lateral Occipital Cortex, superior division	zstat	0.46445839768239	1.2487642278173354
10984	22	23	Lateral Occipital Cortex, inferior division	zstat	-0.20461315551821666	2.148735312215568
10984	23	24	Intracalcarine Cortex	zstat	0.10480156257125306	3.016274834363377
10984	24	25	Frontal Medial Cortex	zstat	0.6319644705851476	-0.12816297841268254
10984	25	26	Juxtapositional Lobule Cortex (formerly Supplementary Motor Cortex)	zstat	1.0581039618197325	2.6850721457520046
10984	26	27	Subcallosal Cortex	zstat	-0.04555418821803939	-0.22362402979230794
10984	27	28	Paracingulate Gyrus	zstat	1.1619644829043643	0.8288922843510877
10984	28	29	Cingulate Gyrus, anterior division	zstat	1.4711019198819146	1.385520032262521
10984	29	30	Cingulate Gyrus, posterior division	zstat	0.7300231483067785	1.024689349530531
10984	30	31	Precuneous Cortex	zstat	0.27390838321617417	1.5270077674901015
10984	31	32	Cuneal Cortex	zstat	-0.19894371774928343	1.9504687677916066
10984	32	33	Frontal Orbital Cortex	zstat	0.5432359235228449	-0.04491163729931023
10984	33	34	Parahippocampal Gyrus, anterior division	zstat	-0.9230611826297417	-0.3301861353843901
10984	34	35	Parahippocampal Gyrus, posterior division	zstat	-0.11256416027943762	0.0287779647892095
10984	35	36	Lingual Gyrus	zstat	-0.5378010146577206	1.4142500331736574
10984	36	37	Temporal Fusiform Cortex, anterior division	zstat	-1.466516540828326	-0.12961062638366477
10984	37	38	Temporal Fusiform Cortex, posterior division	zstat	-0.5693693309405212	0.39493614972038865
10984	38	39	Temporal Occipital Fusiform Cortex	zstat	0.16015415744743164	1.7603307432995243
10984	39	40	Occipital Fusiform Gyrus	zstat	-0.3456669208004114	1.4840400080991887
10984	40	41	Frontal Operculum Cortex	zstat	-0.03995461348139	1.1701507692869964
10984	41	42	Central Opercular Cortex	zstat	0.54431907362617	1.0247540802806152
10984	42	43	Parietal Operculum Cortex	zstat	0.4914236778421753	0.9871535219525716
10984	43	44	Planum Polare	zstat	0.3423173820567922	0.9909026431282343
10984	44	45	Heschl's Gyrus (includes H1 and H2)	zstat	0.18219687732758455	1.1333379689518208
10984	45	46	Planum Temporale	zstat	0.04104550012936842	0.9248306859224014
10984	46	47	Supracalcarine Cortex	zstat	0.4102944417638665	2.9371241391339202
10984	47	48	Occipital Pole	zstat	-0.3011669923816525	1.9256922091827176
10998	0	1	Frontal Pole	zstat	-0.17465944559145122	0.09101551271171063
10998	1	2	Insular Cortex	zstat	-0.5283517037262709	1.1339577881346903
10998	2	3	Superior Frontal Gyrus	zstat	-0.09731804714166598	0.1898319375567366
10998	3	4	Middle Frontal Gyrus	zstat	-0.5618142793106401	0.09433059748258218
10998	4	5	Inferior Frontal Gyrus, pars triangularis	zstat	-0.4882107508724444	-0.16922349279828083
10998	5	6	Inferior Frontal Gyrus, pars opercularis	zstat	-0.6723501146629282	-0.03087710851386231
10998	6	7	Precentral Gyrus	zstat	-0.46373199276273075	0.2716320415335104
10998	7	8	Temporal Pole	zstat	-0.9001481860188554	0.8867799313143346
10998	8	9	Superior Temporal Gyrus, anterior division	zstat	-0.8462882221270448	0.991028431714781
10998	9	10	Superior Temporal Gyrus, posterior division	zstat	-0.3304570275177429	0.53836123009935
10998	10	11	Middle Temporal Gyrus, anterior division	zstat	-0.8106967925611855	0.48597707759811365
10998	11	12	Middle Temporal Gyrus, posterior division	zstat	-0.5219532315657942	0.2763744799118616
10998	12	13	Middle Temporal Gyrus, temporooccipital part	zstat	-1.0223027535475935	1.1884842075383806
10998	13	14	Inferior Temporal Gyrus, anterior division	zstat	-0.36289525083431523	0.5228421141933539
10998	14	15	Inferior Temporal Gyrus, posterior division	zstat	-0.4404404999496221	0.4047845594622112
10998	15	16	Inferior Temporal Gyrus, temporooccipital part	zstat	-0.5895286276606398	0.254471659473988
10998	16	17	Postcentral Gyrus	zstat	-0.40089089219438157	0.577317035364888
10998	17	18	Superior Parietal Lobule	zstat	0.19771675642315797	-0.5903177842622491
10998	18	19	Supramarginal Gyrus, anterior division	zstat	-0.35755881965332836	1.0692134821084673
10998	19	20	Supramarginal Gyrus, posterior division	zstat	-0.8895115427376319	0.19309040672795508
10998	20	21	Angular Gyrus	zstat	-0.19784888267684916	0.35301318731475717
10998	21	22	Lateral Occipital Cortex, superior division	zstat	-0.2916221599916994	0.6887575604992239
10998	22	23	Lateral Occipital Cortex, inferior division	zstat	-0.014462282826747722	-0.06537353313550928
10998	23	24	Intracalcarine Cortex	zstat	-0.47948845981576993	0.03664177958479836
10998	24	25	Frontal Medial Cortex	zstat	-1.0452508401581424	1.2455435130812875
10998	25	26	Juxtapositional Lobule Cortex (formerly Supplementary Motor Cortex)	zstat	0.7134480043817815	0.2915137185559984
10998	26	27	Subcallosal Cortex	zstat	-0.46348687338065175	1.0702294106935508
10998	27	28	Paracingulate Gyrus	zstat	0.1798939799302669	0.7091064052824485
10998	28	29	Cingulate Gyrus, anterior division	zstat	-0.8812502577950955	1.0435788945859235
10998	29	30	Cingulate Gyrus, posterior division	zstat	-0.19772363253576414	1.3471583926241313
10998	30	31	Precuneous Cortex	zstat	-0.036968723284331984	1.8237408909518917
10998	31	32	Cuneal Cortex	zstat	-0.5602285321115282	0.28578778908086194
10998	32	33	Frontal Orbital Cortex	zstat	-0.5472672491129091	0.6352231103863202
10998	33	34	Parahippocampal Gyrus, anterior division	zstat	-0.7499040714743243	0.2627000430664789
10998	34	35	Parahippocampal Gyrus, posterior division	zstat	-0.8785959595093891	1.5651659837027765
10998	35	36	Lingual Gyrus	zstat	-0.5720762568329902	0.5857850902975887
10998	36	37	Temporal Fusiform Cortex, anterior division	zstat	-0.17304863744408738	0.16587971643617389
10998	37	38	Temporal Fusiform Cortex, posterior division	zstat	-1.040838698652956	0.2805916941011398
10998	38	39	Temporal Occipital Fusiform Cortex	zstat	-0.9369588604889083	-0.435659559721053
10998	39	40	Occipital Fusiform Gyrus	zstat	0.28246881873243623	-0.49567899602075144
10998	40	41	Frontal Operculum Cortex	zstat	-0.6051690106107971	0.4012641898188114
10998	41	42	Central Opercular Cortex	zstat	-0.12083304696451788	1.1611277086778389
10998	42	43	Parietal Operculum Cortex	zstat	0.3209327749773827	1.3858471189077168
10998	43	44	Planum Polare	zstat	-1.356514044113116	1.1938433894702725
10998	44	45	Heschl's Gyrus (includes H1 and H2)	zstat	-0.32759175771280846	1.2213969106103555
10998	45	46	Planum Temporale	zstat	0.4597569795278961	1.5170676976163715
10998	46	47	Supracalcarine Cortex	zstat	-0.5633282177546557	0.21347204046918355
10998	47	48	Occipital Pole	zstat	0.07047035511263237	0.1588380952822473
11007	0	1	Frontal Pole	zstat	0.0032867053179013333	0.32820245322146635
11007	1	2	Insular Cortex	zstat	-0.34794523962361873	-0.2603618222718844
11007	2	3	Superior Frontal Gyrus	zstat	-0.3137877598051095	-0.2839175513845562
11007	3	4	Middle Frontal Gyrus	zstat	-0.2482121943644171	0.5678808331037327
11007	4	5	Inferior Frontal Gyrus, pars triangularis	zstat	-0.5668702821896509	-0.13873454071490582
11007	5	6	Inferior Frontal Gyrus, pars opercularis	zstat	-1.3191374081574714	0.08959875536702147
11007	6	7	Precentral Gyrus	zstat	-0.38989830250338714	0.2598847725934576
11007	7	8	Temporal Pole	zstat	-0.0888160697948328	-0.8426597650511172
11007	8	9	Superior Temporal Gyrus, anterior division	zstat	-0.1207857854777756	-0.08804146150986736
11007	9	10	Superior Temporal Gyrus, posterior division	zstat	-0.15598299091397602	0.6214516073973342
11007	10	11	Middle Temporal Gyrus, anterior division	zstat	-0.2920974433649707	-0.500247757804038
11007	11	12	Middle Temporal Gyrus, posterior division	zstat	-0.1105605488414821	0.16061047545593718
11007	12	13	Middle Temporal Gyrus, temporooccipital part	zstat	-0.3201955083726093	0.878632063138013
11007	13	14	Inferior Temporal Gyrus, anterior division	zstat	-0.43476450452085075	-0.9637327662906086
11007	14	15	Inferior Temporal Gyrus, posterior division	zstat	-0.04870692340289542	0.09663149160658217
11007	15	16	Inferior Temporal Gyrus, temporooccipital part	zstat	-0.3982576185879958	0.1551642429635038
11007	16	17	Postcentral Gyrus	zstat	-0.16743178965031288	-0.17240143401730482
11007	17	18	Superior Parietal Lobule	zstat	-0.46293827895871964	1.1816390215638009
11007	18	19	Supramarginal Gyrus, anterior division	zstat	-0.14920077292709147	0.8739691655500792
11007	19	20	Supramarginal Gyrus, posterior division	zstat	-0.7796214652052652	1.1754760376542706
11007	20	21	Angular Gyrus	zstat	-0.8137987094235767	0.1559412650540022
11007	21	22	Lateral Occipital Cortex, superior division	zstat	-0.3677778244822789	0.06037166482393687
11007	22	23	Lateral Occipital Cortex, inferior division	zstat	-0.038068191908932424	-0.08210922669215315
11007	23	24	Intracalcarine Cortex	zstat	-0.4367152017501368	-0.34460779842195693
11007	24	25	Frontal Medial Cortex	zstat	0.4911281070903155	-1.037936468659867
11007	25	26	Juxtapositional Lobule Cortex (formerly Supplementary Motor Cortex)	zstat	-0.13933250841187514	-0.08896960274826081
11007	26	27	Subcallosal Cortex	zstat	0.44148962187374796	-0.47964255205767514
11007	27	28	Paracingulate Gyrus	zstat	0.23936834728401224	0.052743939746156585
11007	28	29	Cingulate Gyrus, anterior division	zstat	-0.09969816267100938	-0.15353074237183614
11007	29	30	Cingulate Gyrus, posterior division	zstat	0.15199006929303452	-0.09218275885949177
11007	30	31	Precuneous Cortex	zstat	-0.08346583311908304	-0.1124653394320689
11007	31	32	Cuneal Cortex	zstat	-0.07147176643320362	-0.5841820897935103
11007	32	33	Frontal Orbital Cortex	zstat	-0.10738864808300637	-0.48927872841103975
11007	33	34	Parahippocampal Gyrus, anterior division	zstat	0.34144905618366433	-0.7457164942222004
11007	34	35	Parahippocampal Gyrus, posterior division	zstat	0.02978121023273693	-0.3104975248985695
11007	35	36	Lingual Gyrus	zstat	-0.2608374624601697	-0.5406189429464369
11007	36	37	Temporal Fusiform Cortex, anterior division	zstat	0.32375087409366105	-0.3173271777464988
11007	37	38	Temporal Fusiform Cortex, posterior division	zstat	-0.2862632608497211	-0.32608246055891316
11007	38	39	Temporal Occipital Fusiform Cortex	zstat	-0.23459757821529995	-0.9654586078046702
11007	39	40	Occipital Fusiform Gyrus	zstat	-0.08468815338604865	-0.32852656064167307
11007	40	41	Frontal Operculum Cortex	zstat	0.028717395430822083	0.4687723187150575
11007	41	42	Central Opercular Cortex	zstat	-0.11876572809001852	0.031544671320035134
11007	42	43	Parietal Operculum Cortex	zstat	-0.14104804306924532	0.6468310103306888
11007	43	44	Planum Polare	zstat	-0.2611429999966373	-0.4532624366266639
11007	44	45	Heschl's Gyrus (includes H1 and H2)	zstat	-0.23383796502125753	-0.11525778625480196
11007	45	46	Planum Temporale	zstat	-0.19682150577269805	0.3107879042188144
11007	46	47	Supracalcarine Cortex	zstat	-0.8580315675427939	-0.8196880886271755
11007	47	48	Occipital Pole	zstat	0.544429275766006	0.09338276169436384
11016	0	1	Frontal Pole	zstat	-0.03155422617439356	-1.101023521257774
11016	1	2	Insular Cortex	zstat	0.6762610786935228	0.8952262032562729
11016	2	3	Superior Frontal Gyrus	zstat	-0.14707276997732358	-1.121705104112926
11016	3	4	Middle Frontal Gyrus	zstat	0.27795644775030365	-1.5188612067844132
11016	4	5	Inferior Frontal Gyrus, pars triangularis	zstat	-0.7689692918884081	-0.2867295568673624
11016	5	6	Inferior Frontal Gyrus, pars opercularis	zstat	-0.7509801482650746	-0.5794611173088153
11016	6	7	Precentral Gyrus	zstat	0.5484711710158092	0.08478354805787047
11016	7	8	Temporal Pole	zstat	-0.45796279438607024	0.24787428119061697
11016	8	9	Superior Temporal Gyrus, anterior division	zstat	-0.13252945036137811	0.24349245358831606
11016	9	10	Superior Temporal Gyrus, posterior division	zstat	-0.2708805482199585	-0.22204234369413614
11016	10	11	Middle Temporal Gyrus, anterior division	zstat	-0.5166886306068957	0.1825207883116803
11016	11	12	Middle Temporal Gyrus, posterior division	zstat	-0.541018780628371	-0.8891628265340367
11016	12	13	Middle Temporal Gyrus, temporooccipital part	zstat	0.19971426213502838	-0.9313387196892783
11016	13	14	Inferior Temporal Gyrus, anterior division	zstat	-0.8209015225561765	-0.24566644793321218
11016	14	15	Inferior Temporal Gyrus, posterior division	zstat	0.03352523056654458	-0.02790096118641468
11016	15	16	Inferior Temporal Gyrus, temporooccipital part	zstat	0.6656236436370927	-0.9256944807662034
11016	16	17	Postcentral Gyrus	zstat	1.4192538548882483	0.3489313706809797
11016	17	18	Superior Parietal Lobule	zstat	0.8314444189768998	-0.19813940757421136
11016	18	19	Supramarginal Gyrus, anterior division	zstat	1.063280832803489	0.09846618068663196
11016	19	20	Supramarginal Gyrus, posterior division	zstat	-0.1681795712967869	-0.534791826127204
11016	20	21	Angular Gyrus	zstat	-0.5956078821859384	-1.5327693149293797
11016	21	22	Lateral Occipital Cortex, superior division	zstat	0.41331246587994624	-0.8295302638332267
11016	22	23	Lateral Occipital Cortex, inferior division	zstat	-0.17037843627990265	-0.8516234006430317
11016	23	24	Intracalcarine Cortex	zstat	-0.4414747209489302	-0.4847238610339159
11016	24	25	Frontal Medial Cortex	zstat	0.718683915680063	-0.6334547904874892
11016	25	26	Juxtapositional Lobule Cortex (formerly Supplementary Motor Cortex)	zstat	0.8705694204860216	0.4019308789252505
11016	26	27	Subcallosal Cortex	zstat	0.176533390017889	-0.01418666819540354
11016	27	28	Paracingulate Gyrus	zstat	-0.3332814735645369	-1.0849308037843413
11016	28	29	Cingulate Gyrus, anterior division	zstat	-0.4264723721390217	-0.28334380244694146
11016	29	30	Cingulate Gyrus, posterior division	zstat	-0.06785260642344863	-0.689533966352897
11016	30	31	Precuneous Cortex	zstat	0.030619493860480077	-0.9250229759507326
11016	31	32	Cuneal Cortex	zstat	-0.3365366047763466	-0.554258257916255
11016	32	33	Frontal Orbital Cortex	zstat	-0.06926272446977176	-0.5845350063138671
11016	33	34	Parahippocampal Gyrus, anterior division	zstat	0.19760221462960528	0.08080883217415055
11016	34	35	Parahippocampal Gyrus, posterior division	zstat	0.10159994640501814	0.8014959031997143
11016	35	36	Lingual Gyrus	zstat	-0.36141735302238526	-0.18185726569267696
11016	36	37	Temporal Fusiform Cortex, anterior division	zstat	0.1806958011146767	1.389625689675305
11016	37	38	Temporal Fusiform Cortex, posterior division	zstat	0.14617711849103518	-0.05758659582858201
11016	38	39	Temporal Occipital Fusiform Cortex	zstat	0.08684866114310705	-0.8697463987556423
11016	39	40	Occipital Fusiform Gyrus	zstat	-0.4284364512497815	-1.4441383887849184
11016	40	41	Frontal Operculum Cortex	zstat	-0.49209312295361163	0.19923390973576524
11016	41	42	Central Opercular Cortex	zstat	1.6323710480947977	1.611218037099449
11016	42	43	Parietal Operculum Cortex	zstat	0.8074588996552045	1.193865700605973
11016	43	44	Planum Polare	zstat	0.15268280116293778	1.2309681515756796
11016	44	45	Heschl's Gyrus (includes H1 and H2)	zstat	0.661049014614028	1.1495674121609893
11016	45	46	Planum Temporale	zstat	0.4323293282456923	1.017843407456224
11016	46	47	Supracalcarine Cortex	zstat	-0.5339627942030735	-0.7119790572831606
11016	47	48	Occipital Pole	zstat	-0.20516970830279904	-0.8991006534256397
11021	0	1	Frontal Pole	zstat	0.34877899918756694	-0.11950749614364736
11021	1	2	Insular Cortex	zstat	-0.18383376847397484	0.7319417460374277
11021	2	3	Superior Frontal Gyrus	zstat	0.5839311330700786	-0.30403094989282353
11021	3	4	Middle Frontal Gyrus	zstat	0.35675686166699133	-0.23279370233390267
11021	4	5	Inferior Frontal Gyrus, pars triangularis	zstat	0.6454746007429085	-0.00935712948918381
11021	5	6	Inferior Frontal Gyrus, pars opercularis	zstat	0.44616066255056225	-0.1913224399344553
11021	6	7	Precentral Gyrus	zstat	0.7578743813755412	-0.41479249224527304
11021	7	8	Temporal Pole	zstat	-0.054008735800175844	-1.1455602588866325
11021	8	9	Superior Temporal Gyrus, anterior division	zstat	-0.44729399157879063	-1.3689483758253165
11021	9	10	Superior Temporal Gyrus, posterior division	zstat	0.12221924372640282	-1.1773776506911358
11021	10	11	Middle Temporal Gyrus, anterior division	zstat	0.270871178926066	-1.3269606653892838
11021	11	12	Middle Temporal Gyrus, posterior division	zstat	0.08205383895289882	-0.2533209007446196
11021	12	13	Middle Temporal Gyrus, temporooccipital part	zstat	-0.2235944945745662	-0.32120286615916427
11021	13	14	Inferior Temporal Gyrus, anterior division	zstat	0.357564120933678	-0.8504643772538275
11021	14	15	Inferior Temporal Gyrus, posterior division	zstat	0.07463297378137593	-0.3880970853557934
11021	15	16	Inferior Temporal Gyrus, temporooccipital part	zstat	0.038284331958466415	0.1619995958050157
11021	16	17	Postcentral Gyrus	zstat	0.7847331591874726	-0.6664120774299321
11021	17	18	Superior Parietal Lobule	zstat	0.6936137117026863	-1.2522908331138225
11021	18	19	Supramarginal Gyrus, anterior division	zstat	-0.3598294369872073	0.7388047329055283
11021	19	20	Supramarginal Gyrus, posterior division	zstat	0.03297775988081609	-0.5945330310754503
11021	20	21	Angular Gyrus	zstat	-0.08362249749652297	-0.9660053488094924
11021	21	22	Lateral Occipital Cortex, superior division	zstat	0.00045366385419288687	-0.982061758524598
11021	22	23	Lateral Occipital Cortex, inferior division	zstat	0.1758244377529157	-0.9895114925416113
11021	23	24	Intracalcarine Cortex	zstat	1.4657453149287025	-0.4180574383434218
11021	24	25	Frontal Medial Cortex	zstat	0.08601881932642258	-1.0350758124443005
11021	25	26	Juxtapositional Lobule Cortex (formerly Supplementary Motor Cortex)	zstat	0.5526016507851513	-0.40076687402875366
11021	26	27	Subcallosal Cortex	zstat	0.4209672151043868	-0.6182069848936338
11021	27	28	Paracingulate Gyrus	zstat	0.3883895521645162	0.07376676744053647
11021	28	29	Cingulate Gyrus, anterior division	zstat	0.04647118591076262	0.23617231971248825
11021	29	30	Cingulate Gyrus, posterior division	zstat	0.1434616428213194	0.05704481177211606
11021	30	31	Precuneous Cortex	zstat	-0.33269621067004473	-0.3275860080724291
11021	31	32	Cuneal Cortex	zstat	0.2755772560084251	-0.5496261243681586
11021	32	33	Frontal Orbital Cortex	zstat	0.32053237440967897	-0.10041852257203297
11021	33	34	Parahippocampal Gyrus, anterior division	zstat	0.08559793446973313	-0.6225292829660682
11021	34	35	Parahippocampal Gyrus, posterior division	zstat	-0.1327255257879788	-0.3481292251923631
11021	35	36	Lingual Gyrus	zstat	0.5271074244726133	-1.2490167404410923
11021	36	37	Temporal Fusiform Cortex, anterior division	zstat	-0.03823080570403988	-1.1666601929311633
11021	37	38	Temporal Fusiform Cortex, posterior division	zstat	-0.27347728635545937	-0.9797238028815045
11021	38	39	Temporal Occipital Fusiform Cortex	zstat	-0.08346464081834093	-1.3017703032703771
11021	39	40	Occipital Fusiform Gyrus	zstat	0.792812049651621	-1.3381470502567812
11021	40	41	Frontal Operculum Cortex	zstat	-0.1820644116960466	0.8355693743131789
11021	41	42	Central Opercular Cortex	zstat	0.22907133424474346	0.6489944161783735
11021	42	43	Parietal Operculum Cortex	zstat	0.08184981621035994	-0.614092183196539
11021	43	44	Planum Polare	zstat	-0.3961790267641137	0.16022601957301402
11021	44	45	Heschl's Gyrus (includes H1 and H2)	zstat	0.40475950042021347	-0.3656451945957054
11021	45	46	Planum Temporale	zstat	0.19029925018839197	-1.3074895121592356
11021	46	47	Supracalcarine Cortex	zstat	0.7285730298212234	-0.8519317375903483
11021	47	48	Occipital Pole	zstat	0.6927277572454604	-0.8193334931873688
11030	0	1	Frontal Pole	zstat	-0.360804518875324	-0.5979877555685307
11030	1	2	Insular Cortex	zstat	0.5879907622536431	-0.10956632358069268
11030	2	3	Superior Frontal Gyrus	zstat	-0.21043790133549015	-0.26059239357306013
11030	3	4	Middle Frontal Gyrus	zstat	-0.1531799549982488	-0.3421490753601483
11030	4	5	Inferior Frontal Gyrus, pars triangularis	zstat	-0.02181508083114349	-0.5465999613900524
11030	5	6	Inferior Frontal Gyrus, pars opercularis	zstat	0.6108072088891987	-0.6929958695316424
11030	6	7	Precentral Gyrus	zstat	0.2860187625994802	-0.219907821363288
11030	7	8	Temporal Pole	zstat	-0.6566006318760752	-0.18099684625336324
11030	8	9	Superior Temporal Gyrus, anterior division	zstat	-1.0790107696770856	1.6643415169694866
11030	9	10	Superior Temporal Gyrus, posterior division	zstat	-0.7970457537683308	0.3817296100481014
11030	10	11	Middle Temporal Gyrus, anterior division	zstat	-0.48512566945404373	0.9153297661355377
11030	11	12	Middle Temporal Gyrus, posterior division	zstat	-0.10898166912792019	0.683323898403298
11030	12	13	Middle Temporal Gyrus, temporooccipital part	zstat	-0.9900815410968979	0.19077210765679228
11030	13	14	Inferior Temporal Gyrus, anterior division	zstat	-0.47015383812707723	-0.6629037633400476
11030	14	15	Inferior Temporal Gyrus, posterior division	zstat	-0.8552078200047815	0.3545634397419124
11030	15	16	Inferior Temporal Gyrus, temporooccipital part	zstat	-0.5458255947624862	0.2694807401615014
11030	16	17	Postcentral Gyrus	zstat	-0.04843415245393534	0.22797046793676956
11030	17	18	Superior Parietal Lobule	zstat	0.8856791835424938	0.09793775709006163
11030	18	19	Supramarginal Gyrus, anterior division	zstat	-0.19735954682231818	0.20306104837821934
11030	19	20	Supramarginal Gyrus, posterior division	zstat	-0.09469176626550285	0.015463562495534535
11030	20	21	Angular Gyrus	zstat	-0.36681036429145764	-0.060628017212670804
11030	21	22	Lateral Occipital Cortex, superior division	zstat	-0.4185672508602012	-0.437999425346085
11030	22	23	Lateral Occipital Cortex, inferior division	zstat	-0.23241228603488218	0.03478468158969368
11030	23	24	Intracalcarine Cortex	zstat	0.6946675971327966	-1.176790363110234
11030	24	25	Frontal Medial Cortex	zstat	-0.9690467777285487	0.5825431927252587
11030	25	26	Juxtapositional Lobule Cortex (formerly Supplementary Motor Cortex)	zstat	1.0686691376770772	-0.3660818958939942
11030	26	27	Subcallosal Cortex	zstat	-0.5626964113791473	0.25655883602941265
11030	27	28	Paracingulate Gyrus	zstat	-0.2798112421552056	-0.9055131827481091
11030	28	29	Cingulate Gyrus, anterior division	zstat	-0.5842817160882987	-0.035587600082412095
11030	29	30	Cingulate Gyrus, posterior division	zstat	-0.7146218486027127	1.0517676245724517
11030	30	31	Precuneous Cortex	zstat	-0.6541801981862326	-0.023635048163376082
11030	31	32	Cuneal Cortex	zstat	-0.409162205597489	-1.9676067237721595
11030	32	33	Frontal Orbital Cortex	zstat	-0.26211049360449706	-0.31287072408602656
11030	33	34	Parahippocampal Gyrus, anterior division	zstat	-0.1137651314714767	0.2580656628617958
11030	34	35	Parahippocampal Gyrus, posterior division	zstat	-0.16789904578747053	0.3677316251035147
11030	35	36	Lingual Gyrus	zstat	0.2036930363968407	-1.0161912226664875
11030	36	37	Temporal Fusiform Cortex, anterior division	zstat	0.5355931527628597	0.24512156673726884
11030	37	38	Temporal Fusiform Cortex, posterior division	zstat	0.058070584325003234	0.5871881147255086
11030	38	39	Temporal Occipital Fusiform Cortex	zstat	0.5133941417229893	0.26426530127357994
11030	39	40	Occipital Fusiform Gyrus	zstat	0.717805104773437	0.9066429894870726
11030	40	41	Frontal Operculum Cortex	zstat	0.44713940725249957	-1.1787732346609485
11030	41	42	Central Opercular Cortex	zstat	0.12818233370438697	-0.11012088101923252
11030	42	43	Parietal Operculum Cortex	zstat	-0.2867346943173939	-0.8762012554999196
11030	43	44	Planum Polare	zstat	-0.7328321986177666	0.02873371406778238
11030	44	45	Heschl's Gyrus (includes H1 and H2)	zstat	-0.23751983930644352	-0.27125277767253747
11030	45	46	Planum Temporale	zstat	-0.46514137956852974	-0.31217925010347053
11030	46	47	Supracalcarine Cortex	zstat	0.4258041260887849	-1.3777053757989284
11030	47	48	Occipital Pole	zstat	-0.30562956570359207	0.021134072880348954
11031	0	1	Frontal Pole	zstat	0.47921194218127033	-0.4166211592244828
11031	1	2	Insular Cortex	zstat	-0.06908032442915414	-0.7372022097045329
11031	2	3	Superior Frontal Gyrus	zstat	0.25880039184834247	0.06757682671671303
11031	3	4	Middle Frontal Gyrus	zstat	0.6799505609379178	-0.6624313104705939
11031	4	5	Inferior Frontal Gyrus, pars triangularis	zstat	0.09239884646643602	-1.3568169831024877
11031	5	6	Inferior Frontal Gyrus, pars opercularis	zstat	0.2576121802056177	-0.999719695267735
11031	6	7	Precentral Gyrus	zstat	-0.9295898595550012	-1.0279194206422904
11031	7	8	Temporal Pole	zstat	0.09176798148785337	-0.10469749703697424
11031	8	9	Superior Temporal Gyrus, anterior division	zstat	0.22447416423700559	-0.20215800797972733
11031	9	10	Superior Temporal Gyrus, posterior division	zstat	0.8519046099602499	-0.46898364911026735
11031	10	11	Middle Temporal Gyrus, anterior division	zstat	0.5782499772566023	0.48190321445381684
11031	11	12	Middle Temporal Gyrus, posterior division	zstat	0.18333601041775133	-0.209018539005498
11031	12	13	Middle Temporal Gyrus, temporooccipital part	zstat	1.2213117890463479	-0.930902567467277
11031	13	14	Inferior Temporal Gyrus, anterior division	zstat	0.17238278453343014	-0.13321174559398338
11031	14	15	Inferior Temporal Gyrus, posterior division	zstat	-0.5280037343857228	-0.3569316931957887
11031	15	16	Inferior Temporal Gyrus, temporooccipital part	zstat	0.8164526430903593	-1.236319866059209
11031	16	17	Postcentral Gyrus	zstat	-0.5399821426406118	-0.835880677296613
11031	17	18	Superior Parietal Lobule	zstat	1.8175562618940755	-1.1659398782030335
11031	18	19	Supramarginal Gyrus, anterior division	zstat	0.3106319584832009	-0.6808101966658056
11031	19	20	Supramarginal Gyrus, posterior division	zstat	0.9348251074643781	-0.608968583701652
11031	20	21	Angular Gyrus	zstat	0.5029474078532223	-0.30399709356321447
11031	21	22	Lateral Occipital Cortex, superior division	zstat	0.4844041157191209	-0.4477203772638323
11031	22	23	Lateral Occipital Cortex, inferior division	zstat	0.6396376335471089	-1.2822567909842584
11031	23	24	Intracalcarine Cortex	zstat	-0.22637046207556075	0.32560903009252373
11031	24	25	Frontal Medial Cortex	zstat	0.8822116106847658	0.8562330055308152
11031	25	26	Juxtapositional Lobule Cortex (formerly Supplementary Motor Cortex)	zstat	-1.8470932272501994	-1.2282713140609574
11031	26	27	Subcallosal Cortex	zstat	0.3130037311786929	0.8482630147493462
11031	27	28	Paracingulate Gyrus	zstat	-0.31003756803753824	0.4189036693689418
11031	28	29	Cingulate Gyrus, anterior division	zstat	0.044553432125258814	0.39200527956329434
11031	29	30	Cingulate Gyrus, posterior division	zstat	1.1969566104715423	0.2953513736972319
11031	30	31	Precuneous Cortex	zstat	0.573001035701242	-0.15501389520569042
11031	31	32	Cuneal Cortex	zstat	-0.32392363535640906	0.2315595323417879
11031	32	33	Frontal Orbital Cortex	zstat	0.11990918987812586	0.4445851220653131
11031	33	34	Parahippocampal Gyrus, anterior division	zstat	0.2686704867560647	-0.5072880095062546
11031	34	35	Parahippocampal Gyrus, posterior division	zstat	0.3661726924696199	-0.43217670434596067
11031	35	36	Lingual Gyrus	zstat	-0.051829422088264514	-0.5917032448250634
11031	36	37	Temporal Fusiform Cortex, anterior division	zstat	0.552115006791758	-0.43440224553775436
11031	37	38	Temporal Fusiform Cortex, posterior division	zstat	0.01458501995969147	-0.7327053997094187
11031	38	39	Temporal Occipital Fusiform Cortex	zstat	-0.36901927213323477	-1.1219995115423882
11031	39	40	Occipital Fusiform Gyrus	zstat	0.7607187570695016	-2.230906249406329
11031	40	41	Frontal Operculum Cortex	zstat	-0.6342085416373962	-0.46274734786789895
11031	41	42	Central Opercular Cortex	zstat	-1.1926422513819293	-0.6197744727215273
11031	42	43	Parietal Operculum Cortex	zstat	-0.3975496185538099	0.03303108209517175
11031	43	44	Planum Polare	zstat	0.5102687162055656	-0.18022072040351492
11031	44	45	Heschl's Gyrus (includes H1 and H2)	zstat	-0.024866607520849474	0.49406151582104957
11031	45	46	Planum Temporale	zstat	0.09716424668192286	0.7660878840898399
11031	46	47	Supracalcarine Cortex	zstat	-0.07494241726322179	1.0889348080579906
11031	47	48	Occipital Pole	zstat	0.9199042270577783	-1.692155292619388
11036	0	1	Frontal Pole	zstat	0.23026670777155211	0.5477285657980966
11036	1	2	Insular Cortex	zstat	0.4343085848738499	0.25609732800464863
11036	2	3	Superior Frontal Gyrus	zstat	-0.20000342773094876	0.5751542743218292
11036	3	4	Middle Frontal Gyrus	zstat	0.09241091328184897	0.7541301766194092
11036	4	5	Inferior Frontal Gyrus, pars triangularis	zstat	-0.26695069007270056	0.540332737761665
11036	5	6	Inferior Frontal Gyrus, pars opercularis	zstat	0.1415920356755079	0.47981764115570597
11036	6	7	Precentral Gyrus	zstat	0.5344701124965706	-0.050843433516548325
11036	7	8	Temporal Pole	zstat	-0.3725010809059418	0.26678114085230686
11036	8	9	Superior Temporal Gyrus, anterior division	zstat	-0.5509445078276958	0.8078027948498344
11036	9	10	Superior Temporal Gyrus, posterior division	zstat	0.1373055798505046	0.5679761715603361
11036	10	11	Middle Temporal Gyrus, anterior division	zstat	-0.3172170756037222	0.055848379112231034
11036	11	12	Middle Temporal Gyrus, posterior division	zstat	-0.1333040890117427	0.5766033926904682
11036	12	13	Middle Temporal Gyrus, temporooccipital part	zstat	0.6545005113411979	-0.08157406715955458
11036	13	14	Inferior Temporal Gyrus, anterior division	zstat	-0.9198904415680724	0.2021250095626218
11036	14	15	Inferior Temporal Gyrus, posterior division	zstat	0.07469245577583393	0.11834783346326133
11036	15	16	Inferior Temporal Gyrus, temporooccipital part	zstat	1.354431903928018	1.3475445576247571
11036	16	17	Postcentral Gyrus	zstat	0.09872452610192578	-0.06581912175954684
11036	17	18	Superior Parietal Lobule	zstat	0.0976401299819976	0.5854895797453019
11036	18	19	Supramarginal Gyrus, anterior division	zstat	-0.02180804821562358	-0.03435727358769832
11036	19	20	Supramarginal Gyrus, posterior division	zstat	-0.2361484994200952	0.5880290935999034
11036	20	21	Angular Gyrus	zstat	0.04232252486740274	0.9693969916230427
11036	21	22	Lateral Occipital Cortex, superior division	zstat	0.5818889243733973	0.7043734968305505
11036	22	23	Lateral Occipital Cortex, inferior division	zstat	0.6471733319015779	0.9625725354774296
11036	23	24	Intracalcarine Cortex	zstat	0.11601024559981657	1.07453185408503
11036	24	25	Frontal Medial Cortex	zstat	-0.07112688642632586	0.13562839603111815
11036	25	26	Juxtapositional Lobule Cortex (formerly Supplementary Motor Cortex)	zstat	-0.005933190125663689	-0.2835585296223242
11036	26	27	Subcallosal Cortex	zstat	0.252763838491116	0.026821106189835027
11036	27	28	Paracingulate Gyrus	zstat	-0.3772649973819901	0.6975675101573477
11036	28	29	Cingulate Gyrus, anterior division	zstat	0.08419827004467483	0.2227382672984477
11036	29	30	Cingulate Gyrus, posterior division	zstat	0.3190749703589827	0.22914559586758593
11036	30	31	Precuneous Cortex	zstat	0.06421034539428526	0.5242462574527508
11036	31	32	Cuneal Cortex	zstat	-0.1491968476372521	0.4382619383262714
11036	32	33	Frontal Orbital Cortex	zstat	0.053440329137435974	0.7198823804417521
11036	33	34	Parahippocampal Gyrus, anterior division	zstat	0.0044732081201092335	0.11054407918580553
11036	34	35	Parahippocampal Gyrus, posterior division	zstat	0.008242379977666544	0.19283655539576738
11036	35	36	Lingual Gyrus	zstat	0.5101705837684687	0.8841637848335344
11036	36	37	Temporal Fusiform Cortex, anterior division	zstat	0.44951353922935455	0.36892278531586076
11036	37	38	Temporal Fusiform Cortex, posterior division	zstat	0.5597098550352303	-0.2022808124407947
11036	38	39	Temporal Occipital Fusiform Cortex	zstat	0.7895809537996361	1.216277038007402
11036	39	40	Occipital Fusiform Gyrus	zstat	2.159395603717957	0.8764395652971136
11036	40	41	Frontal Operculum Cortex	zstat	-0.3143032996053416	0.44605045170257135
11036	41	42	Central Opercular Cortex	zstat	0.46944527032008787	0.24725173988865684
11036	42	43	Parietal Operculum Cortex	zstat	0.5518028351583466	0.21875886312924647
11036	43	44	Planum Polare	zstat	-0.41943458922452626	-0.07616577373296804
11036	44	45	Heschl's Gyrus (includes H1 and H2)	zstat	0.001999573717709236	0.02685957619585612
11036	45	46	Planum Temporale	zstat	0.20910214404143404	0.20349299043308625
11036	46	47	Supracalcarine Cortex	zstat	0.2250655831253909	1.0750498093585386
11036	47	48	Occipital Pole	zstat	2.2585462708331905	1.592053596744454
11039	0	1	Frontal Pole	zstat	-0.4804004303564232	0.592776228067626
11039	1	2	Insular Cortex	zstat	0.6933017761865679	0.4325163159214082
11039	2	3	Superior Frontal Gyrus	zstat	-0.9479807549958333	1.1282181255434578
11039	3	4	Middle Frontal Gyrus	zstat	-0.6625872750317695	0.5801709179452964
11039	4	5	Inferior Frontal Gyrus, pars triangularis	zstat	-0.0824308283338665	1.442779149103978
11039	5	6	Inferior Frontal Gyrus, pars opercularis	zstat	-0.2265820480494926	1.2924324150755915
11039	6	7	Precentral Gyrus	zstat	0.48601790616500956	0.6833094369306087
11039	7	8	Temporal Pole	zstat	-0.236151932848048	0.10810754543693726
11039	8	9	Superior Temporal Gyrus, anterior division	zstat	0.4431403931257172	0.542583665299492
11039	9	10	Superior Temporal Gyrus, posterior division	zstat	0.1411405961881936	1.0369933387491392
11039	10	11	Middle Temporal Gyrus, anterior division	zstat	-0.7384213265552839	0.09477781593841292
11039	11	12	Middle Temporal Gyrus, posterior division	zstat	-0.4191714862825199	1.197605117027447
11039	12	13	Middle Temporal Gyrus, temporooccipital part	zstat	-0.1000531803386765	1.094703942331059
11039	13	14	Inferior Temporal Gyrus, anterior division	zstat	-1.0560865019773238	-0.17849024566518662
11039	14	15	Inferior Temporal Gyrus, posterior division	zstat	-0.5363900011316037	-0.04752526382173302
11039	15	16	Inferior Temporal Gyrus, temporooccipital part	zstat	-0.8538724203149218	0.5383484594898782
11039	16	17	Postcentral Gyrus	zstat	0.6081271110813173	0.4531068385397489
11039	17	18	Superior Parietal Lobule	zstat	0.13538788593347229	0.5963557973672731
11039	18	19	Supramarginal Gyrus, anterior division	zstat	0.3402926857458186	0.12210019570031734
11039	19	20	Supramarginal Gyrus, posterior division	zstat	-0.16983113769483926	1.1211301664754156
11039	20	21	Angular Gyrus	zstat	-0.41994028041285375	1.5418201051856306
11039	21	22	Lateral Occipital Cortex, superior division	zstat	-0.14583887504608392	0.30429713370351047
11039	22	23	Lateral Occipital Cortex, inferior division	zstat	0.00622745348030301	0.4807575569012223
11039	23	24	Intracalcarine Cortex	zstat	1.4890396261247099	-0.5170281938234605
11039	24	25	Frontal Medial Cortex	zstat	-0.03235151170561394	0.4431391672911585
11039	25	26	Juxtapositional Lobule Cortex (formerly Supplementary Motor Cortex)	zstat	0.6681128919731851	1.0270716505521607
11039	26	27	Subcallosal Cortex	zstat	-0.32267204981942016	0.3580802284445851
11039	27	28	Paracingulate Gyrus	zstat	-0.39962689706614807	0.460777687435078
11039	28	29	Cingulate Gyrus, anterior division	zstat	0.014308292520643405	0.434259338805085
11039	29	30	Cingulate Gyrus, posterior division	zstat	-0.3390362133605938	-0.13171938369024014
11039	30	31	Precuneous Cortex	zstat	-0.17740806493083866	-0.4532526654923883
11039	31	32	Cuneal Cortex	zstat	0.6289229262609886	-0.7193197642146876
11039	32	33	Frontal Orbital Cortex	zstat	-0.33972571221746845	0.5897207309462829
11039	33	34	Parahippocampal Gyrus, anterior division	zstat	-0.05854309124014942	-0.04361595675726298
11039	34	35	Parahippocampal Gyrus, posterior division	zstat	-0.2856326278536317	-0.008825858453956415
11039	35	36	Lingual Gyrus	zstat	0.7639615575841397	-0.2265546128133063
11039	36	37	Temporal Fusiform Cortex, anterior division	zstat	0.07487324704515173	-0.27770712288056915
11039	37	38	Temporal Fusiform Cortex, posterior division	zstat	0.13770682719919233	-0.2650730933949172
11039	38	39	Temporal Occipital Fusiform Cortex	zstat	0.27018704227252677	-0.6096440404816172
11039	39	40	Occipital Fusiform Gyrus	zstat	0.37079903333154524	0.28316918758758053
11039	40	41	Frontal Operculum Cortex	zstat	0.542512747268349	0.5263011917909544
11039	41	42	Central Opercular Cortex	zstat	1.0142078414358624	0.433117395698071
11039	42	43	Parietal Operculum Cortex	zstat	0.5226616626806312	0.5389779117629098
11039	43	44	Planum Polare	zstat	0.8094815987247604	0.10418699915611492
11039	44	45	Heschl's Gyrus (includes H1 and H2)	zstat	-0.07300266863623728	0.13715159352267942
11039	45	46	Planum Temporale	zstat	0.010019841017020954	0.6441295658413339
11039	46	47	Supracalcarine Cortex	zstat	1.0423543956923358	-0.9829253473893759
11039	47	48	Occipital Pole	zstat	0.48961667459936065	-0.2738020889578734
11042	0	1	Frontal Pole	zstat	-0.4885927588799211	0.9003363547143826
11042	1	2	Insular Cortex	zstat	0.13239248064084796	0.7985929169722634
11042	2	3	Superior Frontal Gyrus	zstat	-0.18354119581444203	0.4842395033231334
11042	3	4	Middle Frontal Gyrus	zstat	-0.3656964448402115	1.1311181737084353
11042	4	5	Inferior Frontal Gyrus, pars triangularis	zstat	-0.6697836462002452	0.3261276034961632
11042	5	6	Inferior Frontal Gyrus, pars opercularis	zstat	-0.5595939608323682	0.8806154869488599
11042	6	7	Precentral Gyrus	zstat	-0.02991012000832112	0.9239219133620988
11042	7	8	Temporal Pole	zstat	-0.529022757032809	-0.14274383755100808
11042	8	9	Superior Temporal Gyrus, anterior division	zstat	-0.2474455002713232	0.7834160953807907
11042	9	10	Superior Temporal Gyrus, posterior division	zstat	-1.1072101707679112	0.7336343945345732
11042	10	11	Middle Temporal Gyrus, anterior division	zstat	-0.9344975136762569	0.6938660127055178
11042	11	12	Middle Temporal Gyrus, posterior division	zstat	-0.7499747227835045	0.33043088114925334
11042	12	13	Middle Temporal Gyrus, temporooccipital part	zstat	-0.5132207713093726	0.6726997627287337
11042	13	14	Inferior Temporal Gyrus, anterior division	zstat	-0.9975147138090705	0.3781495972305051
11042	14	15	Inferior Temporal Gyrus, posterior division	zstat	-0.44388446512068325	-0.28380075132705584
11042	15	16	Inferior Temporal Gyrus, temporooccipital part	zstat	-0.14330105003926888	-0.20470758635939948
11042	16	17	Postcentral Gyrus	zstat	-0.022098950956867116	0.64249429446392
11042	17	18	Superior Parietal Lobule	zstat	0.5396012395187685	0.5727804368141833
11042	18	19	Supramarginal Gyrus, anterior division	zstat	-0.30515242862704867	1.0001676109537516
11042	19	20	Supramarginal Gyrus, posterior division	zstat	-0.5367371330824303	1.1222807293762516
11042	20	21	Angular Gyrus	zstat	-0.7014777960098699	0.9550661622759776
11042	21	22	Lateral Occipital Cortex, superior division	zstat	-0.3761162196107545	1.0820535516691516
11042	22	23	Lateral Occipital Cortex, inferior division	zstat	-0.6645893059808485	0.5261148803304144
11042	23	24	Intracalcarine Cortex	zstat	0.2482518561112128	1.2723279024260516
11042	24	25	Frontal Medial Cortex	zstat	-0.864123117868914	0.11290552198557853
11042	25	26	Juxtapositional Lobule Cortex (formerly Supplementary Motor Cortex)	zstat	-0.1928704957614615	1.3608493298949749
11042	26	27	Subcallosal Cortex	zstat	-0.06048504694794806	-0.06214806620353976
11042	27	28	Paracingulate Gyrus	zstat	-0.3427058437014441	0.7859665775066286
11042	28	29	Cingulate Gyrus, anterior division	zstat	-0.2510044437367469	0.7789676446567282
11042	29	30	Cingulate Gyrus, posterior division	zstat	-0.35050255173140404	0.7006307532595737
11042	30	31	Precuneous Cortex	zstat	-0.2963083354849459	0.5518960781196092
11042	31	32	Cuneal Cortex	zstat	-0.5035728450674571	0.6175420189750259
11042	32	33	Frontal Orbital Cortex	zstat	-0.5339291495471257	0.21977246968503206
11042	33	34	Parahippocampal Gyrus, anterior division	zstat	0.05192696726396762	-0.14281133384097663
11042	34	35	Parahippocampal Gyrus, posterior division	zstat	0.10045654096131054	0.1489729221172209
11042	35	36	Lingual Gyrus	zstat	-0.23807594557613254	-0.058710109136681926
11042	36	37	Temporal Fusiform Cortex, anterior division	zstat	-0.677414205940011	0.3832690658545037
11042	37	38	Temporal Fusiform Cortex, posterior division	zstat	-0.27338318822692226	-0.4427464320212154
11042	38	39	Temporal Occipital Fusiform Cortex	zstat	-0.552959897516676	0.3165563452870132
11042	39	40	Occipital Fusiform Gyrus	zstat	-0.8062759402536183	0.9834383517886983
11042	40	41	Frontal Operculum Cortex	zstat	-0.8087085729774025	1.041997976782014
11042	41	42	Central Opercular Cortex	zstat	0.4222468925958166	0.6365389388916287
11042	42	43	Parietal Operculum Cortex	zstat	-0.15155361406859671	1.1467742872788442
11042	43	44	Planum Polare	zstat	0.0745932654040432	-0.19269013177169814
11042	44	45	Heschl's Gyrus (includes H1 and H2)	zstat	-0.008789664254553856	0.42041498543222516
11042	45	46	Planum Temporale	zstat	-0.6700181042049287	0.8058048320458195
11042	46	47	Supracalcarine Cortex	zstat	-0.1420091248285818	0.3149384836346763
11042	47	48	Occipital Pole	zstat	-0.755352002808311	0.23362283893349148
11053	0	1	Frontal Pole	zstat	0.3673075539179677	0.5919697104785092
11053	1	2	Insular Cortex	zstat	-0.4122480836364555	-0.15127810312661183
11053	2	3	Superior Frontal Gyrus	zstat	-0.33382682001353825	1.1050719772822952
11053	3	4	Middle Frontal Gyrus	zstat	0.2122070309134156	0.4388210158122555
11053	4	5	Inferior Frontal Gyrus, pars triangularis	zstat	-0.7358647148031955	0.8884642786472403
11053	5	6	Inferior Frontal Gyrus, pars opercularis	zstat	-0.09067125874008901	0.09751078876022762
11053	6	7	Precentral Gyrus	zstat	-0.4360188070582369	-0.2406231587949456
11053	7	8	Temporal Pole	zstat	-0.6710186061284446	0.9722140753579315
11053	8	9	Superior Temporal Gyrus, anterior division	zstat	-0.4165901443347908	1.4285815427700679
11053	9	10	Superior Temporal Gyrus, posterior division	zstat	-0.29298589403087927	1.362099734941564
11053	10	11	Middle Temporal Gyrus, anterior division	zstat	-0.7360797024693395	1.923718986660242
11053	11	12	Middle Temporal Gyrus, posterior division	zstat	-0.15754943136139607	1.2926270314820134
11053	12	13	Middle Temporal Gyrus, temporooccipital part	zstat	0.29189990456016673	0.40076628098534317
11053	13	14	Inferior Temporal Gyrus, anterior division	zstat	-0.6127181788314046	1.1648572191910145
11053	14	15	Inferior Temporal Gyrus, posterior division	zstat	-0.1313075537338002	-0.04337379872203162
11053	15	16	Inferior Temporal Gyrus, temporooccipital part	zstat	0.38555113128807794	-0.17963770330069523
11053	16	17	Postcentral Gyrus	zstat	-0.992058500139645	0.17935978505254277
11053	17	18	Superior Parietal Lobule	zstat	-0.05301455072930274	-0.3232030424233184
11053	18	19	Supramarginal Gyrus, anterior division	zstat	-0.9987525440528299	-0.3225942609019478
11053	19	20	Supramarginal Gyrus, posterior division	zstat	-0.1710363669102269	0.5075737518832604
11053	20	21	Angular Gyrus	zstat	-0.3647118591417459	1.3248338320352808
11053	21	22	Lateral Occipital Cortex, superior division	zstat	0.2751406364164958	0.5845532812581734
11053	22	23	Lateral Occipital Cortex, inferior division	zstat	0.20838951269222464	0.5419353404119847
11053	23	24	Intracalcarine Cortex	zstat	0.3661937747186445	0.5089779122309498
11053	24	25	Frontal Medial Cortex	zstat	0.14559968310434715	1.4975556786409876
11053	25	26	Juxtapositional Lobule Cortex (formerly Supplementary Motor Cortex)	zstat	-1.0596287860503621	-0.6650473839812597
11053	26	27	Subcallosal Cortex	zstat	0.38515646336689735	0.7776421512441279
11053	27	28	Paracingulate Gyrus	zstat	0.2256209620984109	0.739834036435553
11053	28	29	Cingulate Gyrus, anterior division	zstat	-0.24972583266405263	0.6990619738366365
11053	29	30	Cingulate Gyrus, posterior division	zstat	1.0998107641094497	0.9324264931995422
11053	30	31	Precuneous Cortex	zstat	0.43386857025066167	0.7953716196326055
11053	31	32	Cuneal Cortex	zstat	0.12996022324769566	0.17987378221418204
11053	32	33	Frontal Orbital Cortex	zstat	-0.5778422570444042	0.8407313303641937
11053	33	34	Parahippocampal Gyrus, anterior division	zstat	-0.3000861087368917	0.4122764393955107
11053	34	35	Parahippocampal Gyrus, posterior division	zstat	-0.11672213828050584	0.6849950392370305
11053	35	36	Lingual Gyrus	zstat	-0.18432647288927284	0.5837321875650372
11053	36	37	Temporal Fusiform Cortex, anterior division	zstat	-0.4358378535413996	0.935180170382274
11053	37	38	Temporal Fusiform Cortex, posterior division	zstat	-0.24650067056845007	-0.035771730156148915
11053	38	39	Temporal Occipital Fusiform Cortex	zstat	0.3650147491252592	0.6002590155736737
11053	39	40	Occipital Fusiform Gyrus	zstat	0.5867851370032763	0.8900661407984133
11053	40	41	Frontal Operculum Cortex	zstat	-0.9864914189995279	-0.7244937127483461
11053	41	42	Central Opercular Cortex	zstat	-0.6208419793622044	0.3204227075475074
11053	42	43	Parietal Operculum Cortex	zstat	-0.13742723199066134	0.39583973477205714
11053	43	44	Planum Polare	zstat	-0.4215017362224038	0.7493986812169585
11053	44	45	Heschl's Gyrus (includes H1 and H2)	zstat	0.6163331752520672	0.8595740394658744
11053	45	46	Planum Temporale	zstat	0.33323692190693044	0.8195494589553192
11053	46	47	Supracalcarine Cortex	zstat	0.6701229151704923	0.5008983100700053
11053	47	48	Occipital Pole	zstat	0.2593789639360244	0.9412884819329246
11060	0	1	Frontal Pole	zstat	0.39184396648489794	-0.6716367390559765
11060	1	2	Insular Cortex	zstat	-0.44740567777785517	0.5589442500929523
11060	2	3	Superior Frontal Gyrus	zstat	0.2311679823674441	-1.257385139993504
11060	3	4	Middle Frontal Gyrus	zstat	0.16753222759600642	-0.4051917688547301
11060	4	5	Inferior Frontal Gyrus, pars triangularis	zstat	1.0714168486146922	-0.10911644786305794
11060	5	6	Inferior Frontal Gyrus, pars opercularis	zstat	0.591855366630233	0.18031513644014502
11060	6	7	Precentral Gyrus	zstat	-0.6971759851168439	0.8012055894419152
11060	7	8	Temporal Pole	zstat	0.5238896771191607	-0.19968137413082668
11060	8	9	Superior Temporal Gyrus, anterior division	zstat	0.8454407667765059	-0.2917756402363571
11060	9	10	Superior Temporal Gyrus, posterior division	zstat	0.4492862445295504	-0.043175203215433645
11060	10	11	Middle Temporal Gyrus, anterior division	zstat	1.4015300298644813	-0.7896336449831446
11060	11	12	Middle Temporal Gyrus, posterior division	zstat	1.0915044263569387	-0.3475979637125003
11060	12	13	Middle Temporal Gyrus, temporooccipital part	zstat	0.8908893896296922	0.24597216011095469
11060	13	14	Inferior Temporal Gyrus, anterior division	zstat	1.453603434556897	-0.030585123147517882
11060	14	15	Inferior Temporal Gyrus, posterior division	zstat	0.5367225796098845	0.17219650742391118
11060	15	16	Inferior Temporal Gyrus, temporooccipital part	zstat	0.913461332423126	0.39714996052845974
11060	16	17	Postcentral Gyrus	zstat	-0.7622516080767483	0.44942408662997996
11060	17	18	Superior Parietal Lobule	zstat	-1.4774195821882468	1.3225319594733926
11060	18	19	Supramarginal Gyrus, anterior division	zstat	-1.2017860616703897	1.3823170286616207
11060	19	20	Supramarginal Gyrus, posterior division	zstat	-0.2979193528119877	0.2773682339271889
11060	20	21	Angular Gyrus	zstat	0.8437782009826562	-0.3458311015191644
11060	21	22	Lateral Occipital Cortex, superior division	zstat	-0.12830782857595385	0.28197706567898545
11060	22	23	Lateral Occipital Cortex, inferior division	zstat	-0.14524139532449465	0.7858080157542062
11060	23	24	Intracalcarine Cortex	zstat	-0.8224979151452072	1.1436254308648577
11060	24	25	Frontal Medial Cortex	zstat	1.4517054860744334	-0.2695925965598051
11060	25	26	Juxtapositional Lobule Cortex (formerly Supplementary Motor Cortex)	zstat	-0.7631593408484666	1.1169183405802108
11060	26	27	Subcallosal Cortex	zstat	0.2971291501934712	0.3247437549826617
11060	27	28	Paracingulate Gyrus	zstat	-0.41519802949054724	-0.4973829114001664
11060	28	29	Cingulate Gyrus, anterior division	zstat	-0.48356983091354655	0.35759474099047683
11060	29	30	Cingulate Gyrus, posterior division	zstat	0.20218676634984356	0.14971595621973807
11060	30	31	Precuneous Cortex	zstat	0.12538703478416444	0.1972745116772213
11060	31	32	Cuneal Cortex	zstat	-1.328212634315446	1.2274977033751338
11060	32	33	Frontal Orbital Cortex	zstat	0.31193813668954956	-0.15337971733713457
11060	33	34	Parahippocampal Gyrus, anterior division	zstat	0.3538954133967317	0.09051652576621629
11060	34	35	Parahippocampal Gyrus, posterior division	zstat	0.09247905590674699	0.11902704362731145
11060	35	36	Lingual Gyrus	zstat	-0.8734489425800002	0.7608958560879142
11060	36	37	Temporal Fusiform Cortex, anterior division	zstat	0.23892638277665362	1.275111811552593
11060	37	38	Temporal Fusiform Cortex, posterior division	zstat	0.6050777072347412	0.340523882233658
11060	38	39	Temporal Occipital Fusiform Cortex	zstat	0.18372869247883883	0.5712194048882097
11060	39	40	Occipital Fusiform Gyrus	zstat	-0.542459806759606	0.5615112651680633
11060	40	41	Frontal Operculum Cortex	zstat	-1.500426283421214	0.06633621636981599
11060	41	42	Central Opercular Cortex	zstat	-0.5740695294368974	0.7421578214923057
11060	42	43	Parietal Operculum Cortex	zstat	-0.28847516927369377	1.00250508464627
11060	43	44	Planum Polare	zstat	-0.4050392620692044	0.5832768341220688
11060	44	45	Heschl's Gyrus (includes H1 and H2)	zstat	-0.21416559675064642	1.0505795706501273
11060	45	46	Planum Temporale	zstat	-0.7583030440903932	0.7673827936273672
11060	46	47	Supracalcarine Cortex	zstat	-1.1851282581845497	1.8326902720046805
11060	47	48	Occipital Pole	zstat	-1.1039553149021117	0.2009638062224848
11063	0	1	Frontal Pole	zstat	-0.41198103214277765	1.1197748892353354
11063	1	2	Insular Cortex	zstat	-0.8117463580659756	-0.05965810374749946
11063	2	3	Superior Frontal Gyrus	zstat	-0.5708766753356403	1.29741687948532
11063	3	4	Middle Frontal Gyrus	zstat	0.09908552807635339	1.664710439012716
11063	4	5	Inferior Frontal Gyrus, pars triangularis	zstat	-0.7672412312133536	-0.12202505916148775
11063	5	6	Inferior Frontal Gyrus, pars opercularis	zstat	-1.486049577828365	-0.12097453467308139
11063	6	7	Precentral Gyrus	zstat	-0.5719843727262087	-0.17823827066921394
11063	7	8	Temporal Pole	zstat	-0.6128200380943806	0.2041537764847085
11063	8	9	Superior Temporal Gyrus, anterior division	zstat	-1.6904230195933427	-0.45037320205607473
11063	9	10	Superior Temporal Gyrus, posterior division	zstat	-1.6836927581892966	0.13868574345145712
11063	10	11	Middle Temporal Gyrus, anterior division	zstat	-0.8669795236147162	-0.40082120320624187
11063	11	12	Middle Temporal Gyrus, posterior division	zstat	-0.7102769332174754	0.6627175578467452
11063	12	13	Middle Temporal Gyrus, temporooccipital part	zstat	-0.8315944701212281	0.19931226380987982
11063	13	14	Inferior Temporal Gyrus, anterior division	zstat	-0.029804670895290004	-0.8288341628817412
11063	14	15	Inferior Temporal Gyrus, posterior division	zstat	0.22834482024002514	-0.48729513003955494
11063	15	16	Inferior Temporal Gyrus, temporooccipital part	zstat	0.4313156396739616	0.9246475672498763
11063	16	17	Postcentral Gyrus	zstat	-0.005957411273696419	-0.09338644103572258
11063	17	18	Superior Parietal Lobule	zstat	1.681824817671746	1.0828388305035668
11063	18	19	Supramarginal Gyrus, anterior division	zstat	-0.2302227080842756	-0.588883995594612
11063	19	20	Supramarginal Gyrus, posterior division	zstat	-1.0096261089947705	0.3389471417966077
11063	20	21	Angular Gyrus	zstat	-1.705922880332898	1.4881621725282717
11063	21	22	Lateral Occipital Cortex, superior division	zstat	-0.6372411211058251	1.2173313065227225
11063	22	23	Lateral Occipital Cortex, inferior division	zstat	0.7238316825417799	0.9623297414059564
11063	23	24	Intracalcarine Cortex	zstat	-0.20141687087084126	1.9742531448979554
11063	24	25	Frontal Medial Cortex	zstat	0.5118952042370347	0.18449506183247352
11063	25	26	Juxtapositional Lobule Cortex (formerly Supplementary Motor Cortex)	zstat	-0.6082485875270544	0.0831770165909925
11063	26	27	Subcallosal Cortex	zstat	0.5517989359733362	-0.36261903208080465
11063	27	28	Paracingulate Gyrus	zstat	-0.219742009436598	1.356093758785024
11063	28	29	Cingulate Gyrus, anterior division	zstat	-0.6841168134448353	0.5949836100719995
11063	29	30	Cingulate Gyrus, posterior division	zstat	-1.065271789041614	0.8074240168774767
11063	30	31	Precuneous Cortex	zstat	-1.489628385859591	1.0423003847952883
11063	31	32	Cuneal Cortex	zstat	-1.2600594168681725	0.659430204536518
11063	32	33	Frontal Orbital Cortex	zstat	-0.7406706900915558	0.6961287778203785
11063	33	34	Parahippocampal Gyrus, anterior division	zstat	-0.006985735638481534	-0.02630400048430795
11063	34	35	Parahippocampal Gyrus, posterior division	zstat	-0.01615452681984401	0.11478782991685395
11063	35	36	Lingual Gyrus	zstat	-0.288933286151089	1.0390907572609582
11063	36	37	Temporal Fusiform Cortex, anterior division	zstat	0.6055579536317035	-0.15502775302165062
11063	37	38	Temporal Fusiform Cortex, posterior division	zstat	0.17595895608124065	-0.3983651212578489
11063	38	39	Temporal Occipital Fusiform Cortex	zstat	0.04488205779861713	0.6646338303726685
11063	39	40	Occipital Fusiform Gyrus	zstat	0.3646852579580147	1.5122833058048633
11063	40	41	Frontal Operculum Cortex	zstat	-1.341174669852363	-0.35912892200099694
11063	41	42	Central Opercular Cortex	zstat	-1.626878460401142	-1.010888322203248
11063	42	43	Parietal Operculum Cortex	zstat	-1.01123087903896	-0.5817520402798543
11063	43	44	Planum Polare	zstat	-0.7773559628296828	0.05790836565313818
11063	44	45	Heschl's Gyrus (includes H1 and H2)	zstat	-1.0519744486243288	-0.26646314279824357
11063	45	46	Planum Temporale	zstat	-0.03259741026041333	-0.3907131498674359
11063	46	47	Supracalcarine Cortex	zstat	-0.8373056969189263	1.3986666455389338
11063	47	48	Occipital Pole	zstat	-0.006497207502701987	1.1602769721199375
11065	0	1	Frontal Pole	zstat	0.16694265332309421	-0.9648247029913926
11065	1	2	Insular Cortex	zstat	0.322492642461973	0.8274316969900759
11065	2	3	Superior Frontal Gyrus	zstat	0.16908241193826373	-1.2804576336117002
11065	3	4	Middle Frontal Gyrus	zstat	0.4122209253954165	-0.9551973809842036
11065	4	5	Inferior Frontal Gyrus, pars triangularis	zstat	-1.0828991510655406	-1.5600162739513033
11065	5	6	Inferior Frontal Gyrus, pars opercularis	zstat	-0.3732406642287104	-0.3820161571757362
11065	6	7	Precentral Gyrus	zstat	-0.05358234232481313	0.6436717177045629
11065	7	8	Temporal Pole	zstat	-0.483002404369705	-0.4402492595451392
11065	8	9	Superior Temporal Gyrus, anterior division	zstat	-0.29518680568688954	-0.6725553373400217
11065	9	10	Superior Temporal Gyrus, posterior division	zstat	-0.4922642388287327	-0.14680205459113826
11065	10	11	Middle Temporal Gyrus, anterior division	zstat	-0.2916190589997056	-1.4757361776098163
11065	11	12	Middle Temporal Gyrus, posterior division	zstat	-0.4836608184976163	-1.1082507639826231
11065	12	13	Middle Temporal Gyrus, temporooccipital part	zstat	-0.6688505696649042	-0.16866002785825931
11065	13	14	Inferior Temporal Gyrus, anterior division	zstat	-1.4815945160746045	-1.7022282724108921
11065	14	15	Inferior Temporal Gyrus, posterior division	zstat	-0.29203560720961913	-0.22650147793750525
11065	15	16	Inferior Temporal Gyrus, temporooccipital part	zstat	0.26568761854728346	0.9614286783000162
11065	16	17	Postcentral Gyrus	zstat	0.3098734656513704	0.4783668669297375
11065	17	18	Superior Parietal Lobule	zstat	-0.39581089721457285	0.6324957174550268
11065	18	19	Supramarginal Gyrus, anterior division	zstat	0.03128296263964364	0.6665382471780672
11065	19	20	Supramarginal Gyrus, posterior division	zstat	-0.25296666788289673	-0.27473569952338506
11065	20	21	Angular Gyrus	zstat	-0.6829223997889767	-1.875697065827166
11065	21	22	Lateral Occipital Cortex, superior division	zstat	0.048821571159331875	0.005466622704738714
11065	22	23	Lateral Occipital Cortex, inferior division	zstat	-0.26708934234549103	0.9322392359648286
11065	23	24	Intracalcarine Cortex	zstat	-0.5095075882295443	0.9758438637932212
11065	24	25	Frontal Medial Cortex	zstat	0.4917303173883706	-1.3439889325475871
11065	25	26	Juxtapositional Lobule Cortex (formerly Supplementary Motor Cortex)	zstat	0.15548072499616347	0.5872835966874845
11065	26	27	Subcallosal Cortex	zstat	0.588252624281897	0.058557943834994845
11065	27	28	Paracingulate Gyrus	zstat	0.11598855375619332	-1.02976518785668
11065	28	29	Cingulate Gyrus, anterior division	zstat	0.3951414846525364	-0.24099150252257429
11065	29	30	Cingulate Gyrus, posterior division	zstat	0.1891488324744361	-1.1224426702066723
11065	30	31	Precuneous Cortex	zstat	0.17683903340907609	-0.8861826850025166
11065	31	32	Cuneal Cortex	zstat	-0.030240928450653005	0.9694684497592803
11065	32	33	Frontal Orbital Cortex	zstat	0.1860992904965688	-0.48550453560870976
11065	33	34	Parahippocampal Gyrus, anterior division	zstat	-0.40321320681835304	-0.3621361183640815
11065	34	35	Parahippocampal Gyrus, posterior division	zstat	0.1978765750646521	-0.22151324080022158
11065	35	36	Lingual Gyrus	zstat	-0.07587629562286945	0.6626495525014784
11065	36	37	Temporal Fusiform Cortex, anterior division	zstat	-0.6022815688493404	0.08575819693637866
11065	37	38	Temporal Fusiform Cortex, posterior division	zstat	-0.17284043452589454	-0.3194048366006047
11065	38	39	Temporal Occipital Fusiform Cortex	zstat	-0.36447332755142103	0.6608454507727607
11065	39	40	Occipital Fusiform Gyrus	zstat	0.3259496725978193	1.2047405860449802
11065	40	41	Frontal Operculum Cortex	zstat	-0.1763074579139968	1.0817065717448957
11065	41	42	Central Opercular Cortex	zstat	0.19171495928438967	1.0773593498857506
11065	42	43	Parietal Operculum Cortex	zstat	-0.11598703515187596	1.8789974637170024
11065	43	44	Planum Polare	zstat	0.21455627687111894	0.3165521451328945
11065	44	45	Heschl's Gyrus (includes H1 and H2)	zstat	0.6641702985794451	0.2026359913334216
11065	45	46	Planum Temporale	zstat	0.28275014677825394	0.728797332518489
11065	46	47	Supracalcarine Cortex	zstat	-0.12468057545892736	1.362168513926395
11065	47	48	Occipital Pole	zstat	0.6814717998880157	0.9436891669703484
11066	0	1	Frontal Pole	zstat	-0.22775996261000606	-0.17213933477396318
11066	1	2	Insular Cortex	zstat	-0.6379711606404286	0.24071127163844094
11066	2	3	Superior Frontal Gyrus	zstat	-1.1626938172847885	0.18109229184866454
11066	3	4	Middle Frontal Gyrus	zstat	-0.7286995093826096	-0.46500813979047434
11066	4	5	Inferior Frontal Gyrus, pars triangularis	zstat	0.1436438904146006	0.16732506121793408
11066	5	6	Inferior Frontal Gyrus, pars opercularis	zstat	-0.23880671099066123	0.6808676436443062
11066	6	7	Precentral Gyrus	zstat	0.007361697777045537	0.7798675802659505
11066	7	8	Temporal Pole	zstat	-0.2755783909424024	0.5573132105075636
11066	8	9	Superior Temporal Gyrus, anterior division	zstat	0.0348686577895513	0.6938320349615353
11066	9	10	Superior Temporal Gyrus, posterior division	zstat	-0.13255789558034292	0.9874268054823064
11066	10	11	Middle Temporal Gyrus, anterior division	zstat	0.29794591002430376	0.9633180102389027
11066	11	12	Middle Temporal Gyrus, posterior division	zstat	-0.4070964199002576	0.061026733688892346
11066	12	13	Middle Temporal Gyrus, temporooccipital part	zstat	-0.28973522974931454	1.369932787520734
11066	13	14	Inferior Temporal Gyrus, anterior division	zstat	0.32738097790751286	1.325115047351143
11066	14	15	Inferior Temporal Gyrus, posterior division	zstat	0.6931775204213687	0.006577483235574183
11066	15	16	Inferior Temporal Gyrus, temporooccipital part	zstat	0.07793510454418416	0.9095641302097756
11066	16	17	Postcentral Gyrus	zstat	-0.14660266094638602	0.5955658398254815
11066	17	18	Superior Parietal Lobule	zstat	0.2303159042065071	0.9712473409017548
11066	18	19	Supramarginal Gyrus, anterior division	zstat	-0.4178556948382821	1.3460198461250574
11066	19	20	Supramarginal Gyrus, posterior division	zstat	-0.6414269037062941	0.5332778830603521
11066	20	21	Angular Gyrus	zstat	-1.1318039698112605	-0.766501247145349
11066	21	22	Lateral Occipital Cortex, superior division	zstat	-0.10910674871372145	1.0462257641104233
11066	22	23	Lateral Occipital Cortex, inferior division	zstat	0.33767489338358075	1.810605303189796
11066	23	24	Intracalcarine Cortex	zstat	1.2159167458914792	0.9670950235166598
11066	24	25	Frontal Medial Cortex	zstat	-0.09088808076013646	1.2254903557353674
11066	25	26	Juxtapositional Lobule Cortex (formerly Supplementary Motor Cortex)	zstat	-0.9165816344116261	0.9124176799480149
11066	26	27	Subcallosal Cortex	zstat	0.10635507445280942	0.426470474463601
11066	27	28	Paracingulate Gyrus	zstat	-0.658394722723514	0.5307698743743866
11066	28	29	Cingulate Gyrus, anterior division	zstat	-0.397473046202183	0.5891395330587422
11066	29	30	Cingulate Gyrus, posterior division	zstat	-0.18254006855537383	0.47645183470632346
11066	30	31	Precuneous Cortex	zstat	-0.7682657232127017	1.0528484590247733
11066	31	32	Cuneal Cortex	zstat	0.3456374058025495	1.2310495749836603
11066	32	33	Frontal Orbital Cortex	zstat	-0.4122360441173115	0.645207212062216
11066	33	34	Parahippocampal Gyrus, anterior division	zstat	0.19956709978333467	0.12696277388820704
11066	34	35	Parahippocampal Gyrus, posterior division	zstat	-0.30339324121135025	0.6900847535650685
11066	35	36	Lingual Gyrus	zstat	0.5842114254973663	1.622875579444292
11066	36	37	Temporal Fusiform Cortex, anterior division	zstat	0.9147899411882915	0.20318728188673654
11066	37	38	Temporal Fusiform Cortex, posterior division	zstat	0.2748989789174043	0.7898779057733524
11066	38	39	Temporal Occipital Fusiform Cortex	zstat	0.7436452197049076	2.7371989662151037
11066	39	40	Occipital Fusiform Gyrus	zstat	1.0376347485439859	2.1383648904479062
11066	40	41	Frontal Operculum Cortex	zstat	-1.3481765881673817	0.5212996351305678
11066	41	42	Central Opercular Cortex	zstat	0.035626511616375915	0.6247180841564094
11066	42	43	Parietal Operculum Cortex	zstat	0.587614308146826	1.6814068685507941
11066	43	44	Planum Polare	zstat	-0.12285806812746548	0.3955686335791372
11066	44	45	Heschl's Gyrus (includes H1 and H2)	zstat	0.4108781242595067	0.6516462977997602
11066	45	46	Planum Temporale	zstat	0.9038893972353241	1.3445797891422482
11066	46	47	Supracalcarine Cortex	zstat	1.247587510840373	0.8939956028603929
11066	47	48	Occipital Pole	zstat	1.00011097460744	0.11915492158551334
11068	0	1	Frontal Pole	zstat	0.046740778046291336	0.14449902952832647
11068	1	2	Insular Cortex	zstat	-0.3442794942062302	-0.3541655702136894
11068	2	3	Superior Frontal Gyrus	zstat	0.38718959741399744	-0.2545238598140808
11068	3	4	Middle Frontal Gyrus	zstat	-0.203117824436814	0.39929900759815573
11068	4	5	Inferior Frontal Gyrus, pars triangularis	zstat	0.21095860541964787	-0.5042059766812199
11068	5	6	Inferior Frontal Gyrus, pars opercularis	zstat	0.43838981723858195	-0.25776865022632617
11068	6	7	Precentral Gyrus	zstat	-0.03711623908445883	0.4753046907144579
11068	7	8	Temporal Pole	zstat	-0.1319871549396273	-0.16225330796732484
11068	8	9	Superior Temporal Gyrus, anterior division	zstat	0.22465818929366577	0.4000061719129101
11068	9	10	Superior Temporal Gyrus, posterior division	zstat	-0.05869163739549407	-0.14065807180890402
11068	10	11	Middle Temporal Gyrus, anterior division	zstat	0.45518822950700216	-0.04872845866258687
11068	11	12	Middle Temporal Gyrus, posterior division	zstat	0.08058709351007924	-0.21345646462928716
11068	12	13	Middle Temporal Gyrus, temporooccipital part	zstat	-0.0192653322810156	0.2200658242179765
11068	13	14	Inferior Temporal Gyrus, anterior division	zstat	-0.5282532226848113	-0.8599683464361498
11068	14	15	Inferior Temporal Gyrus, posterior division	zstat	0.23735818169709552	0.1769805038316865
11068	15	16	Inferior Temporal Gyrus, temporooccipital part	zstat	-0.5736269136272204	1.7621322439483076
11068	16	17	Postcentral Gyrus	zstat	-0.3565062831581631	0.5602125809702809
11068	17	18	Superior Parietal Lobule	zstat	-0.0669023193873641	1.179131549982271
11068	18	19	Supramarginal Gyrus, anterior division	zstat	0.16201381367864087	-0.060696946461663445
11068	19	20	Supramarginal Gyrus, posterior division	zstat	0.09620032098539161	-0.07650802485185448
11068	20	21	Angular Gyrus	zstat	0.49658482602879	-0.12234625194326923
11068	21	22	Lateral Occipital Cortex, superior division	zstat	-0.2883270172397444	1.346007319298744
11068	22	23	Lateral Occipital Cortex, inferior division	zstat	-0.9429225023191159	1.4976518800102934
11068	23	24	Intracalcarine Cortex	zstat	-0.054275628396741146	0.8418665602060347
11068	24	25	Frontal Medial Cortex	zstat	0.10132152632193422	0.12488657828744051
11068	25	26	Juxtapositional Lobule Cortex (formerly Supplementary Motor Cortex)	zstat	0.11888019297888654	0.32508593911345973
11068	26	27	Subcallosal Cortex	zstat	0.010383023787289858	0.03629341061012103
11068	27	28	Paracingulate Gyrus	zstat	0.2152535418203134	-0.14835177234626973
11068	28	29	Cingulate Gyrus, anterior division	zstat	-0.17733105320186981	0.24827280973742313
11068	29	30	Cingulate Gyrus, posterior division	zstat	-0.36488297185102214	1.5706373883688025
11068	30	31	Precuneous Cortex	zstat	-0.27552433013316446	1.2361612222501417
11068	31	32	Cuneal Cortex	zstat	-0.4474455228296342	0.6689144584343577
11068	32	33	Frontal Orbital Cortex	zstat	0.07229494491926985	-0.015674354784386904
11068	33	34	Parahippocampal Gyrus, anterior division	zstat	-0.39823116430295713	0.10891516656363465
11068	34	35	Parahippocampal Gyrus, posterior division	zstat	-0.8736877100366467	0.0816811463312369
11068	35	36	Lingual Gyrus	zstat	-0.4371967005505705	0.3523856021191921
11068	36	37	Temporal Fusiform Cortex, anterior division	zstat	-0.49809727492801686	-0.3900442853279359
11068	37	38	Temporal Fusiform Cortex, posterior division	zstat	-0.3974885396972353	0.6355251354199839
11068	38	39	Temporal Occipital Fusiform Cortex	zstat	-0.303234788674649	1.142606155389615
11068	39	40	Occipital Fusiform Gyrus	zstat	-0.7410041241955001	1.805457875873062
11068	40	41	Frontal Operculum Cortex	zstat	-0.42889578080102175	-0.8908271160242813
11068	41	42	Central Opercular Cortex	zstat	-0.4221892718804722	-0.47954636891823144
11068	42	43	Parietal Operculum Cortex	zstat	-0.30719906003573416	0.08470126481781132
11068	43	44	Planum Polare	zstat	-0.4097499280211779	-0.26539836103142816
11068	44	45	Heschl's Gyrus (includes H1 and H2)	zstat	-0.5457784415261331	-0.6309228105479122
11068	45	46	Planum Temporale	zstat	-0.259821609742309	0.511620674580284
11068	46	47	Supracalcarine Cortex	zstat	-0.4936513167389847	1.0582539477841335
11068	47	48	Occipital Pole	zstat	-0.9219441850713133	2.0147180838288397
11072	0	1	Frontal Pole	zstat	-0.574908036789169	-0.03882943314268168
11072	1	2	Insular Cortex	zstat	0.01308775647873413	0.43478731512660773
11072	2	3	Superior Frontal Gyrus	zstat	-0.5734006839100407	-0.4112108120303407
11072	3	4	Middle Frontal Gyrus	zstat	-0.21425551348594857	0.4173098695305176
11072	4	5	Inferior Frontal Gyrus, pars triangularis	zstat	0.6215618926115385	0.630722846637198
11072	5	6	Inferior Frontal Gyrus, pars opercularis	zstat	0.28922101639714926	0.8085006238381139
11072	6	7	Precentral Gyrus	zstat	0.5793971649578583	0.8353199907511749
11072	7	8	Temporal Pole	zstat	-0.11964482986954061	0.1345574499579405
11072	8	9	Superior Temporal Gyrus, anterior division	zstat	0.3093613219817575	-0.08918052030106385
11072	9	10	Superior Temporal Gyrus, posterior division	zstat	0.6443970731592604	0.7271328104037017
11072	10	11	Middle Temporal Gyrus, anterior division	zstat	-0.487741487105933	-0.2421498076427283
11072	11	12	Middle Temporal Gyrus, posterior division	zstat	0.02967602905318711	0.15153313316683203
11072	12	13	Middle Temporal Gyrus, temporooccipital part	zstat	0.5936431108433958	0.653140975872088
11072	13	14	Inferior Temporal Gyrus, anterior division	zstat	-0.34168742821943127	0.10576518508192351
11072	14	15	Inferior Temporal Gyrus, posterior division	zstat	-0.20351060448327374	-0.0792766595527761
11072	15	16	Inferior Temporal Gyrus, temporooccipital part	zstat	0.6045636380775032	0.4652566135621633
11072	16	17	Postcentral Gyrus	zstat	0.8626944248550369	1.2084119784066696
11072	17	18	Superior Parietal Lobule	zstat	0.5414041394827365	1.1978907498171714
11072	18	19	Supramarginal Gyrus, anterior division	zstat	0.03638159154431411	1.0645135947283253
11072	19	20	Supramarginal Gyrus, posterior division	zstat	-0.3699824450787698	0.9516130538783162
11072	20	21	Angular Gyrus	zstat	-0.5890089898650313	-0.010181410388541196
11072	21	22	Lateral Occipital Cortex, superior division	zstat	0.4556615043536468	0.2683253299116532
11072	22	23	Lateral Occipital Cortex, inferior division	zstat	1.4620185455791306	0.40712162014035014
11072	23	24	Intracalcarine Cortex	zstat	-1.0887533711185244	0.16777452552448305
11072	24	25	Frontal Medial Cortex	zstat	-0.21153118302145682	-0.9901702805539487
11072	25	26	Juxtapositional Lobule Cortex (formerly Supplementary Motor Cortex)	zstat	0.5103776696282817	1.3484353005116794
11072	26	27	Subcallosal Cortex	zstat	-0.5802675715181976	-0.5684723907114508
11072	27	28	Paracingulate Gyrus	zstat	-0.9677444955694988	-0.5197536829141397
11072	28	29	Cingulate Gyrus, anterior division	zstat	-0.5512839919271864	-0.33866595626163176
11072	29	30	Cingulate Gyrus, posterior division	zstat	-0.46159383092907125	-0.5458007126255268
11072	30	31	Precuneous Cortex	zstat	-0.40383362436071596	-0.3018708872138774
11072	31	32	Cuneal Cortex	zstat	-0.8060811619655572	0.21596969443027106
11072	32	33	Frontal Orbital Cortex	zstat	-0.30231057392508764	-0.32966055363965824
11072	33	34	Parahippocampal Gyrus, anterior division	zstat	-0.11762103256491317	0.09877931039262819
11072	34	35	Parahippocampal Gyrus, posterior division	zstat	-0.07482908000985056	0.2594829322910815
11072	35	36	Lingual Gyrus	zstat	-0.22859891798112283	0.14305805915800254
11072	36	37	Temporal Fusiform Cortex, anterior division	zstat	0.8671938855570893	-0.25174160705918963
11072	37	38	Temporal Fusiform Cortex, posterior division	zstat	0.2160696961328695	0.19656677497711142
11072	38	39	Temporal Occipital Fusiform Cortex	zstat	0.9808099743561519	0.46059266871593346
11072	39	40	Occipital Fusiform Gyrus	zstat	1.0526573610008232	0.3776546264275914
11072	40	41	Frontal Operculum Cortex	zstat	-0.26434698964257825	0.889859234272432
11072	41	42	Central Opercular Cortex	zstat	0.845838503035733	1.2127128541065875
11072	42	43	Parietal Operculum Cortex	zstat	0.9141738156074195	0.7765066373199792
11072	43	44	Planum Polare	zstat	0.40708189847957316	0.3428274254289719
11072	44	45	Heschl's Gyrus (includes H1 and H2)	zstat	0.024004719339199537	0.5750576686242828
11072	45	46	Planum Temporale	zstat	0.7349228194928947	1.1322565147384918
11072	46	47	Supracalcarine Cortex	zstat	-1.2152990413869316	-0.06253656074887716
11072	47	48	Occipital Pole	zstat	1.154658933218276	0.05728631272518416
11074	0	1	Frontal Pole	zstat	0.8331228413239515	0.20128303122451682
11074	1	2	Insular Cortex	zstat	0.06581026549593233	0.6114776859594117
11074	2	3	Superior Frontal Gyrus	zstat	1.0866031924085748	0.0075521468647217725
11074	3	4	Middle Frontal Gyrus	zstat	0.9153858800049982	-0.21884573731664342
11074	4	5	Inferior Frontal Gyrus, pars triangularis	zstat	0.3120889364618385	-0.6783980936460291
11074	5	6	Inferior Frontal Gyrus, pars opercularis	zstat	0.4824760460249775	-0.3958271801901019
11074	6	7	Precentral Gyrus	zstat	0.8217371773464004	0.6499176705030296
11074	7	8	Temporal Pole	zstat	-0.0822025180037526	0.15596444172970325
11074	8	9	Superior Temporal Gyrus, anterior division	zstat	0.3742230271225055	0.5505394117644009
11074	9	10	Superior Temporal Gyrus, posterior division	zstat	-0.11429711863097686	0.6685193712058078
11074	10	11	Middle Temporal Gyrus, anterior division	zstat	0.7545240654262589	0.009312160528584648
11074	11	12	Middle Temporal Gyrus, posterior division	zstat	0.20352449451422266	-0.23750851590276315
11074	12	13	Middle Temporal Gyrus, temporooccipital part	zstat	1.0898050576721625	-0.3673279184266474
11074	13	14	Inferior Temporal Gyrus, anterior division	zstat	-0.2973217419458873	-0.00967534275494031
11074	14	15	Inferior Temporal Gyrus, posterior division	zstat	0.3224334542122267	0.10208386224214433
11074	15	16	Inferior Temporal Gyrus, temporooccipital part	zstat	-0.09771526316866068	0.21912441234990046
11074	16	17	Postcentral Gyrus	zstat	0.6002126610876345	1.160769674568032
11074	17	18	Superior Parietal Lobule	zstat	1.7155572020740852	-0.26962089672283784
11074	18	19	Supramarginal Gyrus, anterior division	zstat	1.0046990169371754	0.41857538384501825
11074	19	20	Supramarginal Gyrus, posterior division	zstat	0.8445004262497359	-0.6432346495239472
11074	20	21	Angular Gyrus	zstat	0.4137760844965983	-0.5584761025871594
11074	21	22	Lateral Occipital Cortex, superior division	zstat	1.2935137639851964	-0.7395158610162306
11074	22	23	Lateral Occipital Cortex, inferior division	zstat	1.3398019501980312	-0.005113098720305166
11074	23	24	Intracalcarine Cortex	zstat	0.5127527303060567	-0.18106508728412093
11074	24	25	Frontal Medial Cortex	zstat	0.7882011484945893	0.001426362349975405
11074	25	26	Juxtapositional Lobule Cortex (formerly Supplementary Motor Cortex)	zstat	1.5571654602205633	1.1474366857531808
11074	26	27	Subcallosal Cortex	zstat	0.44532324281082347	0.08766191868590585
11074	27	28	Paracingulate Gyrus	zstat	1.7561876699499066	0.19679535173061202
11074	28	29	Cingulate Gyrus, anterior division	zstat	1.2284290196672003	0.411969393488292
11074	29	30	Cingulate Gyrus, posterior division	zstat	1.319361275893636	-0.35823387011406677
11074	30	31	Precuneous Cortex	zstat	1.1236990306945538	-0.3414838344140396
11074	31	32	Cuneal Cortex	zstat	0.3790630952856749	-0.46198796099588735
11074	32	33	Frontal Orbital Cortex	zstat	0.5304083921375268	-0.36002347969711024
11074	33	34	Parahippocampal Gyrus, anterior division	zstat	0.22938003131127668	0.24275868011827054
11074	34	35	Parahippocampal Gyrus, posterior division	zstat	0.30950249189616375	-0.09394276697750924
11074	35	36	Lingual Gyrus	zstat	0.8103985789982764	0.1624453750490833
11074	36	37	Temporal Fusiform Cortex, anterior division	zstat	0.20118462975988996	0.4391469524922312
11074	37	38	Temporal Fusiform Cortex, posterior division	zstat	0.07794154244937672	0.09275505798123457
11074	38	39	Temporal Occipital Fusiform Cortex	zstat	0.8442867693150665	0.12319130086052445
11074	39	40	Occipital Fusiform Gyrus	zstat	1.66270805182881	0.7401699132221218
11074	40	41	Frontal Operculum Cortex	zstat	0.23360167919587688	0.4685437134486631
11074	41	42	Central Opercular Cortex	zstat	-0.21327978238508466	1.0920962146353632
11074	42	43	Parietal Operculum Cortex	zstat	0.5272558124036869	0.7579742951042653
11074	43	44	Planum Polare	zstat	-0.3516592066237376	0.7458995823528021
11074	44	45	Heschl's Gyrus (includes H1 and H2)	zstat	0.2016614750360272	1.2612265403197933
11074	45	46	Planum Temporale	zstat	0.14131941212924234	1.4159420342042712
11074	46	47	Supracalcarine Cortex	zstat	0.5067335989306423	-0.8069113292037806
11074	47	48	Occipital Pole	zstat	1.3345525507407212	-0.1420678166338555
11113	0	1	Frontal Pole	zstat	0.34107248869984746	0.03633918917894789
11113	1	2	Insular Cortex	zstat	-0.4414652931717996	0.5409143710574642
11113	2	3	Superior Frontal Gyrus	zstat	0.36668156143316755	-0.20143381554340775
11113	3	4	Middle Frontal Gyrus	zstat	-0.06943325852578291	-0.2850156215002019
11113	4	5	Inferior Frontal Gyrus, pars triangularis	zstat	-0.5532253310925417	-0.9528485542059654
11113	5	6	Inferior Frontal Gyrus, pars opercularis	zstat	-0.7636397601621135	-0.7338625729273568
11113	6	7	Precentral Gyrus	zstat	-0.42596523646245443	0.33618376977972486
11113	7	8	Temporal Pole	zstat	-0.37685812009652153	0.4656488677780629
11113	8	9	Superior Temporal Gyrus, anterior division	zstat	-0.15147090630116275	0.1366929407709111
11113	9	10	Superior Temporal Gyrus, posterior division	zstat	-0.6159881355774637	0.4097318476323581
11113	10	11	Middle Temporal Gyrus, anterior division	zstat	-0.25652768514744606	-0.5406123368875749
11113	11	12	Middle Temporal Gyrus, posterior division	zstat	-0.807887426836567	-0.36437290539829753
11113	12	13	Middle Temporal Gyrus, temporooccipital part	zstat	-0.18900061389861308	-0.2401226176329449
11113	13	14	Inferior Temporal Gyrus, anterior division	zstat	-0.23912794846688679	-0.20274416072922347
11113	14	15	Inferior Temporal Gyrus, posterior division	zstat	0.25292305521483216	0.17894663262550622
11113	15	16	Inferior Temporal Gyrus, temporooccipital part	zstat	0.7061817227665564	0.7443899437728678
11113	16	17	Postcentral Gyrus	zstat	0.3309958537819836	0.6182929922172637
11113	17	18	Superior Parietal Lobule	zstat	-0.5892787287518959	-0.8011465340511207
11113	18	19	Supramarginal Gyrus, anterior division	zstat	-0.16663162504383192	-0.3935234122820677
11113	19	20	Supramarginal Gyrus, posterior division	zstat	-1.141620822022024	-0.6438486228459427
11113	20	21	Angular Gyrus	zstat	-0.011318230485863603	-0.03053265547930608
11113	21	22	Lateral Occipital Cortex, superior division	zstat	0.3850464726773951	0.014394109691890259
11113	22	23	Lateral Occipital Cortex, inferior division	zstat	0.13207462800151457	0.47304452776560946
11113	23	24	Intracalcarine Cortex	zstat	-1.3374280673433603	0.6843682566647696
11113	24	25	Frontal Medial Cortex	zstat	1.4332386579641954	0.9502776698855409
11113	25	26	Juxtapositional Lobule Cortex (formerly Supplementary Motor Cortex)	zstat	0.1747575005849924	0.3864396196589754
11113	26	27	Subcallosal Cortex	zstat	0.5310589902192497	1.2333706178935244
11113	27	28	Paracingulate Gyrus	zstat	-0.1501227223050896	0.10817712483607768
11113	28	29	Cingulate Gyrus, anterior division	zstat	-0.29423580325823484	0.5207999472855837
11113	29	30	Cingulate Gyrus, posterior division	zstat	0.8141005952201916	0.801890530629599
11113	30	31	Precuneous Cortex	zstat	-0.04489508089824524	0.14888591439419616
11113	31	32	Cuneal Cortex	zstat	-1.1161364541810312	0.26040887427382053
11113	32	33	Frontal Orbital Cortex	zstat	0.01770077352739127	0.23977300014033529
11113	33	34	Parahippocampal Gyrus, anterior division	zstat	0.4745341376731156	0.6877780976495087
11113	34	35	Parahippocampal Gyrus, posterior division	zstat	1.299816687081343	1.0262479387241292
11113	35	36	Lingual Gyrus	zstat	-0.2398631924559713	1.0303284938918496
11113	36	37	Temporal Fusiform Cortex, anterior division	zstat	0.011323275546549905	-0.008271161787185474
11113	37	38	Temporal Fusiform Cortex, posterior division	zstat	0.2335442854215755	0.3632200203229643
11113	38	39	Temporal Occipital Fusiform Cortex	zstat	0.20307111882126366	0.360034413723085
11113	39	40	Occipital Fusiform Gyrus	zstat	-0.0670927765826413	0.7494534353675949
11113	40	41	Frontal Operculum Cortex	zstat	-0.7715183948357432	-0.7505511932462422
11113	41	42	Central Opercular Cortex	zstat	0.29005425693767684	1.1172682303753327
11113	42	43	Parietal Operculum Cortex	zstat	0.15723074445628613	0.8900371637209531
11113	43	44	Planum Polare	zstat	0.29268269846215844	0.7924030935120185
11113	44	45	Heschl's Gyrus (includes H1 and H2)	zstat	0.7451108545097115	1.3104446114809145
11113	45	46	Planum Temporale	zstat	0.7374082341715383	1.1607463466380195
11113	46	47	Supracalcarine Cortex	zstat	-1.4339484401205753	0.39101006930812876
11113	47	48	Occipital Pole	zstat	0.43811491713506184	1.4258791192044526
11139	0	1	Frontal Pole	zstat	-0.010886612371114046	0.2906970539887769
11139	1	2	Insular Cortex	zstat	0.27703438179259005	-0.30678288258709246
11139	2	3	Superior Frontal Gyrus	zstat	0.6744695000323416	0.3081381073784356
11139	3	4	Middle Frontal Gyrus	zstat	-0.1542922678669682	0.58377821073554
11139	4	5	Inferior Frontal Gyrus, pars triangularis	zstat	-0.2968246783984295	0.4748489691591779
11139	5	6	Inferior Frontal Gyrus, pars opercularis	zstat	-0.41024576544633556	0.7376350888573014
11139	6	7	Precentral Gyrus	zstat	-0.4029953996757669	-0.38595208840925627
11139	7	8	Temporal Pole	zstat	0.240647618437995	-0.5420018009832782
11139	8	9	Superior Temporal Gyrus, anterior division	zstat	0.46788909253783717	-0.06823241795675877
11139	9	10	Superior Temporal Gyrus, posterior division	zstat	0.1347273984143825	-0.07618120475048532
11139	10	11	Middle Temporal Gyrus, anterior division	zstat	0.5991766510503506	0.5180767514935778
11139	11	12	Middle Temporal Gyrus, posterior division	zstat	0.26838299188371323	0.45926816789780767
11139	12	13	Middle Temporal Gyrus, temporooccipital part	zstat	0.18168632400288096	0.6712411590354637
11139	13	14	Inferior Temporal Gyrus, anterior division	zstat	-0.16954120284651775	-0.5565495417844615
11139	14	15	Inferior Temporal Gyrus, posterior division	zstat	0.32070982347677734	0.3787047391521957
11139	15	16	Inferior Temporal Gyrus, temporooccipital part	zstat	0.4780422991220735	1.1636885540890456
11139	16	17	Postcentral Gyrus	zstat	-0.22013712102916147	-1.0251885042432696
11139	17	18	Superior Parietal Lobule	zstat	-0.33858588596166106	0.5570116956006941
11139	18	19	Supramarginal Gyrus, anterior division	zstat	-0.07592106492439699	0.4162871410085009
11139	19	20	Supramarginal Gyrus, posterior division	zstat	0.07121853417641408	0.9118457436397974
11139	20	21	Angular Gyrus	zstat	-0.4648678889590449	0.02934400641464576
11139	21	22	Lateral Occipital Cortex, superior division	zstat	0.06231191524876094	0.5106438365432077
11139	22	23	Lateral Occipital Cortex, inferior division	zstat	0.2151669904183826	0.5723697414379078
11139	23	24	Intracalcarine Cortex	zstat	0.21572982511009317	-1.7635298750476478
11139	24	25	Frontal Medial Cortex	zstat	0.7181869317258952	0.45642114895666747
11139	25	26	Juxtapositional Lobule Cortex (formerly Supplementary Motor Cortex)	zstat	-0.3173030176832391	0.13487410010467912
11139	26	27	Subcallosal Cortex	zstat	-0.1734284182974639	0.004151062587222371
11139	27	28	Paracingulate Gyrus	zstat	-0.09539437906554557	0.4384999373667127
11139	28	29	Cingulate Gyrus, anterior division	zstat	-0.4021882716254568	0.4136041717586877
11139	29	30	Cingulate Gyrus, posterior division	zstat	-0.4146981167487933	0.42984466373973657
11139	30	31	Precuneous Cortex	zstat	-0.2560058638298846	-0.35198023939782913
11139	31	32	Cuneal Cortex	zstat	1.116287775094024	-0.7462272797494367
11139	32	33	Frontal Orbital Cortex	zstat	-0.03944087014849902	0.007482994674542934
11139	33	34	Parahippocampal Gyrus, anterior division	zstat	-0.23288931209795935	-0.1555165609270664
11139	34	35	Parahippocampal Gyrus, posterior division	zstat	0.47964837568249763	0.3622892827955338
11139	35	36	Lingual Gyrus	zstat	0.5362478597281386	-0.6849935527408292
11139	36	37	Temporal Fusiform Cortex, anterior division	zstat	-0.17397253423374384	-1.2040894441042387
11139	37	38	Temporal Fusiform Cortex, posterior division	zstat	-0.015457571601164935	-0.026881962134975703
11139	38	39	Temporal Occipital Fusiform Cortex	zstat	-0.7603485501319959	0.07949479052436556
11139	39	40	Occipital Fusiform Gyrus	zstat	-0.33655049368761913	0.20587829878946784
11139	40	41	Frontal Operculum Cortex	zstat	-0.7515012090477873	0.0979528715520972
11139	41	42	Central Opercular Cortex	zstat	0.30884481900555283	-0.5474121479784915
11139	42	43	Parietal Operculum Cortex	zstat	0.6295368845331091	0.05625905359499535
11139	43	44	Planum Polare	zstat	0.9203009783958603	-0.1471720825390222
11139	44	45	Heschl's Gyrus (includes H1 and H2)	zstat	0.055210950572797755	-0.8234004564669137
11139	45	46	Planum Temporale	zstat	0.2426092187665052	-0.2737755280060931
11139	46	47	Supracalcarine Cortex	zstat	0.8704228066502416	-1.605969800950682
11139	47	48	Occipital Pole	zstat	0.06314748907091157	-0.1285949579062955
11227	0	1	Frontal Pole	zstat	0.35437869220784146	-0.5710877899984819
11227	1	2	Insular Cortex	zstat	0.1073741931016483	0.9301201541923353
11227	2	3	Superior Frontal Gyrus	zstat	0.42633463559013524	-1.167598870852941
11227	3	4	Middle Frontal Gyrus	zstat	0.18352259833161935	-0.584905163766131
11227	4	5	Inferior Frontal Gyrus, pars triangularis	zstat	0.0433730312521896	-1.1217187961580557
11227	5	6	Inferior Frontal Gyrus, pars opercularis	zstat	-0.030869184395767486	0.7174430955452394
11227	6	7	Precentral Gyrus	zstat	0.31256408546416165	0.21947745650483896
11227	7	8	Temporal Pole	zstat	-0.3137661451725225	-0.9707938822733773
11227	8	9	Superior Temporal Gyrus, anterior division	zstat	-0.3216352481918875	-0.42351668130797454
11227	9	10	Superior Temporal Gyrus, posterior division	zstat	-0.641989173012326	-0.7587117342517995
11227	10	11	Middle Temporal Gyrus, anterior division	zstat	-0.091653300732819	-1.6586949035525322
11227	11	12	Middle Temporal Gyrus, posterior division	zstat	0.16184520202629574	-1.2033951140994485
11227	12	13	Middle Temporal Gyrus, temporooccipital part	zstat	-0.17689664820197937	-1.0733116854590228
11227	13	14	Inferior Temporal Gyrus, anterior division	zstat	-0.5027477306881424	-1.1290409210518266
11227	14	15	Inferior Temporal Gyrus, posterior division	zstat	-0.3087172418673837	-0.6702322218703424
11227	15	16	Inferior Temporal Gyrus, temporooccipital part	zstat	0.1277734477901762	-0.9834170194455455
11227	16	17	Postcentral Gyrus	zstat	0.43594834710780084	0.4382395416599415
11227	17	18	Superior Parietal Lobule	zstat	-0.1780480015244527	-0.19781772937170986
11227	18	19	Supramarginal Gyrus, anterior division	zstat	0.691737949319671	1.150985040787297
11227	19	20	Supramarginal Gyrus, posterior division	zstat	-0.3718664062800943	-0.11019018495681922
11227	20	21	Angular Gyrus	zstat	-0.2754186375170348	-0.6220620574531495
11227	21	22	Lateral Occipital Cortex, superior division	zstat	0.39834927931418174	-0.5316140627717373
11227	22	23	Lateral Occipital Cortex, inferior division	zstat	0.9011017333824437	-0.3688564055350457
11227	23	24	Intracalcarine Cortex	zstat	0.5277924026072239	1.37270202744908
11227	24	25	Frontal Medial Cortex	zstat	-0.00845674969336837	-0.8165760773047475
11227	25	26	Juxtapositional Lobule Cortex (formerly Supplementary Motor Cortex)	zstat	0.5160935184379727	2.397802873753716
11227	26	27	Subcallosal Cortex	zstat	0.30682206687947305	-0.7180485960042391
11227	27	28	Paracingulate Gyrus	zstat	0.8320961183133291	-0.09441389577805136
11227	28	29	Cingulate Gyrus, anterior division	zstat	0.5934431365287495	0.6415362762768458
11227	29	30	Cingulate Gyrus, posterior division	zstat	0.7141916842242603	-0.546709975419566
11227	30	31	Precuneous Cortex	zstat	0.9940050886784569	0.014534665541202514
11227	31	32	Cuneal Cortex	zstat	0.24759011881858597	0.7003662436049299
11227	32	33	Frontal Orbital Cortex	zstat	-0.14271586876625128	-0.39159504663523687
11227	33	34	Parahippocampal Gyrus, anterior division	zstat	-0.3836039150879611	-0.6864829649690299
11227	34	35	Parahippocampal Gyrus, posterior division	zstat	0.7626150362826181	-0.10051089450058018
11227	35	36	Lingual Gyrus	zstat	0.29130406626585026	0.5410880583393584
11227	36	37	Temporal Fusiform Cortex, anterior division	zstat	0.6470319477982442	-0.9383086960577796
11227	37	38	Temporal Fusiform Cortex, posterior division	zstat	0.027629304858383028	-0.4932855454893869
11227	38	39	Temporal Occipital Fusiform Cortex	zstat	0.40546797390751016	-0.48662771647151853
11227	39	40	Occipital Fusiform Gyrus	zstat	1.0859864861708735	-1.0881313722223238
11227	40	41	Frontal Operculum Cortex	zstat	-0.4082821030247988	1.0105377814640533
11227	41	42	Central Opercular Cortex	zstat	0.5803809209128971	1.47010742761659
11227	42	43	Parietal Operculum Cortex	zstat	1.0876495378052928	2.0727166902624914
11227	43	44	Planum Polare	zstat	0.3127530281296896	0.6874217879016464
11227	44	45	Heschl's Gyrus (includes H1 and H2)	zstat	1.405430143319225	0.7833256671260956
11227	45	46	Planum Temporale	zstat	1.6085661994525517	0.5019705663499657
11227	46	47	Supracalcarine Cortex	zstat	0.7968723229033515	1.5016771612015176
11227	47	48	Occipital Pole	zstat	0.7349009285133256	-0.4936101521612172
11238	0	1	Frontal Pole	zstat	0.29371271706020424	-0.8893840517886255
11238	1	2	Insular Cortex	zstat	0.3048125070982067	0.4529410014426399
11238	2	3	Superior Frontal Gyrus	zstat	0.6331966130876936	-1.064881711016132
11238	3	4	Middle Frontal Gyrus	zstat	0.7978327716913952	-1.0923602577737361
11238	4	5	Inferior Frontal Gyrus, pars triangularis	zstat	0.8752666192974067	-0.38295556552955934
11238	5	6	Inferior Frontal Gyrus, pars opercularis	zstat	0.876651896075536	-0.7102567950838339
11238	6	7	Precentral Gyrus	zstat	0.15904580389184184	0.24030857110477746
11238	7	8	Temporal Pole	zstat	0.06190001912960492	-0.2124713347833127
11238	8	9	Superior Temporal Gyrus, anterior division	zstat	0.268427015401614	0.8146202147084599
11238	9	10	Superior Temporal Gyrus, posterior division	zstat	0.1949222242511059	0.11080966936121997
11238	10	11	Middle Temporal Gyrus, anterior division	zstat	-0.565167005465769	-0.30539062954763424
11238	11	12	Middle Temporal Gyrus, posterior division	zstat	0.16690092780634214	-0.4426331908419993
11238	12	13	Middle Temporal Gyrus, temporooccipital part	zstat	0.46989594934318607	0.2891165418281352
11238	13	14	Inferior Temporal Gyrus, anterior division	zstat	-0.051730781961673286	-1.306880495009514
11238	14	15	Inferior Temporal Gyrus, posterior division	zstat	0.012165665017345924	-0.15579353733620133
11238	15	16	Inferior Temporal Gyrus, temporooccipital part	zstat	0.7084777754459551	-0.1498150950655647
11238	16	17	Postcentral Gyrus	zstat	-0.40319911784112816	0.08480634380588764
11238	17	18	Superior Parietal Lobule	zstat	0.7220812961532492	-0.587593832363685
11238	18	19	Supramarginal Gyrus, anterior division	zstat	-0.3116984792795308	1.392290161500353
11238	19	20	Supramarginal Gyrus, posterior division	zstat	0.23188975749826815	0.20112835040404084
11238	20	21	Angular Gyrus	zstat	0.39509534210496733	-1.651365932907441
11238	21	22	Lateral Occipital Cortex, superior division	zstat	0.4551571897125517	-0.41358030776999005
11238	22	23	Lateral Occipital Cortex, inferior division	zstat	0.032230302886956844	0.055156725731772646
11238	23	24	Intracalcarine Cortex	zstat	0.20737827135565245	0.6610400450428593
11238	24	25	Frontal Medial Cortex	zstat	-0.2258113412754544	-0.2553264841186345
11238	25	26	Juxtapositional Lobule Cortex (formerly Supplementary Motor Cortex)	zstat	-0.32962334017596534	0.637360388460267
11238	26	27	Subcallosal Cortex	zstat	-0.30555535366113945	0.010407407821800847
11238	27	28	Paracingulate Gyrus	zstat	0.40501914016396695	-0.24797032678137687
11238	28	29	Cingulate Gyrus, anterior division	zstat	0.037216728119331535	1.0456574351546035
11238	29	30	Cingulate Gyrus, posterior division	zstat	0.01947470590897969	0.2691283883364605
11238	30	31	Precuneous Cortex	zstat	0.07236298833481175	0.15901413559641547
11238	31	32	Cuneal Cortex	zstat	-0.2622868652943885	0.7062378001846931
11238	32	33	Frontal Orbital Cortex	zstat	0.2767389675970499	0.09335831082531452
11238	33	34	Parahippocampal Gyrus, anterior division	zstat	-0.15998824324769964	-0.292806737612731
11238	34	35	Parahippocampal Gyrus, posterior division	zstat	0.37637448271402635	0.6026702399154739
11238	35	36	Lingual Gyrus	zstat	0.18134154253422474	0.9699995041571309
11238	36	37	Temporal Fusiform Cortex, anterior division	zstat	-0.03173312027476305	-0.29927173189914635
11238	37	38	Temporal Fusiform Cortex, posterior division	zstat	-0.1256291819153283	-0.11917097976779094
11238	38	39	Temporal Occipital Fusiform Cortex	zstat	-0.3133896461748084	0.3497313419946387
11238	39	40	Occipital Fusiform Gyrus	zstat	0.913699931978456	-0.7331357628533571
11238	40	41	Frontal Operculum Cortex	zstat	-0.11604052070653488	0.7527595213027436
11238	41	42	Central Opercular Cortex	zstat	0.3734485640926587	0.43974658156275037
11238	42	43	Parietal Operculum Cortex	zstat	-0.07433770290460097	0.06649895812423787
11238	43	44	Planum Polare	zstat	0.8252762223217096	0.7231689625066876
11238	44	45	Heschl's Gyrus (includes H1 and H2)	zstat	0.7438817035714229	0.598769521382573
11238	45	46	Planum Temporale	zstat	0.2324463839492065	0.31917680288668865
11238	46	47	Supracalcarine Cortex	zstat	0.11259319061076546	0.712416398388512
11238	47	48	Occipital Pole	zstat	0.8495635426978976	-0.4761449557828137
11246	0	1	Frontal Pole	zstat	-0.7322147913678138	-0.11450491179801701
11246	1	2	Insular Cortex	zstat	-1.197299825935052	-0.5378706481371678
11246	2	3	Superior Frontal Gyrus	zstat	-1.059971445657984	-0.00037485264599725526
11246	3	4	Middle Frontal Gyrus	zstat	-0.5390495299988021	-0.09662474460524458
11246	4	5	Inferior Frontal Gyrus, pars triangularis	zstat	-1.415371243452115	-0.5685714732367869
11246	5	6	Inferior Frontal Gyrus, pars opercularis	zstat	-1.598433476284174	-1.1730556126064169
11246	6	7	Precentral Gyrus	zstat	-0.3470376416374277	-0.24187330827416179
11246	7	8	Temporal Pole	zstat	-0.7424708263880158	-0.5194038522759132
11246	8	9	Superior Temporal Gyrus, anterior division	zstat	-0.7633612520264413	-0.6022479003414702
11246	9	10	Superior Temporal Gyrus, posterior division	zstat	-0.8233347007182318	-0.4652408888841701
11246	10	11	Middle Temporal Gyrus, anterior division	zstat	-0.7279951607558265	-0.3163448961590653
11246	11	12	Middle Temporal Gyrus, posterior division	zstat	-0.8779960847242317	-0.4223282344067808
11246	12	13	Middle Temporal Gyrus, temporooccipital part	zstat	-0.8658296811202877	-0.6479655377394834
11246	13	14	Inferior Temporal Gyrus, anterior division	zstat	0.36731563933805383	0.40741858189131996
11246	14	15	Inferior Temporal Gyrus, posterior division	zstat	0.007404645665356696	-0.5671405175002808
11246	15	16	Inferior Temporal Gyrus, temporooccipital part	zstat	-0.6334786661104569	-0.5997084935778689
11246	16	17	Postcentral Gyrus	zstat	-0.2696528594098661	-0.18664315695945255
11246	17	18	Superior Parietal Lobule	zstat	-0.0452982330080024	-0.48920378127886077
11246	18	19	Supramarginal Gyrus, anterior division	zstat	-1.038352741591667	-0.9905742043883677
11246	19	20	Supramarginal Gyrus, posterior division	zstat	-1.3115731531383652	-0.6786769529572543
11246	20	21	Angular Gyrus	zstat	-1.2616939856266003	-0.14034495647815837
11246	21	22	Lateral Occipital Cortex, superior division	zstat	-0.8427327433197809	-0.5733353300402111
11246	22	23	Lateral Occipital Cortex, inferior division	zstat	-0.15664952043636007	-1.22994821543058
11246	23	24	Intracalcarine Cortex	zstat	-1.926386049233041	-1.2649795039570964
11246	24	25	Frontal Medial Cortex	zstat	-0.06838448822055779	0.3732997112682895
11246	25	26	Juxtapositional Lobule Cortex (formerly Supplementary Motor Cortex)	zstat	-0.8710595163928874	-0.23574853933813436
11246	26	27	Subcallosal Cortex	zstat	0.08099260868755384	-0.25913940674016395
11246	27	28	Paracingulate Gyrus	zstat	-1.2926544626159708	-0.021181034572188354
11246	28	29	Cingulate Gyrus, anterior division	zstat	-0.7082268423962548	-0.42934815184880637
11246	29	30	Cingulate Gyrus, posterior division	zstat	-1.0910885995707609	-0.3299807917823616
11246	30	31	Precuneous Cortex	zstat	-1.2430835734568182	-0.6204195141211322
11246	31	32	Cuneal Cortex	zstat	-2.104666002840217	-1.3314556322450815
11246	32	33	Frontal Orbital Cortex	zstat	-0.9182916457139745	-0.2501127639981873
11246	33	34	Parahippocampal Gyrus, anterior division	zstat	0.2185754219777841	-0.674963710495823
11246	34	35	Parahippocampal Gyrus, posterior division	zstat	-0.03106324551802761	-0.6215554309262068
11246	35	36	Lingual Gyrus	zstat	-0.7229261254850159	-0.7683884454589442
11246	36	37	Temporal Fusiform Cortex, anterior division	zstat	0.5119912743746758	0.7095056280942885
11246	37	38	Temporal Fusiform Cortex, posterior division	zstat	0.26604942968451833	-0.40436320119956587
11246	38	39	Temporal Occipital Fusiform Cortex	zstat	0.4474033125563378	-1.0302766913040347
11246	39	40	Occipital Fusiform Gyrus	zstat	0.26834031691752386	-1.2345243089694233
11246	40	41	Frontal Operculum Cortex	zstat	-1.912944074094045	-1.2662442067731954
11246	41	42	Central Opercular Cortex	zstat	-0.6636381698606735	-0.8641537528470038
11246	42	43	Parietal Operculum Cortex	zstat	-1.0746400644163587	-1.611371383895899
11246	43	44	Planum Polare	zstat	-0.6503071210254695	-0.27047921182545087
11246	44	45	Heschl's Gyrus (includes H1 and H2)	zstat	-1.1257451173381596	-1.2804321535972423
11246	45	46	Planum Temporale	zstat	-0.816214503953314	-1.2359852428384217
11246	46	47	Supracalcarine Cortex	zstat	-2.2590468348340784	-1.6584193724742595
11246	47	48	Occipital Pole	zstat	0.18516557151408347	-1.2602300276413612
11286	0	1	Frontal Pole	zstat	-0.14990835334111793	-0.08805564578393528
11286	1	2	Insular Cortex	zstat	0.06131019086775477	0.25195946897174953
11286	2	3	Superior Frontal Gyrus	zstat	0.09270406984227345	0.03931621657349739
11286	3	4	Middle Frontal Gyrus	zstat	-0.35676948109073187	0.28608008531986884
11286	4	5	Inferior Frontal Gyrus, pars triangularis	zstat	-0.07470829390820304	0.07149977090986394
11286	5	6	Inferior Frontal Gyrus, pars opercularis	zstat	-1.059549764358719	0.20284873977425547
11286	6	7	Precentral Gyrus	zstat	0.08695890836674876	0.6869200020056441
11286	7	8	Temporal Pole	zstat	-0.4710819131954677	0.16652754698491234
11286	8	9	Superior Temporal Gyrus, anterior division	zstat	0.10064104597251385	0.33911735452890684
11286	9	10	Superior Temporal Gyrus, posterior division	zstat	-0.37643841464452704	0.045645569224370186
11286	10	11	Middle Temporal Gyrus, anterior division	zstat	-0.033352971431597676	0.13280285204736406
11286	11	12	Middle Temporal Gyrus, posterior division	zstat	-0.7191447708928284	-0.13154933970405333
11286	12	13	Middle Temporal Gyrus, temporooccipital part	zstat	-0.3630095262495491	0.32285993561363857
11286	13	14	Inferior Temporal Gyrus, anterior division	zstat	-0.22303239682402748	0.07546567310132747
11286	14	15	Inferior Temporal Gyrus, posterior division	zstat	0.13269948454712108	0.2656366803446896
11286	15	16	Inferior Temporal Gyrus, temporooccipital part	zstat	-0.08075305645626886	0.12091724117114487
11286	16	17	Postcentral Gyrus	zstat	0.3835749552778282	0.49489833538883626
11286	17	18	Superior Parietal Lobule	zstat	0.1584486142314208	0.38686123254420657
11286	18	19	Supramarginal Gyrus, anterior division	zstat	-0.2630949918598937	0.2351147520118738
11286	19	20	Supramarginal Gyrus, posterior division	zstat	-0.6329001778994712	0.1884451051274113
11286	20	21	Angular Gyrus	zstat	-0.7401208841855883	-0.5529726850560885
11286	21	22	Lateral Occipital Cortex, superior division	zstat	0.6531667957885348	0.7692836939580415
11286	22	23	Lateral Occipital Cortex, inferior division	zstat	0.8256216561542582	1.1090258698425914
11286	23	24	Intracalcarine Cortex	zstat	-0.4193797770449131	0.7497347726338046
11286	24	25	Frontal Medial Cortex	zstat	0.6972097168405745	-0.25360533171903066
11286	25	26	Juxtapositional Lobule Cortex (formerly Supplementary Motor Cortex)	zstat	0.10132551711069175	0.8946056872747569
11286	26	27	Subcallosal Cortex	zstat	-0.13467873432292926	0.3476982284965253
11286	27	28	Paracingulate Gyrus	zstat	-0.008278614079773332	0.28272536233542794
11286	28	29	Cingulate Gyrus, anterior division	zstat	0.19338333307924754	0.40010182722403825
11286	29	30	Cingulate Gyrus, posterior division	zstat	-0.6994741281444606	0.22093157758477278
11286	30	31	Precuneous Cortex	zstat	-0.13422556625563561	0.07314728589271396
11286	31	32	Cuneal Cortex	zstat	0.30127586677777907	0.14698944223359095
11286	32	33	Frontal Orbital Cortex	zstat	-0.2956964100321347	0.06726254925788974
11286	33	34	Parahippocampal Gyrus, anterior division	zstat	-0.014813488550984868	0.09466084631302073
11286	34	35	Parahippocampal Gyrus, posterior division	zstat	1.000054150777825	0.45776539496761165
11286	35	36	Lingual Gyrus	zstat	0.047459853272015504	0.4948823076109157
11286	36	37	Temporal Fusiform Cortex, anterior division	zstat	-0.2018710618098894	0.09182720686844055
11286	37	38	Temporal Fusiform Cortex, posterior division	zstat	0.2404435108393341	0.3498661479433412
11286	38	39	Temporal Occipital Fusiform Cortex	zstat	1.5794818200727598	0.8167317784918686
11286	39	40	Occipital Fusiform Gyrus	zstat	1.297448109754928	1.156944623224552
11286	40	41	Frontal Operculum Cortex	zstat	-0.5542720640939074	0.4484185286828888
11286	41	42	Central Opercular Cortex	zstat	0.10237397975826026	0.715554917922098
11286	42	43	Parietal Operculum Cortex	zstat	0.4301632139406304	0.6963156568522324
11286	43	44	Planum Polare	zstat	0.27682339178064114	0.48551366485802827
11286	44	45	Heschl's Gyrus (includes H1 and H2)	zstat	0.5155740588836905	-0.17355995607875666
11286	45	46	Planum Temporale	zstat	0.8101405176602386	0.30226284675712894
11286	46	47	Supracalcarine Cortex	zstat	0.10918191812456922	0.6113275138146066
11286	47	48	Occipital Pole	zstat	-0.1378044154377186	1.0067674193738911
11301	0	1	Frontal Pole	zstat	0.7270463751986304	-0.15654343951929378
11301	1	2	Insular Cortex	zstat	0.6966645901076964	-0.25857433782292616
11301	2	3	Superior Frontal Gyrus	zstat	0.005046948055205228	0.46964918892545476
11301	3	4	Middle Frontal Gyrus	zstat	0.041627958902548286	0.1646704177569978
11301	4	5	Inferior Frontal Gyrus, pars triangularis	zstat	0.5622669001977139	0.16787716522577878
11301	5	6	Inferior Frontal Gyrus, pars opercularis	zstat	0.006181774324249324	0.7109257764144901
11301	6	7	Precentral Gyrus	zstat	0.38046902067713395	0.6605978082996117
11301	7	8	Temporal Pole	zstat	-0.026662390442636408	-0.09406076686692699
11301	8	9	Superior Temporal Gyrus, anterior division	zstat	0.28131364478299825	-0.06968421676220038
11301	9	10	Superior Temporal Gyrus, posterior division	zstat	0.5490445481286711	0.3436964401437042
11301	10	11	Middle Temporal Gyrus, anterior division	zstat	0.127909156726152	-0.08490276464275015
11301	11	12	Middle Temporal Gyrus, posterior division	zstat	0.2687121297834094	0.05105312772358864
11301	12	13	Middle Temporal Gyrus, temporooccipital part	zstat	0.6248105815315537	-0.17955654526285975
11301	13	14	Inferior Temporal Gyrus, anterior division	zstat	0.3958790596442286	0.18512252825670517
11301	14	15	Inferior Temporal Gyrus, posterior division	zstat	0.1289706473110219	0.218246612667413
11301	15	16	Inferior Temporal Gyrus, temporooccipital part	zstat	1.1481223492709391	-0.5719317254860565
11301	16	17	Postcentral Gyrus	zstat	-0.022742875684052706	1.0644219804573398
11301	17	18	Superior Parietal Lobule	zstat	0.5769891548111028	0.5113417730639809
11301	18	19	Supramarginal Gyrus, anterior division	zstat	0.5357503720629244	-0.193034133118905
11301	19	20	Supramarginal Gyrus, posterior division	zstat	0.6815372007327922	-0.2673968470063866
11301	20	21	Angular Gyrus	zstat	0.22053470886486753	-0.1826662684351721
11301	21	22	Lateral Occipital Cortex, superior division	zstat	1.4302205923966878	-0.2422642368085286
11301	22	23	Lateral Occipital Cortex, inferior division	zstat	1.1679480528139528	-0.42931186897568413
11301	23	24	Intracalcarine Cortex	zstat	1.4259240958216357	-0.8205523445374687
11301	24	25	Frontal Medial Cortex	zstat	-0.667743066295235	-0.5445120971953721
11301	25	26	Juxtapositional Lobule Cortex (formerly Supplementary Motor Cortex)	zstat	-0.024810231274042617	0.40783528819195675
11301	26	27	Subcallosal Cortex	zstat	-0.07375204977579415	-0.8743654565249857
11301	27	28	Paracingulate Gyrus	zstat	1.3081108955395484	-0.28194267821743463
11301	28	29	Cingulate Gyrus, anterior division	zstat	1.3647678681032414	-0.25233393587133557
11301	29	30	Cingulate Gyrus, posterior division	zstat	1.7245712480481181	0.12414605134885226
11301	30	31	Precuneous Cortex	zstat	1.7623395740972396	0.06512271331160936
11301	31	32	Cuneal Cortex	zstat	1.8636776476999344	-0.7425239301165835
11301	32	33	Frontal Orbital Cortex	zstat	-0.014559060815506996	-0.45913500174864535
11301	33	34	Parahippocampal Gyrus, anterior division	zstat	0.3447841445248846	0.37908805291896247
11301	34	35	Parahippocampal Gyrus, posterior division	zstat	1.2525873764804651	-0.23783029862591681
11301	35	36	Lingual Gyrus	zstat	0.884964120832106	-0.6869492857869685
11301	36	37	Temporal Fusiform Cortex, anterior division	zstat	0.44430097281695047	-0.23816322110897153
11301	37	38	Temporal Fusiform Cortex, posterior division	zstat	0.3586863783563258	0.2712544604347259
11301	38	39	Temporal Occipital Fusiform Cortex	zstat	1.1050119267757241	-0.255215118236191
11301	39	40	Occipital Fusiform Gyrus	zstat	1.8271344640500138	-0.2558981610803127
11301	40	41	Frontal Operculum Cortex	zstat	0.058933518551086556	0.05358628676656414
11301	41	42	Central Opercular Cortex	zstat	0.28770333997184233	0.48599795976949345
11301	42	43	Parietal Operculum Cortex	zstat	0.6604374511971678	0.1582512739579829
11301	43	44	Planum Polare	zstat	-0.3052764581876295	-0.06209581341054148
11301	44	45	Heschl's Gyrus (includes H1 and H2)	zstat	0.3606649023965688	-0.08249653210597378
11301	45	46	Planum Temporale	zstat	0.596123842617956	0.08074444066862115
11301	46	47	Supracalcarine Cortex	zstat	1.7935168698747108	-0.711564487693435
11301	47	48	Occipital Pole	zstat	1.3896432056485943	0.10400957602444526
11311	0	1	Frontal Pole	zstat	-0.008601905868171144	-0.47010593679949914
11311	1	2	Insular Cortex	zstat	0.6616443964061337	-0.5704627872007267
11311	2	3	Superior Frontal Gyrus	zstat	-0.29122436522519907	-0.6905986236762862
11311	3	4	Middle Frontal Gyrus	zstat	-0.6984310764584283	-0.921707593332167
11311	4	5	Inferior Frontal Gyrus, pars triangularis	zstat	-0.519321427787355	-0.9936632597861692
11311	5	6	Inferior Frontal Gyrus, pars opercularis	zstat	-0.27986436239805085	-1.1402485694032558
11311	6	7	Precentral Gyrus	zstat	0.056185896298834324	-0.44915034574306983
11311	7	8	Temporal Pole	zstat	-0.09729420605737643	-0.05143606271169441
11311	8	9	Superior Temporal Gyrus, anterior division	zstat	-0.3838051360136328	0.33407210655605946
11311	9	10	Superior Temporal Gyrus, posterior division	zstat	0.488471607550451	0.19665899959864555
11311	10	11	Middle Temporal Gyrus, anterior division	zstat	-0.1560832858280237	0.25334086255934923
11311	11	12	Middle Temporal Gyrus, posterior division	zstat	0.028765865745852985	0.2522883177255935
11311	12	13	Middle Temporal Gyrus, temporooccipital part	zstat	-0.6020742667614107	0.0662766471916702
11311	13	14	Inferior Temporal Gyrus, anterior division	zstat	-0.03487510604442224	0.3800368987977196
11311	14	15	Inferior Temporal Gyrus, posterior division	zstat	-0.47524783178293917	0.932640817800037
11311	15	16	Inferior Temporal Gyrus, temporooccipital part	zstat	-0.6806410711160832	0.8497531476809379
11311	16	17	Postcentral Gyrus	zstat	0.06005220764104034	-0.21802789366219455
11311	17	18	Superior Parietal Lobule	zstat	-0.8064478976588472	-0.13437706071106115
11311	18	19	Supramarginal Gyrus, anterior division	zstat	0.236829701492011	-0.03125202522863185
11311	19	20	Supramarginal Gyrus, posterior division	zstat	0.028309288748867994	0.29209931380732135
11311	20	21	Angular Gyrus	zstat	-0.17937052436534914	-0.18307153511775284
11311	21	22	Lateral Occipital Cortex, superior division	zstat	-0.7623131843929742	-0.015905051312722737
11311	22	23	Lateral Occipital Cortex, inferior division	zstat	0.21861267740541887	0.038689906393207706
11311	23	24	Intracalcarine Cortex	zstat	-0.132491844631043	1.3486493687482428
11311	24	25	Frontal Medial Cortex	zstat	0.30583017829810566	0.599163094840957
11311	25	26	Juxtapositional Lobule Cortex (formerly Supplementary Motor Cortex)	zstat	1.136937059779853	-1.153009895895249
11311	26	27	Subcallosal Cortex	zstat	0.2962126309840152	0.3614139820634871
11311	27	28	Paracingulate Gyrus	zstat	0.14162334669151744	-0.46972143594925614
11311	28	29	Cingulate Gyrus, anterior division	zstat	0.17284408640434623	0.6231340741403837
11311	29	30	Cingulate Gyrus, posterior division	zstat	-0.16573063740267285	0.6010563431636298
11311	30	31	Precuneous Cortex	zstat	-0.8412662271217691	0.3082589287330014
11311	31	32	Cuneal Cortex	zstat	0.05806059550242024	1.0086561876107545
11311	32	33	Frontal Orbital Cortex	zstat	0.1359149925130872	-0.14735192409929043
11311	33	34	Parahippocampal Gyrus, anterior division	zstat	-0.20472055709947642	0.2577917292640458
11311	34	35	Parahippocampal Gyrus, posterior division	zstat	-0.3194435486464568	0.3959941677011128
11311	35	36	Lingual Gyrus	zstat	-0.41583577178907394	0.8990027755869135
11311	36	37	Temporal Fusiform Cortex, anterior division	zstat	0.3550810633848111	-0.17038282161538906
11311	37	38	Temporal Fusiform Cortex, posterior division	zstat	-0.21900410210175147	0.4963463177117431
11311	38	39	Temporal Occipital Fusiform Cortex	zstat	-0.4283172770714468	0.3250022298710691
11311	39	40	Occipital Fusiform Gyrus	zstat	0.29951369227052577	0.4057662768021727
11311	40	41	Frontal Operculum Cortex	zstat	0.5366834496292716	-0.9539415638546798
11311	41	42	Central Opercular Cortex	zstat	1.1717964659002542	-0.7353622721947861
11311	42	43	Parietal Operculum Cortex	zstat	1.4729636113873215	-0.29471970239864265
11311	43	44	Planum Polare	zstat	0.6811756513095709	-0.23066442619870553
11311	44	45	Heschl's Gyrus (includes H1 and H2)	zstat	0.6149259572161988	0.15228491756326867
11311	45	46	Planum Temporale	zstat	1.0454291008668242	0.6124400104956516
11311	46	47	Supracalcarine Cortex	zstat	0.06665133023040092	1.2173438934173355
11311	47	48	Occipital Pole	zstat	0.7126181344527347	0.6084280867750649
11316	0	1	Frontal Pole	zstat	-0.7553861617484491	-1.1777077661677504
11316	1	2	Insular Cortex	zstat	-0.36777041799031707	-0.4031120166178343
11316	2	3	Superior Frontal Gyrus	zstat	-1.5697214091998337	-1.3124271673743544
11316	3	4	Middle Frontal Gyrus	zstat	-0.6936251197192963	-1.0744945750168184
11316	4	5	Inferior Frontal Gyrus, pars triangularis	zstat	-1.2850738263778696	-0.37966889030940365
11316	5	6	Inferior Frontal Gyrus, pars opercularis	zstat	-1.653516076666175	-1.334604374583132
11316	6	7	Precentral Gyrus	zstat	-0.7174834876253311	-2.0310436147292674
11316	7	8	Temporal Pole	zstat	-0.9853951682860461	0.04116599682708431
11316	8	9	Superior Temporal Gyrus, anterior division	zstat	-0.5764208721044736	0.5537169545196379
11316	9	10	Superior Temporal Gyrus, posterior division	zstat	-0.898896885283825	-1.4692296204111817
11316	10	11	Middle Temporal Gyrus, anterior division	zstat	-1.390877886463318	0.8230155467149565
11316	11	12	Middle Temporal Gyrus, posterior division	zstat	-1.0748839623243236	-0.45928014025852276
11316	12	13	Middle Temporal Gyrus, temporooccipital part	zstat	-0.6552238307036254	-1.5541554419400665
11316	13	14	Inferior Temporal Gyrus, anterior division	zstat	-0.2799404290223704	1.4265180972498461
11316	14	15	Inferior Temporal Gyrus, posterior division	zstat	0.25428690302997264	1.5545881013561478
11316	15	16	Inferior Temporal Gyrus, temporooccipital part	zstat	0.5207049563833783	-0.4203461427545634
11316	16	17	Postcentral Gyrus	zstat	-0.6754843775289254	-1.289802112036749
11316	17	18	Superior Parietal Lobule	zstat	0.581871998451743	-1.4366212897393804
11316	18	19	Supramarginal Gyrus, anterior division	zstat	0.4710660708367531	-0.919352619716018
11316	19	20	Supramarginal Gyrus, posterior division	zstat	-0.039564755594049504	-1.705494939040619
11316	20	21	Angular Gyrus	zstat	-0.46537308544341194	-1.2829586754239526
11316	21	22	Lateral Occipital Cortex, superior division	zstat	-0.09995134664720251	-0.9748359242684497
11316	22	23	Lateral Occipital Cortex, inferior division	zstat	-0.18238594520794313	-2.075849157468994
11316	23	24	Intracalcarine Cortex	zstat	-1.3600299720732125	-2.2632579580864394
11316	24	25	Frontal Medial Cortex	zstat	0.7147142856335598	-0.570375065142553
11316	25	26	Juxtapositional Lobule Cortex (formerly Supplementary Motor Cortex)	zstat	-0.6611907837088093	-2.002238206791918
11316	26	27	Subcallosal Cortex	zstat	0.02246845458061076	-1.2425383393545277
11316	27	28	Paracingulate Gyrus	zstat	-0.9778268961533252	-1.5795936877025352
11316	28	29	Cingulate Gyrus, anterior division	zstat	-0.6139471588014542	-0.6664688445662713
11316	29	30	Cingulate Gyrus, posterior division	zstat	-0.6716321719464446	-1.0071059946231211
11316	30	31	Precuneous Cortex	zstat	-0.33832134444095013	-0.623441247501443
11316	31	32	Cuneal Cortex	zstat	-1.6090233960847666	-2.3373977650873807
11316	32	33	Frontal Orbital Cortex	zstat	-1.1205080342567275	-0.7928818575235242
11316	33	34	Parahippocampal Gyrus, anterior division	zstat	-0.028244970438989554	1.8552079536937656
11316	34	35	Parahippocampal Gyrus, posterior division	zstat	0.2447822291272218	0.5780529975525394
11316	35	36	Lingual Gyrus	zstat	-0.6568800001027655	-1.379368437500105
11316	36	37	Temporal Fusiform Cortex, anterior division	zstat	-0.7892860742649129	1.7002409273983106
11316	37	38	Temporal Fusiform Cortex, posterior division	zstat	0.49884699009360484	1.3446282624473824
11316	38	39	Temporal Occipital Fusiform Cortex	zstat	0.45082623795159904	-0.7963167747859902
11316	39	40	Occipital Fusiform Gyrus	zstat	-0.8953056567542922	-2.4009191551522013
11316	40	41	Frontal Operculum Cortex	zstat	-0.8854890554221817	-0.23181405714752168
11316	41	42	Central Opercular Cortex	zstat	-1.051256922334146	-0.37233857899515743
11316	42	43	Parietal Operculum Cortex	zstat	-0.6943098799577266	-2.1743890906005703
11316	43	44	Planum Polare	zstat	-0.5777456914065833	0.12791167346774848
11316	44	45	Heschl's Gyrus (includes H1 and H2)	zstat	-1.0532364924674347	-1.3070930704251276
11316	45	46	Planum Temporale	zstat	-0.9762296468868253	-1.7590827369944604
11316	46	47	Supracalcarine Cortex	zstat	-1.8852353904079249	-2.1257327864382494
11316	47	48	Occipital Pole	zstat	-0.9089453635914753	-1.9624690037138928
11318	0	1	Frontal Pole	zstat	-0.27489532025479485	-1.103847054834076
11318	1	2	Insular Cortex	zstat	0.9285541864317893	-0.5869620631442632
11318	2	3	Superior Frontal Gyrus	zstat	0.27406212835106597	0.2707016771748712
11318	3	4	Middle Frontal Gyrus	zstat	-0.45632031127766254	-0.4353497946570676
11318	4	5	Inferior Frontal Gyrus, pars triangularis	zstat	0.45558038491482306	-0.49222329416273025
11318	5	6	Inferior Frontal Gyrus, pars opercularis	zstat	0.4789826943414445	0.058809452002511454
11318	6	7	Precentral Gyrus	zstat	0.7457322969772875	-0.11384239449918365
11318	7	8	Temporal Pole	zstat	-0.09812800770823736	0.05866865335834987
11318	8	9	Superior Temporal Gyrus, anterior division	zstat	0.20035922937453365	-0.14249210750254301
11318	9	10	Superior Temporal Gyrus, posterior division	zstat	0.29258665954467367	-0.5684397416331998
11318	10	11	Middle Temporal Gyrus, anterior division	zstat	-0.1958955883312581	0.1567979281782103
11318	11	12	Middle Temporal Gyrus, posterior division	zstat	-0.5508125521817333	-0.21788680042134084
11318	12	13	Middle Temporal Gyrus, temporooccipital part	zstat	-0.794949931358378	-0.6755579931034894
11318	13	14	Inferior Temporal Gyrus, anterior division	zstat	-0.9811623961328578	-0.05525930169088072
11318	14	15	Inferior Temporal Gyrus, posterior division	zstat	-0.6521914163645679	0.387369644692624
11318	15	16	Inferior Temporal Gyrus, temporooccipital part	zstat	0.1838148292866907	0.3884998508416283
11318	16	17	Postcentral Gyrus	zstat	0.732392429714496	-0.24811707204233086
11318	17	18	Superior Parietal Lobule	zstat	0.17770978099522317	-0.45941826680081155
11318	18	19	Supramarginal Gyrus, anterior division	zstat	1.1962507532926758	1.0373301272086488
11318	19	20	Supramarginal Gyrus, posterior division	zstat	0.3065180076934347	-0.03769072899437585
11318	20	21	Angular Gyrus	zstat	-0.7278348357758844	0.22636939839224762
11318	21	22	Lateral Occipital Cortex, superior division	zstat	-0.6447976278073103	-0.030141729739738825
11318	22	23	Lateral Occipital Cortex, inferior division	zstat	0.41245814395131786	-0.00042337831739086535
11318	23	24	Intracalcarine Cortex	zstat	1.6295372122565306	1.188626464885743
11318	24	25	Frontal Medial Cortex	zstat	0.8677562751876626	-0.39991604755277554
11318	25	26	Juxtapositional Lobule Cortex (formerly Supplementary Motor Cortex)	zstat	1.0218955794344593	-0.9607271427293371
11318	26	27	Subcallosal Cortex	zstat	0.9477927884301887	-0.2223449103283481
11318	27	28	Paracingulate Gyrus	zstat	0.6813992033647585	-0.631179842606712
11318	28	29	Cingulate Gyrus, anterior division	zstat	1.12767416390359	-0.8278509186705578
11318	29	30	Cingulate Gyrus, posterior division	zstat	0.07715679291103568	-0.03722465099048402
11318	30	31	Precuneous Cortex	zstat	-0.34619999201279017	0.22436908670335645
11318	31	32	Cuneal Cortex	zstat	0.4959995802935882	-0.2914264481452742
11318	32	33	Frontal Orbital Cortex	zstat	0.8238468332596591	-0.35701806908137684
11318	33	34	Parahippocampal Gyrus, anterior division	zstat	0.20820732301629594	0.1109957724471733
11318	34	35	Parahippocampal Gyrus, posterior division	zstat	0.09414142839399711	1.1332906389345396
11318	35	36	Lingual Gyrus	zstat	0.9639547150451991	1.3860349584099372
11318	36	37	Temporal Fusiform Cortex, anterior division	zstat	0.4013621981275525	-0.5451391785280079
11318	37	38	Temporal Fusiform Cortex, posterior division	zstat	-0.08535266099789215	0.7735510017184248
11318	38	39	Temporal Occipital Fusiform Cortex	zstat	0.23908278076032893	0.9214150073090114
11318	39	40	Occipital Fusiform Gyrus	zstat	0.9398318213992396	1.591518489039426
11318	40	41	Frontal Operculum Cortex	zstat	0.6506272727885761	0.10381044720753464
11318	41	42	Central Opercular Cortex	zstat	0.9709001126935736	0.07459556882401458
11318	42	43	Parietal Operculum Cortex	zstat	0.9535543344699811	0.3415965352580897
11318	43	44	Planum Polare	zstat	0.741818038060664	-0.2178346897681592
11318	44	45	Heschl's Gyrus (includes H1 and H2)	zstat	1.2169037406388585	-0.7474003718384812
11318	45	46	Planum Temporale	zstat	0.9464458600334807	-1.0617315572576205
11318	46	47	Supracalcarine Cortex	zstat	1.288947051945836	0.5863622969135325
11318	47	48	Occipital Pole	zstat	1.2060810320884559	1.4150992707851169
11321	0	1	Frontal Pole	zstat	0.058043367081362165	-0.2159517498870682
11321	1	2	Insular Cortex	zstat	0.15661153572083825	-0.597887019215645
11321	2	3	Superior Frontal Gyrus	zstat	-0.29063767428196996	-0.4904359320433078
11321	3	4	Middle Frontal Gyrus	zstat	0.012896033384497112	0.358200770087457
11321	4	5	Inferior Frontal Gyrus, pars triangularis	zstat	-0.271295776277238	-0.8405626767919476
11321	5	6	Inferior Frontal Gyrus, pars opercularis	zstat	0.29454039293817386	-0.9963071021176944
11321	6	7	Precentral Gyrus	zstat	0.021293387727458486	0.07399909126665663
11321	7	8	Temporal Pole	zstat	-0.3095678303267822	-0.8367812179997435
11321	8	9	Superior Temporal Gyrus, anterior division	zstat	-0.45032554554442566	-0.6445026125615606
11321	9	10	Superior Temporal Gyrus, posterior division	zstat	-0.21638156093056798	-0.3591254226313057
11321	10	11	Middle Temporal Gyrus, anterior division	zstat	-0.7990602699789539	-0.8344868444267716
11321	11	12	Middle Temporal Gyrus, posterior division	zstat	-0.7774402172716055	0.0780899218091658
11321	12	13	Middle Temporal Gyrus, temporooccipital part	zstat	-0.26501728789695117	0.2831516825056608
11321	13	14	Inferior Temporal Gyrus, anterior division	zstat	-0.6774099665368802	-0.6171646324542941
11321	14	15	Inferior Temporal Gyrus, posterior division	zstat	0.10586405772728197	-0.2112493352833392
11321	15	16	Inferior Temporal Gyrus, temporooccipital part	zstat	-0.3222858117076259	0.3252730731901873
11321	16	17	Postcentral Gyrus	zstat	-0.2167667261191831	0.31242698672004854
11321	17	18	Superior Parietal Lobule	zstat	-0.1867365656813834	0.9599456161228828
11321	18	19	Supramarginal Gyrus, anterior division	zstat	0.49809443433769046	-0.8023067212792941
11321	19	20	Supramarginal Gyrus, posterior division	zstat	0.32388607997134977	0.037919222934775655
11321	20	21	Angular Gyrus	zstat	-0.32742096010349137	-0.2677415305515751
11321	21	22	Lateral Occipital Cortex, superior division	zstat	-0.4885867134911364	0.7625004796839562
11321	22	23	Lateral Occipital Cortex, inferior division	zstat	-0.2764012330121154	0.3368173061676168
11321	23	24	Intracalcarine Cortex	zstat	-0.5838078644673851	0.2658154410178726
11321	24	25	Frontal Medial Cortex	zstat	0.7452106898154524	-1.2186400097107897
11321	25	26	Juxtapositional Lobule Cortex (formerly Supplementary Motor Cortex)	zstat	0.5762249744124396	-0.33882418398688724
11321	26	27	Subcallosal Cortex	zstat	0.5202039403411058	-0.9552911056563831
11321	27	28	Paracingulate Gyrus	zstat	-0.000905183313745748	-1.2983743959404317
11321	28	29	Cingulate Gyrus, anterior division	zstat	0.32433336028499704	-1.1680063906693496
11321	29	30	Cingulate Gyrus, posterior division	zstat	-0.10771202157224928	0.23605054898413697
11321	30	31	Precuneous Cortex	zstat	-0.5552044089211571	0.2512592125796292
11321	31	32	Cuneal Cortex	zstat	-1.1931544940483998	0.15558656020799316
11321	32	33	Frontal Orbital Cortex	zstat	0.1453872233810628	-0.8917071357502407
11321	33	34	Parahippocampal Gyrus, anterior division	zstat	-0.04039529223609056	-0.5198967607482748
11321	34	35	Parahippocampal Gyrus, posterior division	zstat	-0.0657124368693539	-0.025212263792559926
11321	35	36	Lingual Gyrus	zstat	-1.2019647987349231	0.3318347223077124
11321	36	37	Temporal Fusiform Cortex, anterior division	zstat	-0.6334387855670343	-0.1610373036856664
11321	37	38	Temporal Fusiform Cortex, posterior division	zstat	-0.1932854412044997	-0.24538924773271786
11321	38	39	Temporal Occipital Fusiform Cortex	zstat	-0.7316474253505428	0.2624882901597694
11321	39	40	Occipital Fusiform Gyrus	zstat	-0.669247457364913	0.025900730493302295
11321	40	41	Frontal Operculum Cortex	zstat	-0.16071738234105787	-0.6353663439752862
11321	41	42	Central Opercular Cortex	zstat	-0.08155134276697232	-0.15248722947800744
11321	42	43	Parietal Operculum Cortex	zstat	0.055324733488942464	-0.019051611312395578
11321	43	44	Planum Polare	zstat	0.3707671701954322	-0.3263252055119609
11321	44	45	Heschl's Gyrus (includes H1 and H2)	zstat	0.2710136586970817	-0.4160516144185271
11321	45	46	Planum Temporale	zstat	0.5919293920339248	-0.09639483585713787
11321	46	47	Supracalcarine Cortex	zstat	-0.6566626791782836	0.22400161690336276
11321	47	48	Occipital Pole	zstat	-0.05324723772481629	0.06247207128953518
11325	0	1	Frontal Pole	zstat	0.2917467053549467	0.2893156436562678
11325	1	2	Insular Cortex	zstat	-0.40528646166016274	-0.31320542740477175
11325	2	3	Superior Frontal Gyrus	zstat	0.3180680143269682	0.17187429407265878
11325	3	4	Middle Frontal Gyrus	zstat	-0.027107096585424574	0.5983115597352977
11325	4	5	Inferior Frontal Gyrus, pars triangularis	zstat	1.043578166621438	0.18704879519832962
11325	5	6	Inferior Frontal Gyrus, pars opercularis	zstat	0.5456428569005837	0.1962899237976766
11325	6	7	Precentral Gyrus	zstat	0.09954394002287113	0.4222181702478296
11325	7	8	Temporal Pole	zstat	0.2652920679143517	0.12439360973620518
11325	8	9	Superior Temporal Gyrus, anterior division	zstat	0.7364196171936316	0.1975430059809393
11325	9	10	Superior Temporal Gyrus, posterior division	zstat	0.6504217369864429	-0.8315409783019938
11325	10	11	Middle Temporal Gyrus, anterior division	zstat	0.11571009691366786	-0.20664312845763208
11325	11	12	Middle Temporal Gyrus, posterior division	zstat	0.8347672571948308	0.06575523622082308
11325	12	13	Middle Temporal Gyrus, temporooccipital part	zstat	1.2032744667183433	0.840136273299053
11325	13	14	Inferior Temporal Gyrus, anterior division	zstat	-0.2951842293738437	-0.3809881265104346
11325	14	15	Inferior Temporal Gyrus, posterior division	zstat	0.18453834671423897	-0.7833885509374153
11325	15	16	Inferior Temporal Gyrus, temporooccipital part	zstat	0.351185633333525	-0.010812853170435444
11325	16	17	Postcentral Gyrus	zstat	0.07357316009224514	-0.3035794322213927
11325	17	18	Superior Parietal Lobule	zstat	0.18601717716761257	0.42670646706367465
11325	18	19	Supramarginal Gyrus, anterior division	zstat	-0.15361644785713266	-0.1419580243506331
11325	19	20	Supramarginal Gyrus, posterior division	zstat	0.21238123400803857	0.40068401648109225
11325	20	21	Angular Gyrus	zstat	0.18525012172856084	0.39802860938586404
11325	21	22	Lateral Occipital Cortex, superior division	zstat	0.40541334608350016	0.5800290337695496
11325	22	23	Lateral Occipital Cortex, inferior division	zstat	0.7070209965344244	0.513843824791924
11325	23	24	Intracalcarine Cortex	zstat	0.3802292924392461	-0.7552464126372811
11325	24	25	Frontal Medial Cortex	zstat	0.6798800000543058	1.5486862004325057
11325	25	26	Juxtapositional Lobule Cortex (formerly Supplementary Motor Cortex)	zstat	0.10278405416859125	0.14793695493977252
11325	26	27	Subcallosal Cortex	zstat	0.032241380006039086	1.0206448603170708
11325	27	28	Paracingulate Gyrus	zstat	-0.6289446531404418	-0.3184681462866303
11325	28	29	Cingulate Gyrus, anterior division	zstat	-0.4368564445803251	-0.6668980419709766
11325	29	30	Cingulate Gyrus, posterior division	zstat	0.4931853347920946	0.2945278281408079
11325	30	31	Precuneous Cortex	zstat	0.4414900757302932	0.42942206022075613
11325	31	32	Cuneal Cortex	zstat	0.017337713998607143	-0.467532293182362
11325	32	33	Frontal Orbital Cortex	zstat	0.24731071810805078	-0.08396107914237617
11325	33	34	Parahippocampal Gyrus, anterior division	zstat	0.005450764895234962	-0.19886598101738776
11325	34	35	Parahippocampal Gyrus, posterior division	zstat	0.18301960979149026	0.47504354618173444
11325	35	36	Lingual Gyrus	zstat	0.44276339434297485	-0.2693582838371977
11325	36	37	Temporal Fusiform Cortex, anterior division	zstat	0.24002147633714457	0.5009871213994128
11325	37	38	Temporal Fusiform Cortex, posterior division	zstat	0.07822043796169303	-0.14858161693313857
11325	38	39	Temporal Occipital Fusiform Cortex	zstat	0.06885134196498349	0.08909268282201464
11325	39	40	Occipital Fusiform Gyrus	zstat	1.3201311438925427	0.5179188302784632
11325	40	41	Frontal Operculum Cortex	zstat	-0.8836117562380064	-0.8838095829996746
11325	41	42	Central Opercular Cortex	zstat	-0.213920431389457	0.14558075943926235
11325	42	43	Parietal Operculum Cortex	zstat	-0.00955459708702481	0.017880842268560317
11325	43	44	Planum Polare	zstat	-0.275872907936713	-0.42926162073187857
11325	44	45	Heschl's Gyrus (includes H1 and H2)	zstat	-0.4995828478785944	-0.7801312718761458
11325	45	46	Planum Temporale	zstat	-0.032717182683446276	-0.5704889181089379
11325	46	47	Supracalcarine Cortex	zstat	0.06325324547744574	-0.1117762817826936
11325	47	48	Occipital Pole	zstat	1.0197334964228384	0.21268387249599358
11326	0	1	Frontal Pole	zstat	-0.6980816482957969	0.192737181375988
11326	1	2	Insular Cortex	zstat	-0.12247027171357987	0.2287161417635154
11326	2	3	Superior Frontal Gyrus	zstat	-0.13522802670761913	0.4473482317795835
11326	3	4	Middle Frontal Gyrus	zstat	-0.4064701879967307	0.6951023679101074
11326	4	5	Inferior Frontal Gyrus, pars triangularis	zstat	-0.6927557394876136	0.18471661355702762
11326	5	6	Inferior Frontal Gyrus, pars opercularis	zstat	-0.3357196251654454	0.5835123208280459
11326	6	7	Precentral Gyrus	zstat	0.4252641419210928	0.49101033485044315
11326	7	8	Temporal Pole	zstat	-0.9853399216017071	-0.2648439620381866
11326	8	9	Superior Temporal Gyrus, anterior division	zstat	-0.011934821856900667	-0.22587117381059588
11326	9	10	Superior Temporal Gyrus, posterior division	zstat	-0.2175790271631067	0.6549777820201397
11326	10	11	Middle Temporal Gyrus, anterior division	zstat	-0.47687121335436145	-0.8606064885589312
11326	11	12	Middle Temporal Gyrus, posterior division	zstat	-0.5953315166448677	0.10460785828326487
11326	12	13	Middle Temporal Gyrus, temporooccipital part	zstat	-0.17814451832474149	0.030036798137976075
11326	13	14	Inferior Temporal Gyrus, anterior division	zstat	-1.0342267711354782	-0.3359017774639045
11326	14	15	Inferior Temporal Gyrus, posterior division	zstat	-0.34937850924925323	0.15013257763090393
11326	15	16	Inferior Temporal Gyrus, temporooccipital part	zstat	-0.10388809506114183	-0.22950342013552757
11326	16	17	Postcentral Gyrus	zstat	0.21590217490624838	0.6726920106737753
11326	17	18	Superior Parietal Lobule	zstat	-0.07883583728504841	-0.3004410154775293
11326	18	19	Supramarginal Gyrus, anterior division	zstat	0.005625961811704285	0.49754032559579137
11326	19	20	Supramarginal Gyrus, posterior division	zstat	-0.7964277248522145	0.7379648029678375
11326	20	21	Angular Gyrus	zstat	-0.5636656832392121	0.55257504824599
11326	21	22	Lateral Occipital Cortex, superior division	zstat	-0.2302293323438741	-0.3572068874638247
11326	22	23	Lateral Occipital Cortex, inferior division	zstat	-0.24987555851747253	-0.26681098883597193
11326	23	24	Intracalcarine Cortex	zstat	-0.0003745897205597232	-0.1215554861814338
11326	24	25	Frontal Medial Cortex	zstat	0.5062964545011336	0.04914751180393146
11326	25	26	Juxtapositional Lobule Cortex (formerly Supplementary Motor Cortex)	zstat	0.24044112418620922	-0.2097481121899044
11326	26	27	Subcallosal Cortex	zstat	0.42936777736848364	-0.23652825766744523
11326	27	28	Paracingulate Gyrus	zstat	-0.4025277755480496	-0.24862443958078717
11326	28	29	Cingulate Gyrus, anterior division	zstat	-0.08121329931329178	-0.004587745996721393
11326	29	30	Cingulate Gyrus, posterior division	zstat	0.16707383668397752	0.10690526404218482
11326	30	31	Precuneous Cortex	zstat	-0.012871388160741775	0.16798952450439955
11326	31	32	Cuneal Cortex	zstat	0.07758038317136252	-0.06304859926812083
11326	32	33	Frontal Orbital Cortex	zstat	-0.878938275265171	0.15396520248769185
11326	33	34	Parahippocampal Gyrus, anterior division	zstat	-0.41363751238100727	-0.48933757299689196
11326	34	35	Parahippocampal Gyrus, posterior division	zstat	-0.4073875607325221	-0.18468150823324356
11326	35	36	Lingual Gyrus	zstat	0.35631478171822	-0.7586874627286468
11326	36	37	Temporal Fusiform Cortex, anterior division	zstat	-1.1840385156848752	-0.6129819537737532
11326	37	38	Temporal Fusiform Cortex, posterior division	zstat	-0.33466907756744924	-0.3666125792214926
11326	38	39	Temporal Occipital Fusiform Cortex	zstat	-0.13054919364663417	-0.6238858608590442
11326	39	40	Occipital Fusiform Gyrus	zstat	0.5378936617704613	-1.0337503625617386
11326	40	41	Frontal Operculum Cortex	zstat	-0.717852461652658	0.4322831048473653
11326	41	42	Central Opercular Cortex	zstat	0.40107352592568585	0.48840489260418085
11326	42	43	Parietal Operculum Cortex	zstat	-0.06833218739115099	0.48746144717209383
11326	43	44	Planum Polare	zstat	0.12231872061921553	0.38178173011837113
11326	44	45	Heschl's Gyrus (includes H1 and H2)	zstat	-0.2414801684685678	0.7482652180111422
11326	45	46	Planum Temporale	zstat	-0.04107112294176485	1.095677302321764
11326	46	47	Supracalcarine Cortex	zstat	0.3157619347280644	-0.12560610361075267
11326	47	48	Occipital Pole	zstat	0.2547662412204672	-0.3905609652406452
11329	0	1	Frontal Pole	zstat	-0.3284020449240969	-0.6148360393885156
11329	1	2	Insular Cortex	zstat	0.31871714888426944	-0.24434452651311417
11329	2	3	Superior Frontal Gyrus	zstat	-0.6095558205796753	-0.7705507428402583
11329	3	4	Middle Frontal Gyrus	zstat	-1.0840256338308756	-0.5953103942078485
11329	4	5	Inferior Frontal Gyrus, pars triangularis	zstat	-0.7001614597083471	-0.30256307986030917
11329	5	6	Inferior Frontal Gyrus, pars opercularis	zstat	-0.05044087230294534	-0.6538594894684144
11329	6	7	Precentral Gyrus	zstat	0.5846957135754818	-0.8527536094044892
11329	7	8	Temporal Pole	zstat	0.048855382718219806	-0.04374456184128988
11329	8	9	Superior Temporal Gyrus, anterior division	zstat	0.3462568083443703	-0.17971608546108772
11329	9	10	Superior Temporal Gyrus, posterior division	zstat	0.6371030740962627	-0.4744197543155714
11329	10	11	Middle Temporal Gyrus, anterior division	zstat	-0.18636677859693335	0.3585997539461215
11329	11	12	Middle Temporal Gyrus, posterior division	zstat	-0.36823857315066416	-0.2565219411948556
11329	12	13	Middle Temporal Gyrus, temporooccipital part	zstat	-0.14173940960907133	-0.4970811870922059
11329	13	14	Inferior Temporal Gyrus, anterior division	zstat	-0.6117750651040528	0.7282958795681951
11329	14	15	Inferior Temporal Gyrus, posterior division	zstat	0.08941238749402672	0.041598318041170104
11329	15	16	Inferior Temporal Gyrus, temporooccipital part	zstat	-0.3535655379284924	-0.5503135091301972
11329	16	17	Postcentral Gyrus	zstat	1.0065155805733088	-1.2229487995560402
11329	17	18	Superior Parietal Lobule	zstat	1.2540364667181698	-0.6233270358700022
11329	18	19	Supramarginal Gyrus, anterior division	zstat	1.2891396871159992	-0.5298751021198567
11329	19	20	Supramarginal Gyrus, posterior division	zstat	-0.4302729643145073	-0.9125538228583094
11329	20	21	Angular Gyrus	zstat	-0.9514734986243205	-1.2609909498440055
11329	21	22	Lateral Occipital Cortex, superior division	zstat	-0.8880027059152799	-0.19799634564162188
11329	22	23	Lateral Occipital Cortex, inferior division	zstat	0.5905698787167941	0.04831503729845387
11329	23	24	Intracalcarine Cortex	zstat	-0.2547390987681667	0.6865201560818456
11329	24	25	Frontal Medial Cortex	zstat	-0.028623685855022136	0.002810308394242732
11329	25	26	Juxtapositional Lobule Cortex (formerly Supplementary Motor Cortex)	zstat	1.841336952330469	-0.18027231907409086
11329	26	27	Subcallosal Cortex	zstat	0.25289519908837976	-0.7141293134553752
11329	27	28	Paracingulate Gyrus	zstat	0.6009736709528433	-0.6403802749236615
11329	28	29	Cingulate Gyrus, anterior division	zstat	0.6427503176575124	-0.23071668384659846
11329	29	30	Cingulate Gyrus, posterior division	zstat	-0.9450344101861119	0.25652656181848477
11329	30	31	Precuneous Cortex	zstat	-0.8591634106542643	0.2253689433268049
11329	31	32	Cuneal Cortex	zstat	-1.024917550384482	0.4729121122700255
11329	32	33	Frontal Orbital Cortex	zstat	-0.25681460574837384	-0.5263582927625895
11329	33	34	Parahippocampal Gyrus, anterior division	zstat	-0.1555529807089515	-0.18182115270848906
11329	34	35	Parahippocampal Gyrus, posterior division	zstat	0.07844287696522924	-0.19093956646316176
11329	35	36	Lingual Gyrus	zstat	-0.004762797071491245	-0.207258776567126
11329	36	37	Temporal Fusiform Cortex, anterior division	zstat	-0.5463259417616518	0.1412499365239926
11329	37	38	Temporal Fusiform Cortex, posterior division	zstat	-0.009165942312255117	0.4920414187672921
11329	38	39	Temporal Occipital Fusiform Cortex	zstat	-0.09110425025137112	-0.017824153082611992
11329	39	40	Occipital Fusiform Gyrus	zstat	0.4363773626946262	0.06302880799060595
11329	40	41	Frontal Operculum Cortex	zstat	0.027236116185007587	-0.28061257760596126
11329	41	42	Central Opercular Cortex	zstat	0.8504458897848834	-0.546352034708474
11329	42	43	Parietal Operculum Cortex	zstat	1.2428748701961456	-0.2895490115929187
11329	43	44	Planum Polare	zstat	0.41439939027395317	-0.2874293667148756
11329	44	45	Heschl's Gyrus (includes H1 and H2)	zstat	0.6646134324118598	0.07402671945886471
11329	45	46	Planum Temporale	zstat	0.7241762232388836	-0.4886758743373837
11329	46	47	Supracalcarine Cortex	zstat	-0.7177257842998556	0.5016308070180264
11329	47	48	Occipital Pole	zstat	0.43860631074713907	0.08477562157205744
11330	0	1	Frontal Pole	zstat	0.5583131259002756	-0.0009501452981474635
11330	1	2	Insular Cortex	zstat	0.9139984401829411	0.5589407612223724
11330	2	3	Superior Frontal Gyrus	zstat	-0.2430337088752832	-0.5071936246712029
11330	3	4	Middle Frontal Gyrus	zstat	0.664199756859439	0.46274232646922114
11330	4	5	Inferior Frontal Gyrus, pars triangularis	zstat	0.39931032374296166	-0.019271778045307605
11330	5	6	Inferior Frontal Gyrus, pars opercularis	zstat	0.6302966718578392	-0.5758152944507549
11330	6	7	Precentral Gyrus	zstat	1.0901580934189998	1.1161890784159412
11330	7	8	Temporal Pole	zstat	-0.032966154261719526	-0.6104458865553176
11330	8	9	Superior Temporal Gyrus, anterior division	zstat	0.42636079271577704	-0.039316071947224626
11330	9	10	Superior Temporal Gyrus, posterior division	zstat	0.7023221352182982	0.9379807910572
11330	10	11	Middle Temporal Gyrus, anterior division	zstat	-0.5375609258650246	-1.7052407485613628
11330	11	12	Middle Temporal Gyrus, posterior division	zstat	-0.16022861440525218	-0.692954489287162
11330	12	13	Middle Temporal Gyrus, temporooccipital part	zstat	0.678762785385797	0.9036602377750625
11330	13	14	Inferior Temporal Gyrus, anterior division	zstat	-0.3760702260081056	-1.7468429457385248
11330	14	15	Inferior Temporal Gyrus, posterior division	zstat	0.08986447857457426	-0.908785886679489
11330	15	16	Inferior Temporal Gyrus, temporooccipital part	zstat	1.1087388164952827	0.9549066874653852
11330	16	17	Postcentral Gyrus	zstat	1.4238071935439645	1.0043584750067354
11330	17	18	Superior Parietal Lobule	zstat	1.133357016413318	1.1570173690836203
11330	18	19	Supramarginal Gyrus, anterior division	zstat	0.9741690890665201	1.7089290412487808
11330	19	20	Supramarginal Gyrus, posterior division	zstat	1.0178384429076686	1.3051895228151635
11330	20	21	Angular Gyrus	zstat	0.15251865325233224	0.7041068563715266
11330	21	22	Lateral Occipital Cortex, superior division	zstat	0.8535316381332775	1.4599449047979964
11330	22	23	Lateral Occipital Cortex, inferior division	zstat	1.1660688105691472	1.3567985392212445
11330	23	24	Intracalcarine Cortex	zstat	0.46446161280324544	0.5744902046792703
11330	24	25	Frontal Medial Cortex	zstat	0.061721182690028444	-0.8020917194968102
11330	25	26	Juxtapositional Lobule Cortex (formerly Supplementary Motor Cortex)	zstat	1.9327369453070837	1.6879521235446069
11330	26	27	Subcallosal Cortex	zstat	0.2388704095573093	-0.08479699378188413
11330	27	28	Paracingulate Gyrus	zstat	-0.10277872975452432	-0.9003281869538756
11330	28	29	Cingulate Gyrus, anterior division	zstat	0.27585142184373473	0.11149611103869343
11330	29	30	Cingulate Gyrus, posterior division	zstat	0.3470693635554718	1.3057041039089008
11330	30	31	Precuneous Cortex	zstat	0.5266864785013492	1.8012587587949915
11330	31	32	Cuneal Cortex	zstat	0.6910219593428055	0.8386797461082577
11330	32	33	Frontal Orbital Cortex	zstat	-0.06474433331655652	-0.7910299916221681
11330	33	34	Parahippocampal Gyrus, anterior division	zstat	0.44391826912580445	-0.061208867701028055
11330	34	35	Parahippocampal Gyrus, posterior division	zstat	0.6152450816793683	0.6598355453171468
11330	35	36	Lingual Gyrus	zstat	1.0936654882401846	0.6665513757974483
11330	36	37	Temporal Fusiform Cortex, anterior division	zstat	-0.020639763585232358	0.5452755695103225
11330	37	38	Temporal Fusiform Cortex, posterior division	zstat	0.40566529165786086	0.15100791100685113
11330	38	39	Temporal Occipital Fusiform Cortex	zstat	0.921603497080707	0.819654775141346
11330	39	40	Occipital Fusiform Gyrus	zstat	1.2597205059017265	1.1697711493746614
11330	40	41	Frontal Operculum Cortex	zstat	-1.1405700454449266	-0.5007721957023756
11330	41	42	Central Opercular Cortex	zstat	1.551038349335861	0.7248666256615316
11330	42	43	Parietal Operculum Cortex	zstat	1.7280730513505977	0.797303105827402
11330	43	44	Planum Polare	zstat	1.759313004048726	0.18137180645424048
11330	44	45	Heschl's Gyrus (includes H1 and H2)	zstat	2.5097037041345227	-0.009806686502662466
11330	45	46	Planum Temporale	zstat	2.4182438180676127	0.4781108630009749
11330	46	47	Supracalcarine Cortex	zstat	0.6842237238380859	1.0591063404435965
11330	47	48	Occipital Pole	zstat	0.8124378893871707	1.1566602310304939
11337	0	1	Frontal Pole	zstat	0.2022741001763674	-0.07481219227606593
11337	1	2	Insular Cortex	zstat	-0.9894105374660881	1.0102800035326298
11337	2	3	Superior Frontal Gyrus	zstat	0.8111239818808463	-0.6936007287211519
11337	3	4	Middle Frontal Gyrus	zstat	0.9786703727269148	-1.307997808036873
11337	4	5	Inferior Frontal Gyrus, pars triangularis	zstat	-0.6411684205768408	0.26285346254702113
11337	5	6	Inferior Frontal Gyrus, pars opercularis	zstat	-0.07208743685991487	-0.0547487554302678
11337	6	7	Precentral Gyrus	zstat	-0.4885051143712108	-0.38651919557765313
11337	7	8	Temporal Pole	zstat	-0.5262773200007709	-0.003297657986614112
11337	8	9	Superior Temporal Gyrus, anterior division	zstat	-0.5341734600587724	0.4743872579628936
11337	9	10	Superior Temporal Gyrus, posterior division	zstat	0.404969760050465	0.20423198760677638
11337	10	11	Middle Temporal Gyrus, anterior division	zstat	0.05644066959494419	-0.05575364676040055
11337	11	12	Middle Temporal Gyrus, posterior division	zstat	0.41422321641929966	-0.1577122210056324
11337	12	13	Middle Temporal Gyrus, temporooccipital part	zstat	0.7561149839479175	-0.278045671530506
11337	13	14	Inferior Temporal Gyrus, anterior division	zstat	0.070549034695389	0.6719588889249948
11337	14	15	Inferior Temporal Gyrus, posterior division	zstat	0.9751289000263863	0.4203386617749062
11337	15	16	Inferior Temporal Gyrus, temporooccipital part	zstat	1.738133933200977	-0.8129638930914729
11337	16	17	Postcentral Gyrus	zstat	-0.44946698712185024	-0.5217424771758606
11337	17	18	Superior Parietal Lobule	zstat	0.590920481170461	-0.7361352847683735
11337	18	19	Supramarginal Gyrus, anterior division	zstat	-0.17433638158771728	0.5435915128575828
11337	19	20	Supramarginal Gyrus, posterior division	zstat	-0.3790649668848444	0.7316554165772097
11337	20	21	Angular Gyrus	zstat	0.5502527526858721	-0.6496849345703087
11337	21	22	Lateral Occipital Cortex, superior division	zstat	1.1437125852851826	-0.6408956796003622
11337	22	23	Lateral Occipital Cortex, inferior division	zstat	0.93763238460421	-0.12651655476662552
11337	23	24	Intracalcarine Cortex	zstat	0.3801091512728456	2.5716566508889547
11337	24	25	Frontal Medial Cortex	zstat	0.3986326331431244	-0.8326546076077519
11337	25	26	Juxtapositional Lobule Cortex (formerly Supplementary Motor Cortex)	zstat	-0.8677249517405053	0.08053309530195957
11337	26	27	Subcallosal Cortex	zstat	0.03970416511605995	0.5036836721934378
11337	27	28	Paracingulate Gyrus	zstat	0.09750199043832969	-0.2903531793810695
11337	28	29	Cingulate Gyrus, anterior division	zstat	-0.3079179083462373	0.6776302268889425
11337	29	30	Cingulate Gyrus, posterior division	zstat	0.7191065532261772	0.488262001330008
11337	30	31	Precuneous Cortex	zstat	0.8751948748674376	0.19253393191162446
11337	31	32	Cuneal Cortex	zstat	0.3350321536165086	2.4672507662980125
11337	32	33	Frontal Orbital Cortex	zstat	-0.7445973934154474	0.262632638941624
11337	33	34	Parahippocampal Gyrus, anterior division	zstat	0.6251111892283795	0.419269692030496
11337	34	35	Parahippocampal Gyrus, posterior division	zstat	-0.2671760557070023	-0.24919117251542872
11337	35	36	Lingual Gyrus	zstat	-0.30667597221560317	1.633288199496776
11337	36	37	Temporal Fusiform Cortex, anterior division	zstat	-0.6292072210513743	-0.14566769147067204
11337	37	38	Temporal Fusiform Cortex, posterior division	zstat	0.6042927366227758	-0.05813186572986477
11337	38	39	Temporal Occipital Fusiform Cortex	zstat	0.17156431577665224	-0.2465056453304783
11337	39	40	Occipital Fusiform Gyrus	zstat	1.1435336132764542	0.18815251214277365
11337	40	41	Frontal Operculum Cortex	zstat	-1.029072194532374	1.7034331407836254
11337	41	42	Central Opercular Cortex	zstat	-1.1091029961828627	0.2589757970405901
11337	42	43	Parietal Operculum Cortex	zstat	-1.831938968401705	0.772122734559577
11337	43	44	Planum Polare	zstat	-1.3999537934903732	1.0356290726842472
11337	44	45	Heschl's Gyrus (includes H1 and H2)	zstat	-1.3967182749178484	0.8314569635973377
11337	45	46	Planum Temporale	zstat	-1.0316611850009252	0.8132851525971542
11337	46	47	Supracalcarine Cortex	zstat	0.9649874069827035	2.268420335058955
11337	47	48	Occipital Pole	zstat	1.8445529150320155	0.5880832405399345
11338	0	1	Frontal Pole	zstat	-0.1703852071607815	0.31378332542983817
11338	1	2	Insular Cortex	zstat	0.15213945677425697	0.20535697200409872
11338	2	3	Superior Frontal Gyrus	zstat	-0.08660202510598385	0.33219513875989753
11338	3	4	Middle Frontal Gyrus	zstat	-0.47386506487528673	0.36622898720076896
11338	4	5	Inferior Frontal Gyrus, pars triangularis	zstat	-0.6619035514221642	-0.12565627042951763
11338	5	6	Inferior Frontal Gyrus, pars opercularis	zstat	-0.7423481126821861	-0.19917287426346353
11338	6	7	Precentral Gyrus	zstat	0.2596153354392448	-0.784817563294004
11338	7	8	Temporal Pole	zstat	-0.17592416610444528	-0.2450983025755259
11338	8	9	Superior Temporal Gyrus, anterior division	zstat	0.03368054936902645	-1.0049589698202908
11338	9	10	Superior Temporal Gyrus, posterior division	zstat	0.2331109529424628	-0.7367839888101081
11338	10	11	Middle Temporal Gyrus, anterior division	zstat	-0.3019515303672472	-0.33459854353942087
11338	11	12	Middle Temporal Gyrus, posterior division	zstat	-0.5837722121457902	-0.013099132881848613
11338	12	13	Middle Temporal Gyrus, temporooccipital part	zstat	-1.0022815022993246	-0.4971434822916297
11338	13	14	Inferior Temporal Gyrus, anterior division	zstat	-0.5693307132322407	-0.41923121076363784
11338	14	15	Inferior Temporal Gyrus, posterior division	zstat	-0.6075583242278488	-0.29205888389050133
11338	15	16	Inferior Temporal Gyrus, temporooccipital part	zstat	-0.2745391966774734	-0.9681992789403772
11338	16	17	Postcentral Gyrus	zstat	0.6155967999985454	-0.9223810795526547
11338	17	18	Superior Parietal Lobule	zstat	-0.272383356325648	-0.24261565414364902
11338	18	19	Supramarginal Gyrus, anterior division	zstat	-0.7154338597938746	-0.41862095205438826
11338	19	20	Supramarginal Gyrus, posterior division	zstat	-0.5782771687160995	-0.2355281701125834
11338	20	21	Angular Gyrus	zstat	-0.9015584012951766	0.00626278798264891
11338	21	22	Lateral Occipital Cortex, superior division	zstat	-0.7803933164356153	0.06929191164383264
11338	22	23	Lateral Occipital Cortex, inferior division	zstat	-0.9863757187081098	-0.417692694064059
11338	23	24	Intracalcarine Cortex	zstat	0.6547336584853519	-0.4419095138511856
11338	24	25	Frontal Medial Cortex	zstat	-0.4897398552609647	0.6136186042708074
11338	25	26	Juxtapositional Lobule Cortex (formerly Supplementary Motor Cortex)	zstat	-0.3891405572617628	-1.005786546386426
11338	26	27	Subcallosal Cortex	zstat	0.22524476805343652	0.930956100538158
11338	27	28	Paracingulate Gyrus	zstat	0.34635321861064694	1.2902889393812773
11338	28	29	Cingulate Gyrus, anterior division	zstat	0.26753374763717086	1.155554398315534
11338	29	30	Cingulate Gyrus, posterior division	zstat	-0.1993379018306732	0.9467557582670789
11338	30	31	Precuneous Cortex	zstat	-0.5424036025524593	1.5639449622913257
11338	31	32	Cuneal Cortex	zstat	0.25525784410175945	-0.7289789830620489
11338	32	33	Frontal Orbital Cortex	zstat	-0.003850643473114412	0.4150921054536911
11338	33	34	Parahippocampal Gyrus, anterior division	zstat	-0.18735794189789917	0.0517235167821111
11338	34	35	Parahippocampal Gyrus, posterior division	zstat	-0.35659960973919985	0.9489495563549253
11338	35	36	Lingual Gyrus	zstat	0.0015239580228513763	-0.8436812629490555
11338	36	37	Temporal Fusiform Cortex, anterior division	zstat	-0.050411721772401996	-0.06100914392336305
11338	37	38	Temporal Fusiform Cortex, posterior division	zstat	-0.7321727392816734	-0.14464708616015928
11338	38	39	Temporal Occipital Fusiform Cortex	zstat	-0.7829525837233495	0.2158705798166368
11338	39	40	Occipital Fusiform Gyrus	zstat	-0.6831211852094139	-0.4838835997891467
11338	40	41	Frontal Operculum Cortex	zstat	-0.36329101854563545	0.37963583735032413
11338	41	42	Central Opercular Cortex	zstat	0.30351008841005916	-0.5367599927231019
11338	42	43	Parietal Operculum Cortex	zstat	-0.32815533754803466	-0.7165414318220742
11338	43	44	Planum Polare	zstat	0.4191480496585483	0.5280428881626328
11338	44	45	Heschl's Gyrus (includes H1 and H2)	zstat	0.28937864473665215	0.8359264035919501
11338	45	46	Planum Temporale	zstat	0.09206842794647399	-0.07376550379469785
11338	46	47	Supracalcarine Cortex	zstat	0.17513213278923898	-0.690707607868504
11338	47	48	Occipital Pole	zstat	-0.004721992181624417	-0.40551802123518504
11345	0	1	Frontal Pole	zstat	0.40304792009869556	0.397966792273241
11345	1	2	Insular Cortex	zstat	-0.9797892294874578	0.575887337801551
11345	2	3	Superior Frontal Gyrus	zstat	0.34718082207137946	0.14859458482969912
11345	3	4	Middle Frontal Gyrus	zstat	0.5064930036743506	0.006737846281273378
11345	4	5	Inferior Frontal Gyrus, pars triangularis	zstat	-0.8788828448426628	-0.7466875808926104
11345	5	6	Inferior Frontal Gyrus, pars opercularis	zstat	-1.1342834237362276	-0.05489426538812128
11345	6	7	Precentral Gyrus	zstat	-0.5487673180526847	0.6342153221602584
11345	7	8	Temporal Pole	zstat	-0.4705666987331671	0.19586644511419504
11345	8	9	Superior Temporal Gyrus, anterior division	zstat	-0.849980166564003	0.31008777887297745
11345	9	10	Superior Temporal Gyrus, posterior division	zstat	-0.9815457704478524	0.46790848006857194
11345	10	11	Middle Temporal Gyrus, anterior division	zstat	0.045710881686866725	0.1733672541392439
11345	11	12	Middle Temporal Gyrus, posterior division	zstat	-0.34847681388523977	0.2580897691047644
11345	12	13	Middle Temporal Gyrus, temporooccipital part	zstat	-0.026242596204898626	-0.1024411550243904
11345	13	14	Inferior Temporal Gyrus, anterior division	zstat	-0.645470918657688	0.035986766770217546
11345	14	15	Inferior Temporal Gyrus, posterior division	zstat	-0.5837649068559733	0.3864255775294851
11345	15	16	Inferior Temporal Gyrus, temporooccipital part	zstat	-0.5207438481622593	0.08318913569236253
11345	16	17	Postcentral Gyrus	zstat	-0.44309981410310645	0.029213000801398225
11345	17	18	Superior Parietal Lobule	zstat	0.18893692744993593	0.42216646686694986
11345	18	19	Supramarginal Gyrus, anterior division	zstat	-0.9096171561300892	0.2577508029372742
11345	19	20	Supramarginal Gyrus, posterior division	zstat	-0.15612296493837258	0.36974831623736315
11345	20	21	Angular Gyrus	zstat	0.7085852128332493	0.006554215367313777
11345	21	22	Lateral Occipital Cortex, superior division	zstat	0.10603022487879968	0.26637836486276156
11345	22	23	Lateral Occipital Cortex, inferior division	zstat	-0.9123448309166303	0.05398698990737748
11345	23	24	Intracalcarine Cortex	zstat	-0.06034868154407511	2.2552356538284664
11345	24	25	Frontal Medial Cortex	zstat	-0.5950565675836211	0.36407555476597225
11345	25	26	Juxtapositional Lobule Cortex (formerly Supplementary Motor Cortex)	zstat	-0.4859688227828686	0.7777381488247901
11345	26	27	Subcallosal Cortex	zstat	0.2505098411688008	0.26197016873540213
11345	27	28	Paracingulate Gyrus	zstat	0.2373453045283491	1.0460937408731323
11345	28	29	Cingulate Gyrus, anterior division	zstat	-0.5051589022480323	1.4937114612023263
11345	29	30	Cingulate Gyrus, posterior division	zstat	0.08705795730623815	1.181618122238799
11345	30	31	Precuneous Cortex	zstat	0.38966772284750806	0.8658398012374424
11345	31	32	Cuneal Cortex	zstat	-0.18036112562544693	1.960876782666355
11345	32	33	Frontal Orbital Cortex	zstat	-0.34971597698715545	-0.028847118824343376
11345	33	34	Parahippocampal Gyrus, anterior division	zstat	-0.46473834268023484	0.12093727943586367
11345	34	35	Parahippocampal Gyrus, posterior division	zstat	-0.045056041904707564	0.7008323253062114
11345	35	36	Lingual Gyrus	zstat	0.11121833602867659	1.7527588890732533
11345	36	37	Temporal Fusiform Cortex, anterior division	zstat	-0.9868351434760377	-0.31378353212742094
11345	37	38	Temporal Fusiform Cortex, posterior division	zstat	-0.6034155271154367	0.16113283368277967
11345	38	39	Temporal Occipital Fusiform Cortex	zstat	-0.591975793103514	0.42536366010571697
11345	39	40	Occipital Fusiform Gyrus	zstat	0.08300620905018272	0.7590998942150802
11345	40	41	Frontal Operculum Cortex	zstat	-1.1010554399607437	0.791485515345835
11345	41	42	Central Opercular Cortex	zstat	-0.9560079454847876	0.7442381466189918
11345	42	43	Parietal Operculum Cortex	zstat	-1.2024875026217514	0.23080104150984265
11345	43	44	Planum Polare	zstat	-0.632862840231707	0.24711621742524947
11345	44	45	Heschl's Gyrus (includes H1 and H2)	zstat	-0.5727737937809273	0.03430628775691931
11345	45	46	Planum Temporale	zstat	-0.758872496736187	0.5291470049901729
11345	46	47	Supracalcarine Cortex	zstat	-0.44736411773223195	2.0712720497134836
11345	47	48	Occipital Pole	zstat	1.0554347034778409	0.9108624841051788
11348	0	1	Frontal Pole	zstat	0.023932793054002362	-0.32247093103576724
11348	1	2	Insular Cortex	zstat	0.038712819840197955	-0.5574691035717627
11348	2	3	Superior Frontal Gyrus	zstat	-0.5648430937949401	-0.655361357603605
11348	3	4	Middle Frontal Gyrus	zstat	-0.7993493757022196	-0.010068262015868041
11348	4	5	Inferior Frontal Gyrus, pars triangularis	zstat	-0.6537722172851059	-0.22616332286564045
11348	5	6	Inferior Frontal Gyrus, pars opercularis	zstat	-0.2981078529143602	0.634649463932698
11348	6	7	Precentral Gyrus	zstat	-0.3133541282221733	0.95755341398988
11348	7	8	Temporal Pole	zstat	0.03341120395169822	-0.24372054439952662
11348	8	9	Superior Temporal Gyrus, anterior division	zstat	-0.05299733559099527	-0.13525417883617755
11348	9	10	Superior Temporal Gyrus, posterior division	zstat	-0.20851935643412464	0.10044712798107512
11348	10	11	Middle Temporal Gyrus, anterior division	zstat	0.037842076485837574	-0.4801718471318122
11348	11	12	Middle Temporal Gyrus, posterior division	zstat	0.0048923796519504585	-0.3421361879608962
11348	12	13	Middle Temporal Gyrus, temporooccipital part	zstat	-0.5093164463750923	-0.12167755477745316
11348	13	14	Inferior Temporal Gyrus, anterior division	zstat	0.3296422709272789	-0.8467147942830825
11348	14	15	Inferior Temporal Gyrus, posterior division	zstat	1.004162569661437	-0.3952954490494836
11348	15	16	Inferior Temporal Gyrus, temporooccipital part	zstat	-0.07937370424406254	0.7842805958817776
11348	16	17	Postcentral Gyrus	zstat	-0.641142921693542	1.1293681225850267
11348	17	18	Superior Parietal Lobule	zstat	0.2795552817659741	1.522797711924442
11348	18	19	Supramarginal Gyrus, anterior division	zstat	0.20203852017401477	0.9225326333332945
11348	19	20	Supramarginal Gyrus, posterior division	zstat	-0.18242542847578166	-0.1975915811613762
11348	20	21	Angular Gyrus	zstat	-0.43113614610770984	-0.865046040977583
11348	21	22	Lateral Occipital Cortex, superior division	zstat	0.40017229016859934	0.3035239259926629
11348	22	23	Lateral Occipital Cortex, inferior division	zstat	0.8735798364260413	0.3222827057680665
11348	23	24	Intracalcarine Cortex	zstat	0.028112777947277873	2.483060501439312
11348	24	25	Frontal Medial Cortex	zstat	0.5803740498843497	-0.11273187335831582
11348	25	26	Juxtapositional Lobule Cortex (formerly Supplementary Motor Cortex)	zstat	-0.835207395607958	0.25325047295238523
11348	26	27	Subcallosal Cortex	zstat	0.13480746572693952	0.00813661955583554
11348	27	28	Paracingulate Gyrus	zstat	0.2307381504137653	-0.5786165426083899
11348	28	29	Cingulate Gyrus, anterior division	zstat	0.3466893883511857	-0.28044402573622224
11348	29	30	Cingulate Gyrus, posterior division	zstat	0.29949913124011696	-0.5134105850959729
11348	30	31	Precuneous Cortex	zstat	0.7180130177331154	-0.011618530323748872
11348	31	32	Cuneal Cortex	zstat	0.5995752111891958	1.1069506525852926
11348	32	33	Frontal Orbital Cortex	zstat	0.003833734668045031	-0.1713352591094566
11348	33	34	Parahippocampal Gyrus, anterior division	zstat	0.6255642426935791	0.3407763435074697
11348	34	35	Parahippocampal Gyrus, posterior division	zstat	0.10558387297337418	0.07907624820001283
11348	35	36	Lingual Gyrus	zstat	0.27183988209029564	1.1313496751394048
11348	36	37	Temporal Fusiform Cortex, anterior division	zstat	-0.2607607035369262	0.2777391785412287
11348	37	38	Temporal Fusiform Cortex, posterior division	zstat	0.6581299016668931	-0.030541074888222882
11348	38	39	Temporal Occipital Fusiform Cortex	zstat	0.21895589165946985	0.28456677416942433
11348	39	40	Occipital Fusiform Gyrus	zstat	0.2762738758874687	1.4476342627966268
11348	40	41	Frontal Operculum Cortex	zstat	0.17395151622530794	-0.7599142957967902
11348	41	42	Central Opercular Cortex	zstat	-0.10961514689684422	0.13118508427275502
11348	42	43	Parietal Operculum Cortex	zstat	0.12469529869214532	0.15977830318781325
11348	43	44	Planum Polare	zstat	0.36348992249508966	-0.8304948332179195
11348	44	45	Heschl's Gyrus (includes H1 and H2)	zstat	-0.08422381911010478	-0.3511794902822046
11348	45	46	Planum Temporale	zstat	0.056913629308384214	-0.09399838195184963
11348	46	47	Supracalcarine Cortex	zstat	0.15568770186856706	1.7812808416189347
11348	47	48	Occipital Pole	zstat	0.7636620244358155	0.3289694978457681
11358	0	1	Frontal Pole	zstat	-0.11042299500365778	0.8394319897397435
11358	1	2	Insular Cortex	zstat	0.14641061522331153	-0.040948566531578315
11358	2	3	Superior Frontal Gyrus	zstat	-0.6738018464761102	1.067012519505988
11358	3	4	Middle Frontal Gyrus	zstat	0.3261062187734157	1.3773365664110468
11358	4	5	Inferior Frontal Gyrus, pars triangularis	zstat	-0.1966248703394256	0.8270594716340959
11358	5	6	Inferior Frontal Gyrus, pars opercularis	zstat	-0.5901589433266176	0.9182652259954394
11358	6	7	Precentral Gyrus	zstat	0.4430842350035978	0.3757231917022318
11358	7	8	Temporal Pole	zstat	-0.05228105192915294	0.2736771421521288
11358	8	9	Superior Temporal Gyrus, anterior division	zstat	0.6929894195344204	0.5045693346585792
11358	9	10	Superior Temporal Gyrus, posterior division	zstat	0.22425116490052602	0.9007008908457854
11358	10	11	Middle Temporal Gyrus, anterior division	zstat	0.3135095922679487	0.038777000129087344
11358	11	12	Middle Temporal Gyrus, posterior division	zstat	0.039834330706459586	1.5029460067286529
11358	12	13	Middle Temporal Gyrus, temporooccipital part	zstat	0.18107687635531397	0.2641662890937031
11358	13	14	Inferior Temporal Gyrus, anterior division	zstat	-1.2947342106852042	0.14841196969008216
11358	14	15	Inferior Temporal Gyrus, posterior division	zstat	0.0016385489876512148	0.14657651790494652
11358	15	16	Inferior Temporal Gyrus, temporooccipital part	zstat	1.3045100322065557	0.6008521222519
11358	16	17	Postcentral Gyrus	zstat	0.7005017010353344	0.894705682240386
11358	17	18	Superior Parietal Lobule	zstat	0.1935926974015286	1.4630273073677003
11358	18	19	Supramarginal Gyrus, anterior division	zstat	0.5246902994363121	0.08492819622797132
11358	19	20	Supramarginal Gyrus, posterior division	zstat	-0.2859778659021784	1.1728033758316039
11358	20	21	Angular Gyrus	zstat	0.051280628058290124	1.737332761619798
11358	21	22	Lateral Occipital Cortex, superior division	zstat	0.7832555697626573	1.4527183246265694
11358	22	23	Lateral Occipital Cortex, inferior division	zstat	1.1080981335550495	0.6589079219680808
11358	23	24	Intracalcarine Cortex	zstat	0.5635624442261201	0.8799972459592346
11358	24	25	Frontal Medial Cortex	zstat	1.1937771164884392	0.2972627435645736
11358	25	26	Juxtapositional Lobule Cortex (formerly Supplementary Motor Cortex)	zstat	-0.014058145143035045	0.5891259317380704
11358	26	27	Subcallosal Cortex	zstat	0.6991190994641958	0.4551655228321369
11358	27	28	Paracingulate Gyrus	zstat	0.23216770528709954	0.5713299313875562
11358	28	29	Cingulate Gyrus, anterior division	zstat	0.35581844564925846	0.4722539087041218
11358	29	30	Cingulate Gyrus, posterior division	zstat	0.7704808496444353	1.5462794118136434
11358	30	31	Precuneous Cortex	zstat	0.6614643455402388	1.2611644135388176
11358	31	32	Cuneal Cortex	zstat	-0.13382914861454576	1.4678611218053723
11358	32	33	Frontal Orbital Cortex	zstat	-0.0990342297502505	0.5793147488084472
11358	33	34	Parahippocampal Gyrus, anterior division	zstat	0.7681227772330452	-0.019859898112718412
11358	34	35	Parahippocampal Gyrus, posterior division	zstat	1.0664420132608732	0.34676253294818243
11358	35	36	Lingual Gyrus	zstat	0.6971843315900194	0.8427493582730397
11358	36	37	Temporal Fusiform Cortex, anterior division	zstat	0.28040125486540035	0.3835702302885499
11358	37	38	Temporal Fusiform Cortex, posterior division	zstat	0.8230326472767172	-0.11199560378182827
11358	38	39	Temporal Occipital Fusiform Cortex	zstat	0.6385570761893336	0.47379452167476727
11358	39	40	Occipital Fusiform Gyrus	zstat	1.1758710398632088	1.160145214751693
11358	40	41	Frontal Operculum Cortex	zstat	-1.1583048458751135	0.18241121051950426
11358	41	42	Central Opercular Cortex	zstat	0.3648815199577788	-0.090712590855915
11358	42	43	Parietal Operculum Cortex	zstat	0.27541705773733227	-0.7330954079894434
11358	43	44	Planum Polare	zstat	0.24840879729124254	-0.11079511449331034
11358	44	45	Heschl's Gyrus (includes H1 and H2)	zstat	0.34495877664110275	-0.35774314707394017
11358	45	46	Planum Temporale	zstat	0.07550652289680539	0.1725909209605745
11358	46	47	Supracalcarine Cortex	zstat	0.3552190058646684	1.2666317218161645
11358	47	48	Occipital Pole	zstat	1.3937269145404625	0.3928125452101026
11364	0	1	Frontal Pole	zstat	0.38084909256842814	-0.6984033267643002
11364	1	2	Insular Cortex	zstat	-0.462720219702145	0.07882910830180495
11364	2	3	Superior Frontal Gyrus	zstat	0.4438369788434631	-0.6575533424141411
11364	3	4	Middle Frontal Gyrus	zstat	0.6689373934035384	-0.0478556813311659
11364	4	5	Inferior Frontal Gyrus, pars triangularis	zstat	0.9244917431566437	-0.23727309077320227
11364	5	6	Inferior Frontal Gyrus, pars opercularis	zstat	1.1929768422422895	0.19901532035422265
11364	6	7	Precentral Gyrus	zstat	0.08596240616530916	0.8254897832243452
11364	7	8	Temporal Pole	zstat	0.23449602961184765	-0.2833692114588285
11364	8	9	Superior Temporal Gyrus, anterior division	zstat	0.05500718128079405	0.26998530032160956
11364	9	10	Superior Temporal Gyrus, posterior division	zstat	-0.06380465109197592	0.6991753994559796
11364	10	11	Middle Temporal Gyrus, anterior division	zstat	0.20638837798554172	-0.21982272404398936
11364	11	12	Middle Temporal Gyrus, posterior division	zstat	0.12683824229451254	-0.8787467315198997
11364	12	13	Middle Temporal Gyrus, temporooccipital part	zstat	1.2819649358379284	0.43457394025379475
11364	13	14	Inferior Temporal Gyrus, anterior division	zstat	-0.24473301667345346	-0.29640652507973403
11364	14	15	Inferior Temporal Gyrus, posterior division	zstat	0.1843141606059483	-0.1385571813580483
11364	15	16	Inferior Temporal Gyrus, temporooccipital part	zstat	1.4374742554022875	-0.20234013109558277
11364	16	17	Postcentral Gyrus	zstat	-0.1315636145702118	0.7527847047534811
11364	17	18	Superior Parietal Lobule	zstat	0.810427463868892	1.4148166424587487
11364	18	19	Supramarginal Gyrus, anterior division	zstat	1.1827777996693771	0.7161065406347158
11364	19	20	Supramarginal Gyrus, posterior division	zstat	0.6540983391043138	0.5864196909157948
11364	20	21	Angular Gyrus	zstat	0.6758904743745809	-0.7075489448976755
11364	21	22	Lateral Occipital Cortex, superior division	zstat	1.3133352321333989	1.1553665272570415
11364	22	23	Lateral Occipital Cortex, inferior division	zstat	0.9082101084987599	1.4248877578163905
11364	23	24	Intracalcarine Cortex	zstat	-0.4435318564035357	2.1748922245743674
11364	24	25	Frontal Medial Cortex	zstat	-0.06300576907708079	-0.6945653334755372
11364	25	26	Juxtapositional Lobule Cortex (formerly Supplementary Motor Cortex)	zstat	-0.15307972697239067	0.9124399518037241
11364	26	27	Subcallosal Cortex	zstat	0.39994414422858077	0.3451993405776403
11364	27	28	Paracingulate Gyrus	zstat	-0.06045705192306501	-0.7352610327673031
11364	28	29	Cingulate Gyrus, anterior division	zstat	0.13357448471725872	0.18584283404663315
11364	29	30	Cingulate Gyrus, posterior division	zstat	0.85878231063555	-0.07775361437323902
11364	30	31	Precuneous Cortex	zstat	0.7084693283477641	0.6098705012339193
11364	31	32	Cuneal Cortex	zstat	0.1746756564246278	1.7447368898026299
11364	32	33	Frontal Orbital Cortex	zstat	0.4215766205547064	-0.799143110656708
11364	33	34	Parahippocampal Gyrus, anterior division	zstat	-0.04708616054370645	0.16554142219194498
11364	34	35	Parahippocampal Gyrus, posterior division	zstat	0.4482152992055558	0.50745667295425
11364	35	36	Lingual Gyrus	zstat	0.5869997445385534	1.2507407936750183
11364	36	37	Temporal Fusiform Cortex, anterior division	zstat	-0.4452407734785625	-0.04220439197746574
11364	37	38	Temporal Fusiform Cortex, posterior division	zstat	0.16286559161976968	0.8665574595244784
11364	38	39	Temporal Occipital Fusiform Cortex	zstat	0.48548774491948415	1.1796829129003366
11364	39	40	Occipital Fusiform Gyrus	zstat	1.4245470946996268	1.3253118705047797
11364	40	41	Frontal Operculum Cortex	zstat	0.17077021226336414	-0.0558132389844043
11364	41	42	Central Opercular Cortex	zstat	0.03818241170405402	0.6818956996872748
11364	42	43	Parietal Operculum Cortex	zstat	-0.39641955557165826	0.7095477250292377
11364	43	44	Planum Polare	zstat	-0.20292320677065043	0.4502770455619889
11364	44	45	Heschl's Gyrus (includes H1 and H2)	zstat	-0.4923461538906883	0.6421544668844081
11364	45	46	Planum Temporale	zstat	-0.6177558851650197	0.7690921141520927
11364	46	47	Supracalcarine Cortex	zstat	-0.1487471747182389	1.7646999416595444
11364	47	48	Occipital Pole	zstat	1.0692577545649578	0.1933789558456607
11387	0	1	Frontal Pole	zstat	0.6192336338593991	0.30417212483854855
11387	1	2	Insular Cortex	zstat	-0.05717047593092592	-0.12645044207609124
11387	2	3	Superior Frontal Gyrus	zstat	0.43053885873735065	-0.20189209523144705
11387	3	4	Middle Frontal Gyrus	zstat	0.2298946029875415	0.5930585772745546
11387	4	5	Inferior Frontal Gyrus, pars triangularis	zstat	0.3758890822495349	-0.4980627603455363
11387	5	6	Inferior Frontal Gyrus, pars opercularis	zstat	0.06059761499517795	0.9195695135220504
11387	6	7	Precentral Gyrus	zstat	0.6862606828092614	0.1827783767673138
11387	7	8	Temporal Pole	zstat	0.29240237549853515	-0.525888905046088
11387	8	9	Superior Temporal Gyrus, anterior division	zstat	0.5091570486792196	-0.30854214128488916
11387	9	10	Superior Temporal Gyrus, posterior division	zstat	0.05186924937123723	-0.11698207618251394
11387	10	11	Middle Temporal Gyrus, anterior division	zstat	0.6814130222035656	-1.0451514175828935
11387	11	12	Middle Temporal Gyrus, posterior division	zstat	0.24932333763933598	-0.21167529575188973
11387	12	13	Middle Temporal Gyrus, temporooccipital part	zstat	0.9971694930064577	0.377746443197732
11387	13	14	Inferior Temporal Gyrus, anterior division	zstat	0.4688527507586239	-0.7017038929408427
11387	14	15	Inferior Temporal Gyrus, posterior division	zstat	0.5324597673267621	-0.04799358153141655
11387	15	16	Inferior Temporal Gyrus, temporooccipital part	zstat	0.7357039455630219	1.7357059462750053
11387	16	17	Postcentral Gyrus	zstat	0.36514661204441246	0.5776422058553283
11387	17	18	Superior Parietal Lobule	zstat	0.5214062908632568	1.8368744876118392
11387	18	19	Supramarginal Gyrus, anterior division	zstat	0.12886480286769156	0.8706618269405293
11387	19	20	Supramarginal Gyrus, posterior division	zstat	0.22226977185302924	0.5829425841557315
11387	20	21	Angular Gyrus	zstat	0.6287598631150907	-0.3952798732913331
11387	21	22	Lateral Occipital Cortex, superior division	zstat	1.3807026476652189	1.123341990830932
11387	22	23	Lateral Occipital Cortex, inferior division	zstat	1.6242204514314766	1.3367150209841634
11387	23	24	Intracalcarine Cortex	zstat	1.9426805554637288	1.2792986678321943
11387	24	25	Frontal Medial Cortex	zstat	0.18120390552109278	-0.5510497292658935
11387	25	26	Juxtapositional Lobule Cortex (formerly Supplementary Motor Cortex)	zstat	0.876194042568976	0.03694248081789025
11387	26	27	Subcallosal Cortex	zstat	0.4032541569501448	-0.26710040118867673
11387	27	28	Paracingulate Gyrus	zstat	0.7277113016126034	-0.06948698857951603
11387	28	29	Cingulate Gyrus, anterior division	zstat	1.2794692391276623	0.005621580625548801
11387	29	30	Cingulate Gyrus, posterior division	zstat	1.7373646989353002	0.2458643993040813
11387	30	31	Precuneous Cortex	zstat	1.463633295056619	0.8074901220523946
11387	31	32	Cuneal Cortex	zstat	1.8656841651619125	1.1568200950342502
11387	32	33	Frontal Orbital Cortex	zstat	0.23165530697140255	-0.22185436779291665
11387	33	34	Parahippocampal Gyrus, anterior division	zstat	0.633604645053238	0.2327541592360919
11387	34	35	Parahippocampal Gyrus, posterior division	zstat	0.4176990954099961	-0.5249245254885194
11387	35	36	Lingual Gyrus	zstat	1.4740660677990134	0.7651703223203373
11387	36	37	Temporal Fusiform Cortex, anterior division	zstat	0.8069818783683557	-1.1500196070261697
11387	37	38	Temporal Fusiform Cortex, posterior division	zstat	0.4743019762906212	-0.07038192455087774
11387	38	39	Temporal Occipital Fusiform Cortex	zstat	1.6956032953927358	0.73356897401759
11387	39	40	Occipital Fusiform Gyrus	zstat	2.5963520771376674	1.2077094734673437
11387	40	41	Frontal Operculum Cortex	zstat	-0.6564891978548282	0.0002103748676531455
11387	41	42	Central Opercular Cortex	zstat	0.302342152414769	-0.34091429125389244
11387	42	43	Parietal Operculum Cortex	zstat	0.5653569472090608	-0.30373537558518576
11387	43	44	Planum Polare	zstat	-0.25756820835322425	-0.19293933258505666
11387	44	45	Heschl's Gyrus (includes H1 and H2)	zstat	0.3738728842358985	0.10586556175311658
11387	45	46	Planum Temporale	zstat	0.6003032166656259	0.07187528229883544
11387	46	47	Supracalcarine Cortex	zstat	2.0335519256174286	1.1628609600060797
11387	47	48	Occipital Pole	zstat	1.8309342379319558	0.9644026823246427
11426	0	1	Frontal Pole	zstat	0.5324574151170676	-1.6672762338839777
11426	1	2	Insular Cortex	zstat	1.3589671634616651	-0.8738162658234212
11426	2	3	Superior Frontal Gyrus	zstat	0.7194814020711267	-1.8978057083934674
11426	3	4	Middle Frontal Gyrus	zstat	0.17136532453321413	-1.4350559639703921
11426	4	5	Inferior Frontal Gyrus, pars triangularis	zstat	0.08621772571858931	-1.5298808494715208
11426	5	6	Inferior Frontal Gyrus, pars opercularis	zstat	0.682046821539398	-2.2245173957512616
11426	6	7	Precentral Gyrus	zstat	0.6797079137825374	-1.2108081431069704
11426	7	8	Temporal Pole	zstat	0.07561769775372632	-0.40674778536022466
11426	8	9	Superior Temporal Gyrus, anterior division	zstat	0.8989727067119346	-0.26650253577301136
11426	9	10	Superior Temporal Gyrus, posterior division	zstat	0.09079060962833026	-1.1539791367053018
11426	10	11	Middle Temporal Gyrus, anterior division	zstat	0.46739533419039714	-0.41215127522765255
11426	11	12	Middle Temporal Gyrus, posterior division	zstat	0.19203795501989912	-1.3172428063300448
11426	12	13	Middle Temporal Gyrus, temporooccipital part	zstat	0.16654314506866877	-0.3619652865182332
11426	13	14	Inferior Temporal Gyrus, anterior division	zstat	0.23908743342748406	-0.008623074620311871
11426	14	15	Inferior Temporal Gyrus, posterior division	zstat	0.6758310413008717	-0.06519166200045917
11426	15	16	Inferior Temporal Gyrus, temporooccipital part	zstat	0.9007906952170036	-0.7993790737569698
11426	16	17	Postcentral Gyrus	zstat	0.8028796708045285	-1.1342196684447117
11426	17	18	Superior Parietal Lobule	zstat	0.11554838154218074	-0.985225533291678
11426	18	19	Supramarginal Gyrus, anterior division	zstat	1.098141281510255	-0.7493801520395748
11426	19	20	Supramarginal Gyrus, posterior division	zstat	0.9403708835122981	-0.19676692101135346
11426	20	21	Angular Gyrus	zstat	0.5172565629243967	-1.3416205107464452
11426	21	22	Lateral Occipital Cortex, superior division	zstat	0.4163140579508787	-1.224350960575113
11426	22	23	Lateral Occipital Cortex, inferior division	zstat	0.7503464666075313	-0.604125568227045
11426	23	24	Intracalcarine Cortex	zstat	0.4957884114184906	-0.5197487332652493
11426	24	25	Frontal Medial Cortex	zstat	1.0944836707240804	-0.023741477674388504
11426	25	26	Juxtapositional Lobule Cortex (formerly Supplementary Motor Cortex)	zstat	0.8952582197742084	-0.6813916212728096
11426	26	27	Subcallosal Cortex	zstat	1.1366119409968702	-0.6188753943368843
11426	27	28	Paracingulate Gyrus	zstat	1.0933567770076296	-1.5133775524001611
11426	28	29	Cingulate Gyrus, anterior division	zstat	1.4749121121683364	-0.6932132069358871
11426	29	30	Cingulate Gyrus, posterior division	zstat	1.073590037660407	-0.31044161987437735
11426	30	31	Precuneous Cortex	zstat	1.1149043175586202	-0.39292901380269535
11426	31	32	Cuneal Cortex	zstat	0.22206458011954433	-0.7690268414128084
11426	32	33	Frontal Orbital Cortex	zstat	0.49496360909410125	-0.5775401282828738
11426	33	34	Parahippocampal Gyrus, anterior division	zstat	0.40993466925502353	0.08161238550550544
11426	34	35	Parahippocampal Gyrus, posterior division	zstat	0.38149916603546236	0.09307909724697963
11426	35	36	Lingual Gyrus	zstat	0.7547337519325437	-0.9792365875656939
11426	36	37	Temporal Fusiform Cortex, anterior division	zstat	0.11008953561606745	0.8482789977433833
11426	37	38	Temporal Fusiform Cortex, posterior division	zstat	0.6487741802334978	0.20854685216308164
11426	38	39	Temporal Occipital Fusiform Cortex	zstat	1.2342122211449427	-0.4067108457605733
11426	39	40	Occipital Fusiform Gyrus	zstat	1.5016005791663918	-1.1778163587331305
11426	40	41	Frontal Operculum Cortex	zstat	1.2274257817203884	-1.1414878607217414
11426	41	42	Central Opercular Cortex	zstat	1.3392540354061806	-0.8164088475296706
11426	42	43	Parietal Operculum Cortex	zstat	1.813077733487359	-0.6564864091076392
11426	43	44	Planum Polare	zstat	0.26165354897566706	-0.5404537903564406
11426	44	45	Heschl's Gyrus (includes H1 and H2)	zstat	1.2320906109592882	-1.3288915243669315
11426	45	46	Planum Temporale	zstat	1.1367186113320789	-0.6550683899720682
11426	46	47	Supracalcarine Cortex	zstat	0.22005623953535836	-0.7970876868893492
11426	47	48	Occipital Pole	zstat	0.3774896571005716	-0.4273029708023761
11430	0	1	Frontal Pole	zstat	-0.3049391782694444	-0.08538953782925274
11430	1	2	Insular Cortex	zstat	-0.26780748225827977	0.5183507163591919
11430	2	3	Superior Frontal Gyrus	zstat	-0.2801460287483621	-0.3307667659851662
11430	3	4	Middle Frontal Gyrus	zstat	-0.05252570331170947	-0.014483393058712789
11430	4	5	Inferior Frontal Gyrus, pars triangularis	zstat	-0.47386435096695756	0.0008381881522561569
11430	5	6	Inferior Frontal Gyrus, pars opercularis	zstat	-0.32015946288039165	0.3951309888392555
11430	6	7	Precentral Gyrus	zstat	-0.11344322870930011	0.668509119830319
11430	7	8	Temporal Pole	zstat	-0.5044548494985186	-0.15808054922298836
11430	8	9	Superior Temporal Gyrus, anterior division	zstat	-0.5150070651792563	-0.27481768341400686
11430	9	10	Superior Temporal Gyrus, posterior division	zstat	-0.791946535198851	0.4210436186078912
11430	10	11	Middle Temporal Gyrus, anterior division	zstat	-0.20871247885151029	-0.35998697430868426
11430	11	12	Middle Temporal Gyrus, posterior division	zstat	-0.29535012368694646	-0.2637781011058625
11430	12	13	Middle Temporal Gyrus, temporooccipital part	zstat	-0.49709830712302855	-0.16274221185300156
11430	13	14	Inferior Temporal Gyrus, anterior division	zstat	-0.35819461885354065	-0.6789982731415499
11430	14	15	Inferior Temporal Gyrus, posterior division	zstat	-0.2137871574158233	-0.1167641812501818
11430	15	16	Inferior Temporal Gyrus, temporooccipital part	zstat	-0.2813850295544887	0.14648896118317803
11430	16	17	Postcentral Gyrus	zstat	-0.1772253565721052	0.7338811134028694
11430	17	18	Superior Parietal Lobule	zstat	-0.06775057109349635	0.7538148772033797
11430	18	19	Supramarginal Gyrus, anterior division	zstat	-0.5004767865860938	0.6457106233781411
11430	19	20	Supramarginal Gyrus, posterior division	zstat	-0.22901534253378977	0.34783941004810714
11430	20	21	Angular Gyrus	zstat	-0.5325802439972368	-0.2035660170057675
11430	21	22	Lateral Occipital Cortex, superior division	zstat	-0.05653913491341852	0.359146817183563
11430	22	23	Lateral Occipital Cortex, inferior division	zstat	-0.05616527964434091	1.0112896847770396
11430	23	24	Intracalcarine Cortex	zstat	0.2098548787230162	1.0794323388401488
11430	24	25	Frontal Medial Cortex	zstat	-0.012594158120506198	-0.17747985046515438
11430	25	26	Juxtapositional Lobule Cortex (formerly Supplementary Motor Cortex)	zstat	-0.2480229017616964	0.8513441587754248
11430	26	27	Subcallosal Cortex	zstat	-0.10179661001580266	-0.354441264200096
11430	27	28	Paracingulate Gyrus	zstat	-0.5623700036834697	0.09577842596270736
11430	28	29	Cingulate Gyrus, anterior division	zstat	-0.7703419402335431	0.3880364208313749
11430	29	30	Cingulate Gyrus, posterior division	zstat	-0.7686921210534472	-0.131491567150224
11430	30	31	Precuneous Cortex	zstat	-0.46600183574692694	0.11756018099754569
11430	31	32	Cuneal Cortex	zstat	0.04031641057515909	0.5394689508810837
11430	32	33	Frontal Orbital Cortex	zstat	-0.2896521882378822	0.10637932114121065
11430	33	34	Parahippocampal Gyrus, anterior division	zstat	-0.2476364041249004	0.0004872626107828939
11430	34	35	Parahippocampal Gyrus, posterior division	zstat	0.10261228026049037	-0.8774355545639991
11430	35	36	Lingual Gyrus	zstat	0.4100538615952246	0.9165691980286144
11430	36	37	Temporal Fusiform Cortex, anterior division	zstat	-0.02540599995669215	-0.02679522476218482
11430	37	38	Temporal Fusiform Cortex, posterior division	zstat	-0.25916374104799583	-0.3902370390304318
11430	38	39	Temporal Occipital Fusiform Cortex	zstat	-0.15016444944907642	0.688750799992888
11430	39	40	Occipital Fusiform Gyrus	zstat	0.286729758537185	1.1064890303987396
11430	40	41	Frontal Operculum Cortex	zstat	-0.5658781081819594	0.9566783161301698
11430	41	42	Central Opercular Cortex	zstat	-0.07034551481616648	0.6546933372447655
11430	42	43	Parietal Operculum Cortex	zstat	-0.11172870137011275	0.7586667776807462
11430	43	44	Planum Polare	zstat	-0.08989993453679876	0.22385048619933598
11430	44	45	Heschl's Gyrus (includes H1 and H2)	zstat	0.1701683598336622	0.2560725425105018
11430	45	46	Planum Temporale	zstat	0.01101670019493704	0.6037935281502614
11430	46	47	Supracalcarine Cortex	zstat	0.10648008869425889	0.9457691818713507
11430	47	48	Occipital Pole	zstat	0.26293023659638826	0.9033074742817501
11433	0	1	Frontal Pole	zstat	0.5329280617615326	0.8895116566724979
11433	1	2	Insular Cortex	zstat	-0.38349010900367186	0.4581487342742936
11433	2	3	Superior Frontal Gyrus	zstat	0.3000066768242117	0.526763142004883
11433	3	4	Middle Frontal Gyrus	zstat	0.6342053956708791	0.7518133636686881
11433	4	5	Inferior Frontal Gyrus, pars triangularis	zstat	0.42660176950622214	0.3537095545667198
11433	5	6	Inferior Frontal Gyrus, pars opercularis	zstat	0.06671057053457351	0.5505039776345632
11433	6	7	Precentral Gyrus	zstat	-0.04346914889697728	-0.24398185617431153
11433	7	8	Temporal Pole	zstat	-0.2186887598104251	-0.09931631947178288
11433	8	9	Superior Temporal Gyrus, anterior division	zstat	-0.08125926821361272	-0.7447880449107824
11433	9	10	Superior Temporal Gyrus, posterior division	zstat	0.6053194022796407	-0.16058995101870002
11433	10	11	Middle Temporal Gyrus, anterior division	zstat	-0.2525238647361967	-0.10242901515604845
11433	11	12	Middle Temporal Gyrus, posterior division	zstat	-0.08607931908085692	0.07855485414079824
11433	12	13	Middle Temporal Gyrus, temporooccipital part	zstat	0.04334060370280283	-0.05168459747335153
11433	13	14	Inferior Temporal Gyrus, anterior division	zstat	-0.626714811185733	0.547943702434636
11433	14	15	Inferior Temporal Gyrus, posterior division	zstat	0.3122721283625349	0.19537511688719442
11433	15	16	Inferior Temporal Gyrus, temporooccipital part	zstat	1.143280222839085	0.867244209882885
11433	16	17	Postcentral Gyrus	zstat	-0.10184140363222231	0.30613748560260357
11433	17	18	Superior Parietal Lobule	zstat	2.03363179978169	1.553976802693147
11433	18	19	Supramarginal Gyrus, anterior division	zstat	-0.6675850733836544	1.3363260546731504
11433	19	20	Supramarginal Gyrus, posterior division	zstat	0.3181895720840092	1.1043889201825132
11433	20	21	Angular Gyrus	zstat	0.7388426674734375	1.0873037327538502
11433	21	22	Lateral Occipital Cortex, superior division	zstat	0.8108258431504437	0.5385140383569832
11433	22	23	Lateral Occipital Cortex, inferior division	zstat	0.32370143637443444	-0.1999127465842333
11433	23	24	Intracalcarine Cortex	zstat	1.3694640597335792	-1.2742671256609521
11433	24	25	Frontal Medial Cortex	zstat	-0.17812700238382667	-1.2122366242507037
11433	25	26	Juxtapositional Lobule Cortex (formerly Supplementary Motor Cortex)	zstat	-0.06536809200322849	0.11885374158029319
11433	26	27	Subcallosal Cortex	zstat	0.5039893340068654	-0.6302268686950601
11433	27	28	Paracingulate Gyrus	zstat	0.10643572896228207	0.17656824885393504
11433	28	29	Cingulate Gyrus, anterior division	zstat	0.3765101775342512	-0.13461759002184717
11433	29	30	Cingulate Gyrus, posterior division	zstat	0.665698877612395	-0.18571835998811626
11433	30	31	Precuneous Cortex	zstat	0.6184202293583188	-0.6870717155922937
11433	31	32	Cuneal Cortex	zstat	0.9088425222833841	-0.34744760191105223
11433	32	33	Frontal Orbital Cortex	zstat	0.27982201756777797	0.01815805284487378
11433	33	34	Parahippocampal Gyrus, anterior division	zstat	-0.13768087126535108	0.09259410883841904
11433	34	35	Parahippocampal Gyrus, posterior division	zstat	-0.034520217897106874	-0.7489321354425178
11433	35	36	Lingual Gyrus	zstat	0.6781251569113578	-0.6927130561148529
11433	36	37	Temporal Fusiform Cortex, anterior division	zstat	0.11397173214069706	0.4524779401047499
11433	37	38	Temporal Fusiform Cortex, posterior division	zstat	-0.062128110822625204	-0.5535562747015246
11433	38	39	Temporal Occipital Fusiform Cortex	zstat	0.9179500749386901	0.11811539832455027
11433	39	40	Occipital Fusiform Gyrus	zstat	1.8369734643111473	-0.35189852397159077
11433	40	41	Frontal Operculum Cortex	zstat	-0.14704163512707216	0.7039426125296462
11433	41	42	Central Opercular Cortex	zstat	-0.37424326432415467	0.43817234722401704
11433	42	43	Parietal Operculum Cortex	zstat	-0.7694870039252186	1.1129560962706884
11433	43	44	Planum Polare	zstat	0.1976981242933801	0.1444220094806479
11433	44	45	Heschl's Gyrus (includes H1 and H2)	zstat	-0.18865727766713103	-0.10834188944733088
11433	45	46	Planum Temporale	zstat	0.22858653426263223	0.2524646927249151
11433	46	47	Supracalcarine Cortex	zstat	1.1181476785940059	-1.3410523689966252
11433	47	48	Occipital Pole	zstat	0.883090907381385	-0.7572376921502639
11435	0	1	Frontal Pole	zstat	0.023682113972198007	0.03362635905177241
11435	1	2	Insular Cortex	zstat	-0.23805997595281653	0.3113984656890844
11435	2	3	Superior Frontal Gyrus	zstat	-0.05048758742671722	-0.17699977273447803
11435	3	4	Middle Frontal Gyrus	zstat	-0.6077733074925158	0.12465851489070712
11435	4	5	Inferior Frontal Gyrus, pars triangularis	zstat	-0.38285135968114087	0.41438976386035986
11435	5	6	Inferior Frontal Gyrus, pars opercularis	zstat	-0.848036387681339	0.19204111232813517
11435	6	7	Precentral Gyrus	zstat	-0.8616989573985739	0.052308045236651564
11435	7	8	Temporal Pole	zstat	-0.3379160298206431	0.058489438919166345
11435	8	9	Superior Temporal Gyrus, anterior division	zstat	-0.2157566729347962	0.0644195411927425
11435	9	10	Superior Temporal Gyrus, posterior division	zstat	-0.5097435387947549	0.1529563692698479
11435	10	11	Middle Temporal Gyrus, anterior division	zstat	-0.1832634826284597	-0.3544706168761755
11435	11	12	Middle Temporal Gyrus, posterior division	zstat	-0.00397027483860605	0.19936557400339763
11435	12	13	Middle Temporal Gyrus, temporooccipital part	zstat	-0.2149135280266645	-0.4246225920747219
11435	13	14	Inferior Temporal Gyrus, anterior division	zstat	-0.23306454526337647	-1.442462669354836
11435	14	15	Inferior Temporal Gyrus, posterior division	zstat	-0.038759711717828195	0.10625330312296923
11435	15	16	Inferior Temporal Gyrus, temporooccipital part	zstat	-0.7164354403868123	-0.297448010486909
11435	16	17	Postcentral Gyrus	zstat	-0.4443201774680663	-0.13431799436676436
11435	17	18	Superior Parietal Lobule	zstat	-0.43938474889521995	-0.34838581494155907
11435	18	19	Supramarginal Gyrus, anterior division	zstat	-0.9788766540535209	0.17780222157079725
11435	19	20	Supramarginal Gyrus, posterior division	zstat	-0.7999401384163837	0.12288665584590588
11435	20	21	Angular Gyrus	zstat	-0.03728525120993074	-0.31364189061309034
11435	21	22	Lateral Occipital Cortex, superior division	zstat	-0.10437892698430354	-0.7238112931169738
11435	22	23	Lateral Occipital Cortex, inferior division	zstat	0.014973905914681836	-0.8765207586294876
11435	23	24	Intracalcarine Cortex	zstat	0.012218052307542427	-0.6333211483851715
11435	24	25	Frontal Medial Cortex	zstat	0.47165317820378494	0.055281658027550626
11435	25	26	Juxtapositional Lobule Cortex (formerly Supplementary Motor Cortex)	zstat	-1.0778583394791428	-0.7359566221287398
11435	26	27	Subcallosal Cortex	zstat	0.2829280515438698	-0.14540263303698828
11435	27	28	Paracingulate Gyrus	zstat	0.5471414517940135	-0.1782004106830578
11435	28	29	Cingulate Gyrus, anterior division	zstat	-0.0866410930813522	-0.1263446982031105
11435	29	30	Cingulate Gyrus, posterior division	zstat	0.7843350474978797	-0.4827880353839802
11435	30	31	Precuneous Cortex	zstat	0.12977238917886164	-0.868642993767282
11435	31	32	Cuneal Cortex	zstat	-0.19182629855050232	-0.3406543169736433
11435	32	33	Frontal Orbital Cortex	zstat	0.11230301555842609	0.16625881728991848
11435	33	34	Parahippocampal Gyrus, anterior division	zstat	-0.11133020435793704	0.4285237229376644
11435	34	35	Parahippocampal Gyrus, posterior division	zstat	0.36854471094941477	-0.44211342429988226
11435	35	36	Lingual Gyrus	zstat	-0.05360347264397301	-0.24483300427819493
11435	36	37	Temporal Fusiform Cortex, anterior division	zstat	0.759000142811672	-1.1229274457465883
11435	37	38	Temporal Fusiform Cortex, posterior division	zstat	-0.014419320300734392	-0.10545529430193534
11435	38	39	Temporal Occipital Fusiform Cortex	zstat	-0.2518494490081037	-0.2903228333812304
11435	39	40	Occipital Fusiform Gyrus	zstat	0.5391819231216233	-0.9535259674267632
11435	40	41	Frontal Operculum Cortex	zstat	-0.9929077716567749	0.3355372869864521
11435	41	42	Central Opercular Cortex	zstat	-0.7312367607941098	0.0031299118615614858
11435	42	43	Parietal Operculum Cortex	zstat	-0.603200894799995	-0.7833577666708226
11435	43	44	Planum Polare	zstat	-0.5902907436212368	0.8513975823120363
11435	44	45	Heschl's Gyrus (includes H1 and H2)	zstat	-0.0552782878796849	-0.2011425111181004
11435	45	46	Planum Temporale	zstat	-0.42093579890077465	-0.308459969866928
11435	46	47	Supracalcarine Cortex	zstat	-0.7109512263076737	-0.9272177228902249
11435	47	48	Occipital Pole	zstat	0.3482617053275824	-0.5613626675051405
11451	0	1	Frontal Pole	zstat	0.751229131602416	-0.7221681191547653
11451	1	2	Insular Cortex	zstat	0.7427252104805537	0.14104288021499983
11451	2	3	Superior Frontal Gyrus	zstat	0.1505924958032448	-0.884259852701685
11451	3	4	Middle Frontal Gyrus	zstat	-0.17881013524001005	-0.5760706884440926
11451	4	5	Inferior Frontal Gyrus, pars triangularis	zstat	0.196817320793944	-1.2193285275759056
11451	5	6	Inferior Frontal Gyrus, pars opercularis	zstat	-0.4736739156900154	-0.8899438282151163
11451	6	7	Precentral Gyrus	zstat	0.9323794307980421	0.4562313497701722
11451	7	8	Temporal Pole	zstat	-0.2652088478507579	-0.11104744908558316
11451	8	9	Superior Temporal Gyrus, anterior division	zstat	0.13467266156982918	-0.14909892114930046
11451	9	10	Superior Temporal Gyrus, posterior division	zstat	-0.33211338381561173	-0.49977668812203635
11451	10	11	Middle Temporal Gyrus, anterior division	zstat	-0.7910945674293299	-0.5902098576579966
11451	11	12	Middle Temporal Gyrus, posterior division	zstat	-0.4580882268136962	-0.6581592684408757
11451	12	13	Middle Temporal Gyrus, temporooccipital part	zstat	0.08410741659543448	-0.1249600261498814
11451	13	14	Inferior Temporal Gyrus, anterior division	zstat	0.13537275779595564	0.030488514751967417
11451	14	15	Inferior Temporal Gyrus, posterior division	zstat	0.03242668714539505	-0.10179240980542817
11451	15	16	Inferior Temporal Gyrus, temporooccipital part	zstat	0.6811864486124033	-0.3873951599360687
11451	16	17	Postcentral Gyrus	zstat	0.5785690077323385	0.5796549345285672
11451	17	18	Superior Parietal Lobule	zstat	1.566134376679926	1.0964384055818648
11451	18	19	Supramarginal Gyrus, anterior division	zstat	0.6525415404445354	0.7599363804488719
11451	19	20	Supramarginal Gyrus, posterior division	zstat	0.307177190736213	0.42838712336976914
11451	20	21	Angular Gyrus	zstat	-0.5726168858661372	-0.8173984205728482
11451	21	22	Lateral Occipital Cortex, superior division	zstat	0.8285839138941496	0.412706698849219
11451	22	23	Lateral Occipital Cortex, inferior division	zstat	0.5258040071070208	0.283628067333243
11451	23	24	Intracalcarine Cortex	zstat	1.4493795215344267	1.2475884150307588
11451	24	25	Frontal Medial Cortex	zstat	0.7205815521425548	-0.6282375105475042
11451	25	26	Juxtapositional Lobule Cortex (formerly Supplementary Motor Cortex)	zstat	1.6388582900367878	1.963015240239533
11451	26	27	Subcallosal Cortex	zstat	0.025584341855182383	0.017932187074508804
11451	27	28	Paracingulate Gyrus	zstat	1.0192891582952064	-0.5630298361916747
11451	28	29	Cingulate Gyrus, anterior division	zstat	1.2033715044494553	0.2534206229543473
11451	29	30	Cingulate Gyrus, posterior division	zstat	0.9781020839560245	-0.25401836691690344
11451	30	31	Precuneous Cortex	zstat	0.7494262202300026	-0.13278265525628527
11451	31	32	Cuneal Cortex	zstat	1.2491472369155943	1.1497841717937585
11451	32	33	Frontal Orbital Cortex	zstat	0.0021736218383993657	-0.9888422479706708
11451	33	34	Parahippocampal Gyrus, anterior division	zstat	0.40106485311644546	0.012753351566802084
11451	34	35	Parahippocampal Gyrus, posterior division	zstat	0.27211599899455907	-0.03726994893952923
11451	35	36	Lingual Gyrus	zstat	1.2515141261551048	0.7480672707373978
11451	36	37	Temporal Fusiform Cortex, anterior division	zstat	0.16594152466942233	0.40503664872219375
11451	37	38	Temporal Fusiform Cortex, posterior division	zstat	0.03552537712317823	0.24662415317102238
11451	38	39	Temporal Occipital Fusiform Cortex	zstat	0.40117440167073476	-0.02188314306869712
11451	39	40	Occipital Fusiform Gyrus	zstat	0.5129380062028922	0.6852336655769978
11451	40	41	Frontal Operculum Cortex	zstat	0.2943187889783886	-1.0249452498415437
11451	41	42	Central Opercular Cortex	zstat	1.161690015971459	0.8504892157981666
11451	42	43	Parietal Operculum Cortex	zstat	0.8800191081786141	0.8057475837200483
11451	43	44	Planum Polare	zstat	0.6176211240999969	0.9416719312972446
11451	44	45	Heschl's Gyrus (includes H1 and H2)	zstat	0.7526851142799559	-0.08934354560432552
11451	45	46	Planum Temporale	zstat	0.6338108103319878	0.1193852069983749
11451	46	47	Supracalcarine Cortex	zstat	1.3920793432217249	1.6748230189402054
11451	47	48	Occipital Pole	zstat	0.893432424825086	0.6324696757624868
11492	0	1	Frontal Pole	zstat	-0.09329454735332245	-0.6250940797366789
11492	1	2	Insular Cortex	zstat	-0.07662012379081656	-0.8236531804273521
11492	2	3	Superior Frontal Gyrus	zstat	-0.5674053003738092	-0.9897370792643457
11492	3	4	Middle Frontal Gyrus	zstat	-0.6822883472003336	0.055819464493000646
11492	4	5	Inferior Frontal Gyrus, pars triangularis	zstat	-0.28773452146267176	0.5231627698885192
11492	5	6	Inferior Frontal Gyrus, pars opercularis	zstat	-0.26292686596500675	0.5032718866253375
11492	6	7	Precentral Gyrus	zstat	-0.09024142110244908	0.11723054522683701
11492	7	8	Temporal Pole	zstat	-0.8352804451691176	-0.6089153679842155
11492	8	9	Superior Temporal Gyrus, anterior division	zstat	-0.6590729343442199	-0.3651983694770397
11492	9	10	Superior Temporal Gyrus, posterior division	zstat	0.0932367242806192	0.553624358705499
11492	10	11	Middle Temporal Gyrus, anterior division	zstat	-0.4949154630970599	-1.0153807036245046
11492	11	12	Middle Temporal Gyrus, posterior division	zstat	0.22754477489694333	-0.24642008091778617
11492	12	13	Middle Temporal Gyrus, temporooccipital part	zstat	-0.08633832617418166	-0.05901407377337691
11492	13	14	Inferior Temporal Gyrus, anterior division	zstat	-0.6431508094937535	-0.26786834850477487
11492	14	15	Inferior Temporal Gyrus, posterior division	zstat	0.08952121912995291	-0.5262847818450243
11492	15	16	Inferior Temporal Gyrus, temporooccipital part	zstat	-0.27182564666362674	-0.6618384441157539
11492	16	17	Postcentral Gyrus	zstat	-0.16527164386160187	-0.13643459118538254
11492	17	18	Superior Parietal Lobule	zstat	-0.4339742557630872	0.09380714103256858
11492	18	19	Supramarginal Gyrus, anterior division	zstat	-0.4038149358721933	-0.30362148092999297
11492	19	20	Supramarginal Gyrus, posterior division	zstat	-0.25538388372216425	-0.6585368788813719
11492	20	21	Angular Gyrus	zstat	-0.47817350664887537	-0.46467233302076416
11492	21	22	Lateral Occipital Cortex, superior division	zstat	-0.3425804982984335	-0.6742552103592307
11492	22	23	Lateral Occipital Cortex, inferior division	zstat	-0.33340884006329075	-0.9173004299444683
11492	23	24	Intracalcarine Cortex	zstat	0.38382741021660993	-1.3290442539893583
11492	24	25	Frontal Medial Cortex	zstat	0.37684649692213407	-1.3789201195761298
11492	25	26	Juxtapositional Lobule Cortex (formerly Supplementary Motor Cortex)	zstat	-0.5007397221657762	-0.03365866716922028
11492	26	27	Subcallosal Cortex	zstat	-0.07794984200736507	-0.5896263365848706
11492	27	28	Paracingulate Gyrus	zstat	-0.21301713744787473	-1.091083481095085
11492	28	29	Cingulate Gyrus, anterior division	zstat	0.019202257306217736	-1.68073366202564
11492	29	30	Cingulate Gyrus, posterior division	zstat	-0.3115134673198419	-0.8415888637899022
11492	30	31	Precuneous Cortex	zstat	-0.28627253028458366	-1.027578068981994
11492	31	32	Cuneal Cortex	zstat	0.23214731472164926	-1.5940414434288548
11492	32	33	Frontal Orbital Cortex	zstat	-0.2213520312702452	-0.591502393855926
11492	33	34	Parahippocampal Gyrus, anterior division	zstat	-0.0366887899592933	-0.6358851378781524
11492	34	35	Parahippocampal Gyrus, posterior division	zstat	0.17450767104285506	-0.4374610267228113
11492	35	36	Lingual Gyrus	zstat	0.10992110845583834	-0.9912242794531465
11492	36	37	Temporal Fusiform Cortex, anterior division	zstat	0.19308417521040236	-0.42844047749758507
11492	37	38	Temporal Fusiform Cortex, posterior division	zstat	-0.1341208296167951	-0.4995629285889391
11492	38	39	Temporal Occipital Fusiform Cortex	zstat	-0.3139977041130067	-0.7910659472608794
11492	39	40	Occipital Fusiform Gyrus	zstat	0.24600232576642367	-0.9449474619237267
11492	40	41	Frontal Operculum Cortex	zstat	-0.490623686369215	-0.49394695611255823
11492	41	42	Central Opercular Cortex	zstat	0.20205343114618415	-0.40961956183932713
11492	42	43	Parietal Operculum Cortex	zstat	-0.6369341182366467	-0.39859870183819357
11492	43	44	Planum Polare	zstat	0.13838233341612205	0.0794656265525677
11492	44	45	Heschl's Gyrus (includes H1 and H2)	zstat	-0.16867082320531393	-0.049250800274140825
11492	45	46	Planum Temporale	zstat	-0.05909721359063631	-0.027043492731269336
11492	46	47	Supracalcarine Cortex	zstat	0.6542580578515821	-1.0807078778347436
11492	47	48	Occipital Pole	zstat	1.3445965484574511	-1.1224508684299404
11498	0	1	Frontal Pole	zstat	-0.15376688354789636	0.289863734869246
11498	1	2	Insular Cortex	zstat	0.8284489134728306	0.5304535119047629
11498	2	3	Superior Frontal Gyrus	zstat	-0.10374821066320854	-0.2115670461137961
11498	3	4	Middle Frontal Gyrus	zstat	-0.4056619700175879	1.1325666602712006
11498	4	5	Inferior Frontal Gyrus, pars triangularis	zstat	0.2962213186333554	0.7123139895725175
11498	5	6	Inferior Frontal Gyrus, pars opercularis	zstat	0.2505405879093483	1.0803976123944812
11498	6	7	Precentral Gyrus	zstat	0.5382657314026024	0.29242156627866883
11498	7	8	Temporal Pole	zstat	0.1092866389817156	-0.15497653627932148
11498	8	9	Superior Temporal Gyrus, anterior division	zstat	0.7284318928326218	-0.6252635238095163
11498	9	10	Superior Temporal Gyrus, posterior division	zstat	1.5978154544537138	-0.4108909859659162
11498	10	11	Middle Temporal Gyrus, anterior division	zstat	-0.0037428326293158887	-1.0714475863474184
11498	11	12	Middle Temporal Gyrus, posterior division	zstat	0.24469780623598766	0.23806689469683953
11498	12	13	Middle Temporal Gyrus, temporooccipital part	zstat	0.6510877989316128	1.2027031336609175
11498	13	14	Inferior Temporal Gyrus, anterior division	zstat	-0.28509364030998996	-0.0034384732492841207
11498	14	15	Inferior Temporal Gyrus, posterior division	zstat	-0.2969001656095652	0.7218099401834237
11498	15	16	Inferior Temporal Gyrus, temporooccipital part	zstat	-0.0001358130304733597	1.645613816594566
11498	16	17	Postcentral Gyrus	zstat	0.7460168826625095	0.052736046957206385
11498	17	18	Superior Parietal Lobule	zstat	0.2029215996789201	1.927093366396875
11498	18	19	Supramarginal Gyrus, anterior division	zstat	0.9238748923754665	1.124732854376392
11498	19	20	Supramarginal Gyrus, posterior division	zstat	0.5757721201529273	1.1372807762148236
11498	20	21	Angular Gyrus	zstat	0.09006209659445848	0.3338460905934017
11498	21	22	Lateral Occipital Cortex, superior division	zstat	-0.09643820881888283	1.220975641453321
11498	22	23	Lateral Occipital Cortex, inferior division	zstat	0.856045774981105	0.8746986705511242
11498	23	24	Intracalcarine Cortex	zstat	0.5862108304397229	1.4167354996714756
11498	24	25	Frontal Medial Cortex	zstat	0.35058869770150103	-0.2649747688174231
11498	25	26	Juxtapositional Lobule Cortex (formerly Supplementary Motor Cortex)	zstat	1.0008735661237576	0.28026315975443433
11498	26	27	Subcallosal Cortex	zstat	0.5262556780693838	-1.1669660528118795
11498	27	28	Paracingulate Gyrus	zstat	0.267949902441735	-0.4040587362471674
11498	28	29	Cingulate Gyrus, anterior division	zstat	0.9715265466497319	-0.034035202665417257
11498	29	30	Cingulate Gyrus, posterior division	zstat	0.16408912127200476	-0.06736554261775954
11498	30	31	Precuneous Cortex	zstat	0.1008938897831449	-0.1606493277871743
11498	31	32	Cuneal Cortex	zstat	0.9490129801851518	0.8483873461577716
11498	32	33	Frontal Orbital Cortex	zstat	0.42697965327679144	0.24157829429820432
11498	33	34	Parahippocampal Gyrus, anterior division	zstat	-0.099139624637906	0.5561962359880027
11498	34	35	Parahippocampal Gyrus, posterior division	zstat	0.09545760584274693	-0.026006917205731436
11498	35	36	Lingual Gyrus	zstat	0.9560550847869397	0.6975333086670252
11498	36	37	Temporal Fusiform Cortex, anterior division	zstat	-0.610569900441923	-0.15206957351150494
11498	37	38	Temporal Fusiform Cortex, posterior division	zstat	-0.3308327407471951	0.5805239370361246
11498	38	39	Temporal Occipital Fusiform Cortex	zstat	1.072826996090305	1.124391930617365
11498	39	40	Occipital Fusiform Gyrus	zstat	1.6724598808324431	0.12433765197323353
11498	40	41	Frontal Operculum Cortex	zstat	-0.04701796347498424	1.292108880917487
11498	41	42	Central Opercular Cortex	zstat	1.269134502573713	-0.683209814247846
11498	42	43	Parietal Operculum Cortex	zstat	1.767154317096273	-0.28949385442650466
11498	43	44	Planum Polare	zstat	1.6347599421905084	0.01890335158437832
11498	44	45	Heschl's Gyrus (includes H1 and H2)	zstat	1.592637909842389	-0.5525548432005166
11498	45	46	Planum Temporale	zstat	1.7842157936108058	-0.5359602209897789
11498	46	47	Supracalcarine Cortex	zstat	0.8402929704220212	0.7774270479666426
11498	47	48	Occipital Pole	zstat	0.9840899386626493	0.6161623168635677
11517	0	1	Frontal Pole	zstat	-0.25917365948802673	0.5517545518360646
11517	1	2	Insular Cortex	zstat	0.10176261936478531	0.44676372146869786
11517	2	3	Superior Frontal Gyrus	zstat	-0.1962524550541947	0.5731692738047386
11517	3	4	Middle Frontal Gyrus	zstat	0.18615653723253384	0.5949217585780381
11517	4	5	Inferior Frontal Gyrus, pars triangularis	zstat	0.3740896666094067	1.6131833065755092
11517	5	6	Inferior Frontal Gyrus, pars opercularis	zstat	0.3521655827971023	0.31289513463666835
11517	6	7	Precentral Gyrus	zstat	0.8378248894631564	-0.013941938753767303
11517	7	8	Temporal Pole	zstat	0.11140756022777176	0.2896567853440604
11517	8	9	Superior Temporal Gyrus, anterior division	zstat	0.509263705729674	0.7232775813679043
11517	9	10	Superior Temporal Gyrus, posterior division	zstat	0.41253596078302085	0.7479563381919009
11517	10	11	Middle Temporal Gyrus, anterior division	zstat	0.433695515206452	0.4694530510023904
11517	11	12	Middle Temporal Gyrus, posterior division	zstat	0.2744460016457222	0.492010051701777
11517	12	13	Middle Temporal Gyrus, temporooccipital part	zstat	0.2981335267663499	1.187580953179532
11517	13	14	Inferior Temporal Gyrus, anterior division	zstat	0.623183482662725	-0.12639943717740554
11517	14	15	Inferior Temporal Gyrus, posterior division	zstat	0.2689275599818908	0.16228092245926912
11517	15	16	Inferior Temporal Gyrus, temporooccipital part	zstat	-0.0847036293916293	0.5613913658985507
11517	16	17	Postcentral Gyrus	zstat	0.5085879743345076	-0.5005351688223132
11517	17	18	Superior Parietal Lobule	zstat	-0.2603986392609208	-0.25850432448020677
11517	18	19	Supramarginal Gyrus, anterior division	zstat	0.09843223989618882	-0.29768803120478643
11517	19	20	Supramarginal Gyrus, posterior division	zstat	0.23253113398976574	0.49532273548660716
11517	20	21	Angular Gyrus	zstat	0.4612819406346933	0.8297180483278325
11517	21	22	Lateral Occipital Cortex, superior division	zstat	-0.09411448965962481	0.6764693509332839
11517	22	23	Lateral Occipital Cortex, inferior division	zstat	0.14995858460689224	-0.11404836776346298
11517	23	24	Intracalcarine Cortex	zstat	0.5365352079513255	0.03695453269869643
11517	24	25	Frontal Medial Cortex	zstat	0.8397804493181975	0.3872411453713339
11517	25	26	Juxtapositional Lobule Cortex (formerly Supplementary Motor Cortex)	zstat	-1.1700972092119235	0.12909552134491653
11517	26	27	Subcallosal Cortex	zstat	0.3553911399938023	0.36565604547269265
11517	27	28	Paracingulate Gyrus	zstat	-0.14437782336792987	-0.12688521366737848
11517	28	29	Cingulate Gyrus, anterior division	zstat	-0.003094211781606615	0.016387420229783223
11517	29	30	Cingulate Gyrus, posterior division	zstat	-0.48187830906148466	0.3196861327669716
11517	30	31	Precuneous Cortex	zstat	-0.03694411341665549	0.5092161283240169
11517	31	32	Cuneal Cortex	zstat	-1.1971385391333995	-0.6382293456746162
11517	32	33	Frontal Orbital Cortex	zstat	0.2461128790610876	0.46875586678726294
11517	33	34	Parahippocampal Gyrus, anterior division	zstat	0.31345473307564	0.017261596954946893
11517	34	35	Parahippocampal Gyrus, posterior division	zstat	-0.14076799467768308	0.4210629604862265
11517	35	36	Lingual Gyrus	zstat	-0.18739917694762073	-0.16309242459126702
11517	36	37	Temporal Fusiform Cortex, anterior division	zstat	0.4812109385293426	0.09495064148560484
11517	37	38	Temporal Fusiform Cortex, posterior division	zstat	0.3567346148705831	0.3790480252964464
11517	38	39	Temporal Occipital Fusiform Cortex	zstat	0.17868462653374248	0.22606984537507863
11517	39	40	Occipital Fusiform Gyrus	zstat	0.40404317278624297	0.5962966564679247
11517	40	41	Frontal Operculum Cortex	zstat	-0.38205060455361145	-0.18235348880744906
11517	41	42	Central Opercular Cortex	zstat	0.4188026522120319	-0.04787884276637485
11517	42	43	Parietal Operculum Cortex	zstat	0.04321714765025861	0.7411367990015084
11517	43	44	Planum Polare	zstat	0.03167813487363382	0.6676091118650165
11517	44	45	Heschl's Gyrus (includes H1 and H2)	zstat	0.3538852919360906	1.3060928018868811
11517	45	46	Planum Temporale	zstat	0.6375384296140946	1.0941645340735855
11517	46	47	Supracalcarine Cortex	zstat	0.2594703861333905	-0.32375337758121336
11517	47	48	Occipital Pole	zstat	0.4215638132509569	0.24029447426505862
11518	0	1	Frontal Pole	zstat	0.4417643033055391	0.25490735900403283
11518	1	2	Insular Cortex	zstat	-0.2895345381316996	-0.037148538425366286
11518	2	3	Superior Frontal Gyrus	zstat	0.38368146944345205	-0.6882225719262001
11518	3	4	Middle Frontal Gyrus	zstat	0.39085175507272074	-0.5765150834600875
11518	4	5	Inferior Frontal Gyrus, pars triangularis	zstat	0.096357630372449	0.2607350532828463
11518	5	6	Inferior Frontal Gyrus, pars opercularis	zstat	-0.22017820035393063	-0.22014870748272664
11518	6	7	Precentral Gyrus	zstat	-0.028824218047270853	-0.2890204447733281
11518	7	8	Temporal Pole	zstat	-0.3819725759089831	-0.395154904864646
11518	8	9	Superior Temporal Gyrus, anterior division	zstat	-0.28870699929389865	-0.2429335635824081
11518	9	10	Superior Temporal Gyrus, posterior division	zstat	0.05555434608695932	0.1507821808532848
11518	10	11	Middle Temporal Gyrus, anterior division	zstat	-0.5634752092090671	-1.3174716770509953
11518	11	12	Middle Temporal Gyrus, posterior division	zstat	0.049665073513535586	-0.8159661370393058
11518	12	13	Middle Temporal Gyrus, temporooccipital part	zstat	0.5866137341115152	-0.20597916359127982
11518	13	14	Inferior Temporal Gyrus, anterior division	zstat	-0.6166502789776089	-0.6302068086786019
11518	14	15	Inferior Temporal Gyrus, posterior division	zstat	-0.28367862607220273	-0.16962258210093373
11518	15	16	Inferior Temporal Gyrus, temporooccipital part	zstat	0.5841810117860554	-0.8232464983576298
11518	16	17	Postcentral Gyrus	zstat	-0.18755749357284715	-0.3685288047489445
11518	17	18	Superior Parietal Lobule	zstat	0.6534815374615155	-0.5374396570073319
11518	18	19	Supramarginal Gyrus, anterior division	zstat	0.5632435893993479	0.3215751056451592
11518	19	20	Supramarginal Gyrus, posterior division	zstat	0.25908265085072835	-0.24796639424103714
11518	20	21	Angular Gyrus	zstat	0.12567479518667066	-0.9528888170359193
11518	21	22	Lateral Occipital Cortex, superior division	zstat	0.7920344510867179	-0.1307620119866653
11518	22	23	Lateral Occipital Cortex, inferior division	zstat	0.6637654168343005	-0.0532154754540497
11518	23	24	Intracalcarine Cortex	zstat	0.17037012492232242	0.8890636587580703
11518	24	25	Frontal Medial Cortex	zstat	-0.23668181365322824	1.2998449429976986
11518	25	26	Juxtapositional Lobule Cortex (formerly Supplementary Motor Cortex)	zstat	-0.41223291029234893	0.717776098124985
11518	26	27	Subcallosal Cortex	zstat	0.13158724507173666	0.5624512730954359
11518	27	28	Paracingulate Gyrus	zstat	0.3236022768646801	0.20373641266049244
11518	28	29	Cingulate Gyrus, anterior division	zstat	0.12889462256575593	0.8069991839660422
11518	29	30	Cingulate Gyrus, posterior division	zstat	0.2560292509331235	0.037702676765753756
11518	30	31	Precuneous Cortex	zstat	0.5509463525849483	0.04356386529105655
11518	31	32	Cuneal Cortex	zstat	1.4495691193144835	-0.7072932873284672
11518	32	33	Frontal Orbital Cortex	zstat	-0.1146239690493806	0.1282058544291266
11518	33	34	Parahippocampal Gyrus, anterior division	zstat	0.07460405683377758	-0.7377560210756265
11518	34	35	Parahippocampal Gyrus, posterior division	zstat	0.59518518314855	-0.1960190970503356
11518	35	36	Lingual Gyrus	zstat	0.725852783727634	0.9481054023272067
11518	36	37	Temporal Fusiform Cortex, anterior division	zstat	0.07857890552609947	-0.5274559513043203
11518	37	38	Temporal Fusiform Cortex, posterior division	zstat	0.18472646395183928	-0.2757543650138787
11518	38	39	Temporal Occipital Fusiform Cortex	zstat	0.9176081283528283	-0.45111872461770963
11518	39	40	Occipital Fusiform Gyrus	zstat	1.0596681515813844	0.6902436049183722
11518	40	41	Frontal Operculum Cortex	zstat	-0.03266432717786867	-0.3312408979101686
11518	41	42	Central Opercular Cortex	zstat	-0.2873716298927747	0.22625028718327092
11518	42	43	Parietal Operculum Cortex	zstat	-0.6218046153231339	0.679411440227313
11518	43	44	Planum Polare	zstat	-0.611866390361017	0.7377762994871169
11518	44	45	Heschl's Gyrus (includes H1 and H2)	zstat	-1.0079079004957379	0.6950619916350061
11518	45	46	Planum Temporale	zstat	-0.9855680382111396	0.7994614716766304
11518	46	47	Supracalcarine Cortex	zstat	1.11701415548537	0.5286980759689307
11518	47	48	Occipital Pole	zstat	0.7072020453693074	0.16853653808950528
11523	0	1	Frontal Pole	zstat	0.16856576859894185	-0.1773692645097119
11523	1	2	Insular Cortex	zstat	-0.07651412893839554	0.20947407596633907
11523	2	3	Superior Frontal Gyrus	zstat	0.32696445803774393	-0.48282694959586847
11523	3	4	Middle Frontal Gyrus	zstat	0.5244831467421652	0.5976357913824395
11523	4	5	Inferior Frontal Gyrus, pars triangularis	zstat	-0.3787467174014128	0.14599299447081232
11523	5	6	Inferior Frontal Gyrus, pars opercularis	zstat	-1.1599300852682455	0.07192733218083262
11523	6	7	Precentral Gyrus	zstat	-0.44119976879519396	-0.4052405763969836
11523	7	8	Temporal Pole	zstat	0.1697539814482921	-0.6930108238093448
11523	8	9	Superior Temporal Gyrus, anterior division	zstat	0.7032511035434138	-0.8284766197437421
11523	9	10	Superior Temporal Gyrus, posterior division	zstat	0.1892706735232352	-0.9253401484706306
11523	10	11	Middle Temporal Gyrus, anterior division	zstat	0.14594914779873258	-1.0560163728538345
11523	11	12	Middle Temporal Gyrus, posterior division	zstat	0.0666810613360924	-0.5767544902464938
11523	12	13	Middle Temporal Gyrus, temporooccipital part	zstat	0.3810153744251376	0.9510075518676184
11523	13	14	Inferior Temporal Gyrus, anterior division	zstat	-0.7508431259961523	-0.9103852167653923
11523	14	15	Inferior Temporal Gyrus, posterior division	zstat	0.08133583384650675	-0.6507990235687872
11523	15	16	Inferior Temporal Gyrus, temporooccipital part	zstat	0.7156401174907475	1.19817533849742
11523	16	17	Postcentral Gyrus	zstat	-0.12220420851635382	-0.6553637045164309
11523	17	18	Superior Parietal Lobule	zstat	0.1786744063408444	1.1564953247252656
11523	18	19	Supramarginal Gyrus, anterior division	zstat	-0.13146300927471236	1.1832049868029706
11523	19	20	Supramarginal Gyrus, posterior division	zstat	0.2570278145322526	0.6819720352999866
11523	20	21	Angular Gyrus	zstat	-0.21886855305139558	-0.48892249481168665
11523	21	22	Lateral Occipital Cortex, superior division	zstat	0.047247375781374265	0.8811541423589065
11523	22	23	Lateral Occipital Cortex, inferior division	zstat	-0.23682732666625456	0.5419931877200937
11523	23	24	Intracalcarine Cortex	zstat	-1.5125350755719098	0.5707780650560019
11523	24	25	Frontal Medial Cortex	zstat	0.5348030277018035	-0.7037758525726815
11523	25	26	Juxtapositional Lobule Cortex (formerly Supplementary Motor Cortex)	zstat	0.3001316050287789	-0.03640936916014431
11523	26	27	Subcallosal Cortex	zstat	0.9096861148203831	0.061459438939793755
11523	27	28	Paracingulate Gyrus	zstat	1.0680941158040276	0.1210000500572641
11523	28	29	Cingulate Gyrus, anterior division	zstat	0.5098004937009152	0.6456353145538557
11523	29	30	Cingulate Gyrus, posterior division	zstat	1.878334259163056	0.3440399954668911
11523	30	31	Precuneous Cortex	zstat	1.2307543651248916	0.3462608210066397
11523	31	32	Cuneal Cortex	zstat	-1.0828713078935632	0.20908636534447161
11523	32	33	Frontal Orbital Cortex	zstat	-0.21387079484888152	-0.08044057180623003
11523	33	34	Parahippocampal Gyrus, anterior division	zstat	0.043578399159556705	-0.40381550999869287
11523	34	35	Parahippocampal Gyrus, posterior division	zstat	0.8835566748355357	0.31668053636995125
11523	35	36	Lingual Gyrus	zstat	-0.13165660935281098	0.311818972288071
11523	36	37	Temporal Fusiform Cortex, anterior division	zstat	0.10411597384760778	-0.9965935092062709
11523	37	38	Temporal Fusiform Cortex, posterior division	zstat	0.16709223816875793	-0.03212211719672428
11523	38	39	Temporal Occipital Fusiform Cortex	zstat	0.3445765335776146	1.580897085641462
11523	39	40	Occipital Fusiform Gyrus	zstat	0.32592771817262167	0.6803815480716366
11523	40	41	Frontal Operculum Cortex	zstat	-0.4389591537682073	1.3024504839935724
11523	41	42	Central Opercular Cortex	zstat	-0.31467209416789843	-0.23903416407696051
11523	42	43	Parietal Operculum Cortex	zstat	0.22109880378980398	-0.27230326293111984
11523	43	44	Planum Polare	zstat	-0.458586246774084	0.16949837054445885
11523	44	45	Heschl's Gyrus (includes H1 and H2)	zstat	-0.18395944800193545	-0.65154076202382
11523	45	46	Planum Temporale	zstat	-0.15327023691304256	-0.6546709674947129
11523	46	47	Supracalcarine Cortex	zstat	-0.9303408213593858	0.058609192497394186
11523	47	48	Occipital Pole	zstat	-0.24912379228061415	-0.13424745765646576
11526	0	1	Frontal Pole	zstat	0.3051077143932319	-0.11431793162197743
11526	1	2	Insular Cortex	zstat	-0.09216674946398344	1.1708603606352508
11526	2	3	Superior Frontal Gyrus	zstat	0.9640472590533979	-0.7425451314966102
11526	3	4	Middle Frontal Gyrus	zstat	1.135291054458955	-0.5368446516425011
11526	4	5	Inferior Frontal Gyrus, pars triangularis	zstat	-0.23929257163072512	-1.1667821527794624
11526	5	6	Inferior Frontal Gyrus, pars opercularis	zstat	-0.8686929872938082	-0.910933256668184
11526	6	7	Precentral Gyrus	zstat	0.4332474948591065	0.5769630922324189
11526	7	8	Temporal Pole	zstat	-0.644373026353566	0.1506103014856491
11526	8	9	Superior Temporal Gyrus, anterior division	zstat	-1.2656539209951192	0.7011787107644173
11526	9	10	Superior Temporal Gyrus, posterior division	zstat	-0.9609390173472885	0.30233870975918126
11526	10	11	Middle Temporal Gyrus, anterior division	zstat	-0.6380834435988496	-0.8051357718976909
11526	11	12	Middle Temporal Gyrus, posterior division	zstat	-0.5574089936436275	-0.27335775761486386
11526	12	13	Middle Temporal Gyrus, temporooccipital part	zstat	0.4906227102567553	0.29997876550394725
11526	13	14	Inferior Temporal Gyrus, anterior division	zstat	0.1186831803088622	-0.2545439498290659
11526	14	15	Inferior Temporal Gyrus, posterior division	zstat	0.14907808545197335	-0.2896068161849073
11526	15	16	Inferior Temporal Gyrus, temporooccipital part	zstat	1.0761220660725255	-0.39594268163669605
11526	16	17	Postcentral Gyrus	zstat	0.11407180183880922	0.9205342610446615
11526	17	18	Superior Parietal Lobule	zstat	0.8619238342124275	1.8703364466519885
11526	18	19	Supramarginal Gyrus, anterior division	zstat	0.34958264857565086	1.5713901024380768
11526	19	20	Supramarginal Gyrus, posterior division	zstat	0.35832118718582834	0.3955128774336363
11526	20	21	Angular Gyrus	zstat	0.3731575601256741	-0.29217827366247656
11526	21	22	Lateral Occipital Cortex, superior division	zstat	1.0340223883382749	0.18265633265615444
11526	22	23	Lateral Occipital Cortex, inferior division	zstat	0.24623534325685312	0.284316773436687
11526	23	24	Intracalcarine Cortex	zstat	0.2666203363038462	1.4538410536560742
11526	24	25	Frontal Medial Cortex	zstat	0.5702636605987312	-0.38274690231014413
11526	25	26	Juxtapositional Lobule Cortex (formerly Supplementary Motor Cortex)	zstat	1.2436199601203977	1.0311294975824263
11526	26	27	Subcallosal Cortex	zstat	1.0316375366835229	-0.20807839679316834
11526	27	28	Paracingulate Gyrus	zstat	0.6740532022686773	0.44388594797348946
11526	28	29	Cingulate Gyrus, anterior division	zstat	0.4227986008885082	1.026659174494113
11526	29	30	Cingulate Gyrus, posterior division	zstat	1.3861179979698999	-0.14611762890405952
11526	30	31	Precuneous Cortex	zstat	1.7721031626370831	0.27183723032788587
11526	31	32	Cuneal Cortex	zstat	0.2640799591292605	1.3440360171993226
11526	32	33	Frontal Orbital Cortex	zstat	-0.40648903606216125	-0.035590144055581335
11526	33	34	Parahippocampal Gyrus, anterior division	zstat	0.07852007417766525	0.008264674283811344
11526	34	35	Parahippocampal Gyrus, posterior division	zstat	0.8756866104812976	0.09731405981166183
11526	35	36	Lingual Gyrus	zstat	0.9197447164976773	1.2430767549616606
11526	36	37	Temporal Fusiform Cortex, anterior division	zstat	0.6313347929943327	0.18462716198876394
11526	37	38	Temporal Fusiform Cortex, posterior division	zstat	-0.20576310230282488	-0.35993531822757324
11526	38	39	Temporal Occipital Fusiform Cortex	zstat	0.21501616882008734	0.7725442306485505
11526	39	40	Occipital Fusiform Gyrus	zstat	1.1009697577245363	0.664679452324064
11526	40	41	Frontal Operculum Cortex	zstat	0.46394916670983893	0.2031985484807118
11526	41	42	Central Opercular Cortex	zstat	-0.02266595250079572	1.153575952736322
11526	42	43	Parietal Operculum Cortex	zstat	0.450863912349997	0.9274260546843082
11526	43	44	Planum Polare	zstat	-0.7599293583797874	1.796365175417532
11526	44	45	Heschl's Gyrus (includes H1 and H2)	zstat	0.2243733386405044	1.0662607236803952
11526	45	46	Planum Temporale	zstat	-0.06953553943391734	0.8763158469205501
11526	46	47	Supracalcarine Cortex	zstat	0.07073048058342427	1.8212748176239906
11526	47	48	Occipital Pole	zstat	0.2728922731274627	-0.1175481505876304
11527	0	1	Frontal Pole	zstat	0.6446898492811418	0.5163226620748517
11527	1	2	Insular Cortex	zstat	1.5201125647576876	0.589236899840261
11527	2	3	Superior Frontal Gyrus	zstat	0.6170896500642253	0.15854312563722942
11527	3	4	Middle Frontal Gyrus	zstat	0.814159837122808	0.510064085735459
11527	4	5	Inferior Frontal Gyrus, pars triangularis	zstat	0.8415550126207121	-0.08543650161367072
11527	5	6	Inferior Frontal Gyrus, pars opercularis	zstat	1.7187329989859703	0.11776480069955236
11527	6	7	Precentral Gyrus	zstat	1.4839483945178047	-0.7157583365128456
11527	7	8	Temporal Pole	zstat	0.44391961239233885	-0.2757151585816738
11527	8	9	Superior Temporal Gyrus, anterior division	zstat	0.8087212663263273	-0.05845768200949981
11527	9	10	Superior Temporal Gyrus, posterior division	zstat	1.8674886973103049	-0.6817441172338418
11527	10	11	Middle Temporal Gyrus, anterior division	zstat	-0.11176176471627011	-0.29246101806968894
11527	11	12	Middle Temporal Gyrus, posterior division	zstat	-0.03521330515877528	0.5146995932979623
11527	12	13	Middle Temporal Gyrus, temporooccipital part	zstat	1.0145472403571838	0.3411164715533187
11527	13	14	Inferior Temporal Gyrus, anterior division	zstat	-0.4016623805227452	-0.3287467192080059
11527	14	15	Inferior Temporal Gyrus, posterior division	zstat	0.06657877340995419	-0.2072059071104986
11527	15	16	Inferior Temporal Gyrus, temporooccipital part	zstat	1.7017641424234224	1.1733194062679158
11527	16	17	Postcentral Gyrus	zstat	1.1871920673804277	-0.20238605767856707
11527	17	18	Superior Parietal Lobule	zstat	1.7712061354924689	0.40007738139319327
11527	18	19	Supramarginal Gyrus, anterior division	zstat	2.3085144993736995	-0.1404681068715743
11527	19	20	Supramarginal Gyrus, posterior division	zstat	1.2407150896439152	0.8197157607338316
11527	20	21	Angular Gyrus	zstat	0.16096879932622402	1.0729999095269451
11527	21	22	Lateral Occipital Cortex, superior division	zstat	0.8768645380617471	0.7235001338100022
11527	22	23	Lateral Occipital Cortex, inferior division	zstat	2.0492714610810845	0.6718033796876666
11527	23	24	Intracalcarine Cortex	zstat	0.6665508460104362	-1.0876274749515251
11527	24	25	Frontal Medial Cortex	zstat	0.35274321177696927	-0.48384491640517935
11527	25	26	Juxtapositional Lobule Cortex (formerly Supplementary Motor Cortex)	zstat	1.5576361092499684	-0.06245114105420087
11527	26	27	Subcallosal Cortex	zstat	0.5598904513368884	-0.010773112748462993
11527	27	28	Paracingulate Gyrus	zstat	0.71160601552691	0.6770589226084103
11527	28	29	Cingulate Gyrus, anterior division	zstat	1.0044942437529305	-0.09410830884451694
11527	29	30	Cingulate Gyrus, posterior division	zstat	0.576196665787005	1.0981188030229283
11527	30	31	Precuneous Cortex	zstat	0.7850792440800224	0.6235428075166833
11527	31	32	Cuneal Cortex	zstat	0.8434249637731064	-0.4509317450186118
11527	32	33	Frontal Orbital Cortex	zstat	0.5876240316630373	0.4811822503354132
11527	33	34	Parahippocampal Gyrus, anterior division	zstat	0.40981127497656644	-0.1898949051946654
11527	34	35	Parahippocampal Gyrus, posterior division	zstat	0.5231336655688279	-0.26122994852106235
11527	35	36	Lingual Gyrus	zstat	0.7072693289302833	-0.3290886958643911
11527	36	37	Temporal Fusiform Cortex, anterior division	zstat	-0.006640944745497289	-0.21429724766747327
11527	37	38	Temporal Fusiform Cortex, posterior division	zstat	0.4945885429468179	-0.08071994050993006
11527	38	39	Temporal Occipital Fusiform Cortex	zstat	1.1293531695377017	0.40461465024185544
11527	39	40	Occipital Fusiform Gyrus	zstat	1.4619555596969964	0.26588390588038385
11527	40	41	Frontal Operculum Cortex	zstat	0.6402451651084761	1.3124685452296203
11527	41	42	Central Opercular Cortex	zstat	2.3212374327103458	-0.5956260529712055
11527	42	43	Parietal Operculum Cortex	zstat	2.559344769331395	-0.5921484722666026
11527	43	44	Planum Polare	zstat	1.7986891557349654	-0.18867745366167873
11527	44	45	Heschl's Gyrus (includes H1 and H2)	zstat	1.6431032626885353	-0.6156894615148559
11527	45	46	Planum Temporale	zstat	2.513413713249143	-1.1335729708600986
11527	46	47	Supracalcarine Cortex	zstat	0.6418414235813543	-1.0049914376849824
11527	47	48	Occipital Pole	zstat	1.3066142242585255	0.3660964249955236
11529	0	1	Frontal Pole	zstat	-0.3162734870806473	-0.2988454261458783
11529	1	2	Insular Cortex	zstat	0.5451322966954216	0.18928988273315464
11529	2	3	Superior Frontal Gyrus	zstat	-1.3563281570202594	-0.18084103470031698
11529	3	4	Middle Frontal Gyrus	zstat	-0.5590514565437376	0.11634340575804598
11529	4	5	Inferior Frontal Gyrus, pars triangularis	zstat	-1.187370715872171	0.22741122686714277
11529	5	6	Inferior Frontal Gyrus, pars opercularis	zstat	-0.0034370944667763345	-0.15853171215585665
11529	6	7	Precentral Gyrus	zstat	0.5651898279705287	0.382987090341564
11529	7	8	Temporal Pole	zstat	-0.8240136327534769	0.5881868096357658
11529	8	9	Superior Temporal Gyrus, anterior division	zstat	-0.7982788470740884	0.5339672279448654
11529	9	10	Superior Temporal Gyrus, posterior division	zstat	-0.9925740619262607	-0.23232000017865234
11529	10	11	Middle Temporal Gyrus, anterior division	zstat	-0.8749835868908176	0.15158235233176304
11529	11	12	Middle Temporal Gyrus, posterior division	zstat	-0.8979219953088263	-0.06947680337691824
11529	12	13	Middle Temporal Gyrus, temporooccipital part	zstat	-1.2709241591937113	0.2583232725934578
11529	13	14	Inferior Temporal Gyrus, anterior division	zstat	-1.4792968023281832	0.3106408145818749
11529	14	15	Inferior Temporal Gyrus, posterior division	zstat	-0.4392951343904462	-0.21986800314499244
11529	15	16	Inferior Temporal Gyrus, temporooccipital part	zstat	-0.6338331904053799	0.3669380474004438
11529	16	17	Postcentral Gyrus	zstat	0.9558718588718045	-0.1519653617324429
11529	17	18	Superior Parietal Lobule	zstat	0.6474672568732203	-0.38288575925086954
11529	18	19	Supramarginal Gyrus, anterior division	zstat	1.1951534037703015	0.20586342489308057
11529	19	20	Supramarginal Gyrus, posterior division	zstat	0.4972034960047175	0.019842153789815367
11529	20	21	Angular Gyrus	zstat	-0.5572632797110263	0.026575902620357635
11529	21	22	Lateral Occipital Cortex, superior division	zstat	-0.6108311269265417	-0.08563839973482772
11529	22	23	Lateral Occipital Cortex, inferior division	zstat	-0.5687954271685395	0.27007014043785627
11529	23	24	Intracalcarine Cortex	zstat	-0.6258167925332437	-1.1280525437925837
11529	24	25	Frontal Medial Cortex	zstat	-0.02929409219534962	-0.045410271809958186
11529	25	26	Juxtapositional Lobule Cortex (formerly Supplementary Motor Cortex)	zstat	-0.1575115010444377	0.6772574200512207
11529	26	27	Subcallosal Cortex	zstat	0.09183876777902837	-0.46365699300535756
11529	27	28	Paracingulate Gyrus	zstat	-0.4034925952755631	0.24369424913534404
11529	28	29	Cingulate Gyrus, anterior division	zstat	0.5783474623021903	0.9386614092607919
11529	29	30	Cingulate Gyrus, posterior division	zstat	-0.36558842058107255	0.5578141782911761
11529	30	31	Precuneous Cortex	zstat	-0.16825529489884933	0.7488580562993697
11529	31	32	Cuneal Cortex	zstat	-0.41838324524693504	0.43276683908103536
11529	32	33	Frontal Orbital Cortex	zstat	-0.891754707971815	-0.06006901721801874
11529	33	34	Parahippocampal Gyrus, anterior division	zstat	-0.44186522985553056	-0.24076474301874498
11529	34	35	Parahippocampal Gyrus, posterior division	zstat	-0.18089037809239805	-0.1250083024982574
11529	35	36	Lingual Gyrus	zstat	-0.5222453440934502	-0.5966177229974551
11529	36	37	Temporal Fusiform Cortex, anterior division	zstat	-1.4586718444520912	0.6490003599814992
11529	37	38	Temporal Fusiform Cortex, posterior division	zstat	-0.6181651963491679	0.03206170056850398
11529	38	39	Temporal Occipital Fusiform Cortex	zstat	-0.9033277472868481	-0.26807170657602697
11529	39	40	Occipital Fusiform Gyrus	zstat	-0.637717439195287	0.1164442454899066
11529	40	41	Frontal Operculum Cortex	zstat	0.506561700818168	0.5684966691574004
11529	41	42	Central Opercular Cortex	zstat	1.6039071370037736	0.43497639769740143
11529	42	43	Parietal Operculum Cortex	zstat	0.7251553667123019	0.48344107946619713
11529	43	44	Planum Polare	zstat	0.1544884065279865	-0.4383450648711838
11529	44	45	Heschl's Gyrus (includes H1 and H2)	zstat	1.0420162944500828	-0.1369909536617074
11529	45	46	Planum Temporale	zstat	0.5927822217674168	-0.336445072156292
11529	46	47	Supracalcarine Cortex	zstat	-0.7161071518599551	-0.44267628479134685
11529	47	48	Occipital Pole	zstat	-0.18432792430155473	0.8489967143934177
11530	0	1	Frontal Pole	zstat	0.17270267573210163	-1.3267131176074676
11530	1	2	Insular Cortex	zstat	0.1369144909152905	-0.07710905409058781
11530	2	3	Superior Frontal Gyrus	zstat	-0.20694694540321454	-2.173667649566846
11530	3	4	Middle Frontal Gyrus	zstat	-0.1808728530210976	-2.216834319350186
11530	4	5	Inferior Frontal Gyrus, pars triangularis	zstat	-1.8994612886069488	-0.932006811405908
11530	5	6	Inferior Frontal Gyrus, pars opercularis	zstat	-0.8727429808466587	-1.2440000607313582
11530	6	7	Precentral Gyrus	zstat	0.42437207738708554	-0.5714214850006148
11530	7	8	Temporal Pole	zstat	-0.4696184835345716	-0.10412532875712784
11530	8	9	Superior Temporal Gyrus, anterior division	zstat	-0.4015272202782142	0.16712425749462384
11530	9	10	Superior Temporal Gyrus, posterior division	zstat	-1.1145626521660257	-0.9220887393412458
11530	10	11	Middle Temporal Gyrus, anterior division	zstat	-0.4920014141294271	-0.23051344546849523
11530	11	12	Middle Temporal Gyrus, posterior division	zstat	-1.0687605022980091	-0.8450508067744882
11530	12	13	Middle Temporal Gyrus, temporooccipital part	zstat	-0.06599511451454912	-0.4625726815487964
11530	13	14	Inferior Temporal Gyrus, anterior division	zstat	-0.005599869667971231	-0.5462535235964687
11530	14	15	Inferior Temporal Gyrus, posterior division	zstat	-0.023902782773342967	-0.6676329325749484
11530	15	16	Inferior Temporal Gyrus, temporooccipital part	zstat	0.16340003714335513	-0.20607669275971183
11530	16	17	Postcentral Gyrus	zstat	0.25337236064000296	-0.6782342160219813
11530	17	18	Superior Parietal Lobule	zstat	0.8425583863115119	-0.2889362624042797
11530	18	19	Supramarginal Gyrus, anterior division	zstat	1.704043812868056	1.2911882026069281
11530	19	20	Supramarginal Gyrus, posterior division	zstat	0.5126566610940908	-0.5339109058379403
11530	20	21	Angular Gyrus	zstat	-0.2039421860242102	-1.2998729535558162
11530	21	22	Lateral Occipital Cortex, superior division	zstat	0.4008413961252224	-0.7654859936865323
11530	22	23	Lateral Occipital Cortex, inferior division	zstat	0.5543589908171943	-0.46047316575449215
11530	23	24	Intracalcarine Cortex	zstat	1.0323650640578659	-1.912611411721355
11530	24	25	Frontal Medial Cortex	zstat	-0.4867603532781706	0.330649633706937
11530	25	26	Juxtapositional Lobule Cortex (formerly Supplementary Motor Cortex)	zstat	0.12104726901570512	0.8295066593509054
11530	26	27	Subcallosal Cortex	zstat	-0.0030858416540118366	0.21283097453773595
11530	27	28	Paracingulate Gyrus	zstat	-0.18030448733287527	-1.6381681891197433
11530	28	29	Cingulate Gyrus, anterior division	zstat	0.028407703917271307	-0.17242752662531205
11530	29	30	Cingulate Gyrus, posterior division	zstat	-0.07844655743347748	-0.11850843728080925
11530	30	31	Precuneous Cortex	zstat	0.2627530269938017	-0.21258549884303216
11530	31	32	Cuneal Cortex	zstat	0.6841697977492358	-1.4632183409496282
11530	32	33	Frontal Orbital Cortex	zstat	-0.4097719617363783	-1.0601870440384122
11530	33	34	Parahippocampal Gyrus, anterior division	zstat	0.1043820099754978	0.1486427402667252
11530	34	35	Parahippocampal Gyrus, posterior division	zstat	0.07221736427712834	0.7467112795572798
11530	35	36	Lingual Gyrus	zstat	0.5549559309417834	-0.9466225913347797
11530	36	37	Temporal Fusiform Cortex, anterior division	zstat	0.3419822192262092	-0.8041562433585736
11530	37	38	Temporal Fusiform Cortex, posterior division	zstat	0.028857826038060162	0.20349506039746273
11530	38	39	Temporal Occipital Fusiform Cortex	zstat	0.37259071291117823	0.5072876930682689
11530	39	40	Occipital Fusiform Gyrus	zstat	0.7090729445073788	-0.9190302900444867
11530	40	41	Frontal Operculum Cortex	zstat	0.13907676315113135	-0.04159439840361852
11530	41	42	Central Opercular Cortex	zstat	0.3217792082347503	0.13862563257004595
11530	42	43	Parietal Operculum Cortex	zstat	0.5391650136204456	-0.3133897071829548
11530	43	44	Planum Polare	zstat	0.3005330295422832	0.9364350263548318
11530	44	45	Heschl's Gyrus (includes H1 and H2)	zstat	0.1774300089457892	-0.11921308384907822
11530	45	46	Planum Temporale	zstat	0.38757325783101043	-0.6056565565961333
11530	46	47	Supracalcarine Cortex	zstat	0.8080875524815093	-1.3432094440894558
11530	47	48	Occipital Pole	zstat	0.4280145925284576	-1.0928494203820511
11532	0	1	Frontal Pole	zstat	-0.424350610015184	-0.0500314063110037
11532	1	2	Insular Cortex	zstat	-0.0316138872992463	0.41102705650337157
11532	2	3	Superior Frontal Gyrus	zstat	-0.11669992076215663	-0.19878600614711522
11532	3	4	Middle Frontal Gyrus	zstat	0.7401251889941761	-0.1319590710528339
11532	4	5	Inferior Frontal Gyrus, pars triangularis	zstat	0.21619024924792932	0.07960956438803413
11532	5	6	Inferior Frontal Gyrus, pars opercularis	zstat	0.18470175211278023	0.13453223339375456
11532	6	7	Precentral Gyrus	zstat	0.5645576400331501	0.6330134292152437
11532	7	8	Temporal Pole	zstat	-0.6213320786967536	0.0038160111431610622
11532	8	9	Superior Temporal Gyrus, anterior division	zstat	-0.46460467291375	0.13331938837296686
11532	9	10	Superior Temporal Gyrus, posterior division	zstat	-0.15011342144692197	-0.19269575133682348
11532	10	11	Middle Temporal Gyrus, anterior division	zstat	-0.3083529013292447	0.32288027664215596
11532	11	12	Middle Temporal Gyrus, posterior division	zstat	-0.12001667953157413	-0.2695371751722294
11532	12	13	Middle Temporal Gyrus, temporooccipital part	zstat	0.5337573506201149	0.11051501950274377
11532	13	14	Inferior Temporal Gyrus, anterior division	zstat	-0.7073959195235546	-0.559318628867526
11532	14	15	Inferior Temporal Gyrus, posterior division	zstat	0.20128722808531851	0.2603564840305737
11532	15	16	Inferior Temporal Gyrus, temporooccipital part	zstat	0.9699000300571962	0.7773115795771174
11532	16	17	Postcentral Gyrus	zstat	0.7488969199609457	0.6112959843503474
11532	17	18	Superior Parietal Lobule	zstat	1.3567389575324542	0.12093265487915125
11532	18	19	Supramarginal Gyrus, anterior division	zstat	0.07334212202177796	-0.04332170077703065
11532	19	20	Supramarginal Gyrus, posterior division	zstat	-0.24078555428218473	-0.5034927860720435
11532	20	21	Angular Gyrus	zstat	-0.4868911475653472	-0.036766758497371835
11532	21	22	Lateral Occipital Cortex, superior division	zstat	0.9544870315933375	0.294028179315696
11532	22	23	Lateral Occipital Cortex, inferior division	zstat	1.2436754086980608	0.989759057481569
11532	23	24	Intracalcarine Cortex	zstat	1.3608442934461895	1.1792496551271683
11532	24	25	Frontal Medial Cortex	zstat	-0.240166749003515	0.7918575231418515
11532	25	26	Juxtapositional Lobule Cortex (formerly Supplementary Motor Cortex)	zstat	0.6914320052255297	1.1512382863643202
11532	26	27	Subcallosal Cortex	zstat	0.026988533595039582	0.7940024343211777
11532	27	28	Paracingulate Gyrus	zstat	-0.8576317081079103	0.2182604808956127
11532	28	29	Cingulate Gyrus, anterior division	zstat	0.04774080213212721	0.8172061690560964
11532	29	30	Cingulate Gyrus, posterior division	zstat	0.42746274491186653	0.43372240762485725
11532	30	31	Precuneous Cortex	zstat	0.5691781188722836	0.4875812232662952
11532	31	32	Cuneal Cortex	zstat	1.4035588218655	1.3948469673140913
11532	32	33	Frontal Orbital Cortex	zstat	-0.2936909623973867	-0.14995761666131785
11532	33	34	Parahippocampal Gyrus, anterior division	zstat	0.04595110338967833	0.39291974065456525
11532	34	35	Parahippocampal Gyrus, posterior division	zstat	0.17639296645263455	0.04571113331190679
11532	35	36	Lingual Gyrus	zstat	0.5510555558400568	1.109932036834358
11532	36	37	Temporal Fusiform Cortex, anterior division	zstat	-0.2896593180319942	0.4249915097186223
11532	37	38	Temporal Fusiform Cortex, posterior division	zstat	0.7078991071036544	0.6536322315091271
11532	38	39	Temporal Occipital Fusiform Cortex	zstat	1.3168049382848352	1.1476621638148161
11532	39	40	Occipital Fusiform Gyrus	zstat	1.3658011709220654	1.056638618604357
11532	40	41	Frontal Operculum Cortex	zstat	-0.8922140136901132	-0.6086145078747713
11532	41	42	Central Opercular Cortex	zstat	0.18847304926720881	1.0892955937396867
11532	42	43	Parietal Operculum Cortex	zstat	0.1740232474031163	1.0734529294177588
11532	43	44	Planum Polare	zstat	-0.11951177120333153	0.5576184142402281
11532	44	45	Heschl's Gyrus (includes H1 and H2)	zstat	-0.25082182822521554	0.362537919644541
11532	45	46	Planum Temporale	zstat	0.7346073824085471	0.21601135142462283
11532	46	47	Supracalcarine Cortex	zstat	1.339942139355426	1.1315344772202538
11532	47	48	Occipital Pole	zstat	1.2160874746909467	0.5367084739699821
11533	0	1	Frontal Pole	zstat	-0.22727599388198835	-0.1674484469487059
11533	1	2	Insular Cortex	zstat	-0.25935472623618283	0.225145633893515
11533	2	3	Superior Frontal Gyrus	zstat	-0.013011001093383372	-0.2233685549471369
11533	3	4	Middle Frontal Gyrus	zstat	-0.14805000289739464	-0.26578835863172545
11533	4	5	Inferior Frontal Gyrus, pars triangularis	zstat	-0.5396320734529781	-0.276565607111696
11533	5	6	Inferior Frontal Gyrus, pars opercularis	zstat	-0.8553548993542358	0.3615052925634196
11533	6	7	Precentral Gyrus	zstat	-0.3018714295906071	0.13767758608851777
11533	7	8	Temporal Pole	zstat	-0.5122275004776593	-0.016177705695155243
11533	8	9	Superior Temporal Gyrus, anterior division	zstat	-0.35896932320812575	-0.5556028115443694
11533	9	10	Superior Temporal Gyrus, posterior division	zstat	0.4124236350301532	-0.8420379079799712
11533	10	11	Middle Temporal Gyrus, anterior division	zstat	-0.4108205741271377	-0.14198435221737035
11533	11	12	Middle Temporal Gyrus, posterior division	zstat	-0.0399280408338189	-0.2929963153614865
11533	12	13	Middle Temporal Gyrus, temporooccipital part	zstat	0.03825015063891431	-0.4856476448601217
11533	13	14	Inferior Temporal Gyrus, anterior division	zstat	-0.6796911610455731	-0.4028771622626513
11533	14	15	Inferior Temporal Gyrus, posterior division	zstat	0.2817782632112937	-0.19058397460931256
11533	15	16	Inferior Temporal Gyrus, temporooccipital part	zstat	0.5168374111775331	0.5803028803359246
11533	16	17	Postcentral Gyrus	zstat	0.5721896870035436	-0.37736321257467825
11533	17	18	Superior Parietal Lobule	zstat	0.3297748368971656	0.6465913973518909
11533	18	19	Supramarginal Gyrus, anterior division	zstat	-0.3879065008299356	0.9548684880758326
11533	19	20	Supramarginal Gyrus, posterior division	zstat	-0.13317284344796193	-0.4276627106994793
11533	20	21	Angular Gyrus	zstat	0.3580656513435232	-1.0197436235476343
11533	21	22	Lateral Occipital Cortex, superior division	zstat	0.38450133307947393	0.09087037338992035
11533	22	23	Lateral Occipital Cortex, inferior division	zstat	0.7115965598357226	0.35403945903075057
11533	23	24	Intracalcarine Cortex	zstat	-0.4267874809549596	1.2515000215385486
11533	24	25	Frontal Medial Cortex	zstat	0.747344886524114	-0.019181067016263036
11533	25	26	Juxtapositional Lobule Cortex (formerly Supplementary Motor Cortex)	zstat	-0.6917523070721497	0.4623051608497327
11533	26	27	Subcallosal Cortex	zstat	0.24465521643175564	0.0798002227766259
11533	27	28	Paracingulate Gyrus	zstat	-0.206101349123217	-0.6983159463474873
11533	28	29	Cingulate Gyrus, anterior division	zstat	-0.394272118375461	-0.5646695817014946
11533	29	30	Cingulate Gyrus, posterior division	zstat	0.06679319159190969	-1.0295761926339142
11533	30	31	Precuneous Cortex	zstat	0.3208431133932204	-1.066739402844197
11533	31	32	Cuneal Cortex	zstat	0.26166287048341924	-0.5270093066251048
11533	32	33	Frontal Orbital Cortex	zstat	-0.4011558366965194	0.48759472464829295
11533	33	34	Parahippocampal Gyrus, anterior division	zstat	-0.3448164232520271	-0.2679528593137475
11533	34	35	Parahippocampal Gyrus, posterior division	zstat	-0.22988389375145143	0.4693961158886833
11533	35	36	Lingual Gyrus	zstat	0.42188663652967023	0.2851956675445608
11533	36	37	Temporal Fusiform Cortex, anterior division	zstat	-0.6830837195029099	-0.03219221772606227
11533	37	38	Temporal Fusiform Cortex, posterior division	zstat	0.06258770567725658	0.023162106972944355
11533	38	39	Temporal Occipital Fusiform Cortex	zstat	0.440103094693051	0.22833257575037721
11533	39	40	Occipital Fusiform Gyrus	zstat	1.0248561368931928	0.15790288564457133
11533	40	41	Frontal Operculum Cortex	zstat	-0.6345531308902193	0.5626195004907389
11533	41	42	Central Opercular Cortex	zstat	-0.2638714845179066	-0.16789165903835304
11533	42	43	Parietal Operculum Cortex	zstat	-0.42744034280891763	0.5107045529840448
11533	43	44	Planum Polare	zstat	-0.35419776226049077	0.036952032130220476
11533	44	45	Heschl's Gyrus (includes H1 and H2)	zstat	0.21630088535385864	-0.7939320892129901
11533	45	46	Planum Temporale	zstat	0.3918595463114886	-0.5598726859264633
11533	46	47	Supracalcarine Cortex	zstat	0.3399650963850597	0.9834582759661877
11533	47	48	Occipital Pole	zstat	1.0562055459619932	0.10529169039083892
11534	0	1	Frontal Pole	zstat	-0.5103699251530829	-0.8773060916028073
11534	1	2	Insular Cortex	zstat	0.30551363209333876	-0.5170566500597846
11534	2	3	Superior Frontal Gyrus	zstat	-0.7248730188659097	-0.8999240869630054
11534	3	4	Middle Frontal Gyrus	zstat	-0.8844617866414337	-0.4829824196645667
11534	4	5	Inferior Frontal Gyrus, pars triangularis	zstat	-0.2671805734571535	-1.6316396718003163
11534	5	6	Inferior Frontal Gyrus, pars opercularis	zstat	-0.06673796677340486	-0.7297922202050997
11534	6	7	Precentral Gyrus	zstat	0.46385508169814404	0.6124208500548873
11534	7	8	Temporal Pole	zstat	0.23845834406864114	-0.8238474272066523
11534	8	9	Superior Temporal Gyrus, anterior division	zstat	0.6967454117579529	-1.0349338000879074
11534	9	10	Superior Temporal Gyrus, posterior division	zstat	0.6445874519307505	-0.20684693523572287
11534	10	11	Middle Temporal Gyrus, anterior division	zstat	-0.17394868965788898	-1.5585093192867379
11534	11	12	Middle Temporal Gyrus, posterior division	zstat	-0.414196939802574	-0.4222387019835878
11534	12	13	Middle Temporal Gyrus, temporooccipital part	zstat	0.2774741630821887	-0.65486094350463
11534	13	14	Inferior Temporal Gyrus, anterior division	zstat	1.293850669780603	-0.12191180115670362
11534	14	15	Inferior Temporal Gyrus, posterior division	zstat	0.18398769427413025	-0.17937832446397176
11534	15	16	Inferior Temporal Gyrus, temporooccipital part	zstat	-0.30905469267676	-0.7561549219672495
11534	16	17	Postcentral Gyrus	zstat	1.3908126268049945	0.9376488116848961
11534	17	18	Superior Parietal Lobule	zstat	-0.052468742281222946	0.5648709723904357
11534	18	19	Supramarginal Gyrus, anterior division	zstat	0.24573090014342192	0.8102103351529136
11534	19	20	Supramarginal Gyrus, posterior division	zstat	-0.05176592398878514	-0.5773461414112692
11534	20	21	Angular Gyrus	zstat	-0.6759167931729285	-0.7841140819053983
11534	21	22	Lateral Occipital Cortex, superior division	zstat	-0.25388242229113867	-0.42760861927471105
11534	22	23	Lateral Occipital Cortex, inferior division	zstat	0.8835320487349366	-0.9895460545362661
11534	23	24	Intracalcarine Cortex	zstat	0.15737115811458735	-0.12353946442411423
11534	24	25	Frontal Medial Cortex	zstat	-0.6513666753452403	-0.670439846055844
11534	25	26	Juxtapositional Lobule Cortex (formerly Supplementary Motor Cortex)	zstat	0.5616540106471999	0.6271738574118039
11534	26	27	Subcallosal Cortex	zstat	-0.8926115814059113	-0.21261402361739715
11534	27	28	Paracingulate Gyrus	zstat	-0.6997968926831953	-1.872876596383754
11534	28	29	Cingulate Gyrus, anterior division	zstat	-0.5646632838545622	-1.0029581548697641
11534	29	30	Cingulate Gyrus, posterior division	zstat	-0.6265077862964743	-0.7578252502645233
11534	30	31	Precuneous Cortex	zstat	-0.30179283387836436	-0.9889623047726962
11534	31	32	Cuneal Cortex	zstat	0.5881947922177547	-0.8337044328715221
11534	32	33	Frontal Orbital Cortex	zstat	-0.41158892104301503	-1.1138177608072863
11534	33	34	Parahippocampal Gyrus, anterior division	zstat	-0.16762921169031395	-0.42056046118903123
11534	34	35	Parahippocampal Gyrus, posterior division	zstat	0.2332084596438228	-1.2185609231847954
11534	35	36	Lingual Gyrus	zstat	0.8774547531246278	-0.3479761944674634
11534	36	37	Temporal Fusiform Cortex, anterior division	zstat	0.5622276487951794	-0.29174402017965384
11534	37	38	Temporal Fusiform Cortex, posterior division	zstat	0.4115226433113784	-0.5412601561625384
11534	38	39	Temporal Occipital Fusiform Cortex	zstat	0.6405249856061691	-1.740823015260761
11534	39	40	Occipital Fusiform Gyrus	zstat	1.064736889025897	-1.3088798422112902
11534	40	41	Frontal Operculum Cortex	zstat	0.09224744035447595	-0.7743477302191568
11534	41	42	Central Opercular Cortex	zstat	0.8758994368989911	0.8029254131521647
11534	42	43	Parietal Operculum Cortex	zstat	1.547324327543983	0.24179221514309876
11534	43	44	Planum Polare	zstat	0.10063351608834137	-0.6053402303504306
11534	44	45	Heschl's Gyrus (includes H1 and H2)	zstat	0.6970229796219771	-0.26802572402845604
11534	45	46	Planum Temporale	zstat	1.5956301991015136	0.5152516628865803
11534	46	47	Supracalcarine Cortex	zstat	0.5344883080552074	-0.4214983156961488
11534	47	48	Occipital Pole	zstat	0.940317876605094	-0.4951519110953626
11535	0	1	Frontal Pole	zstat	-0.5979198738780219	-0.04234445570473268
11535	1	2	Insular Cortex	zstat	0.8580244652698862	-0.2158134162859451
11535	2	3	Superior Frontal Gyrus	zstat	-0.6400113023705667	0.12887202633020983
11535	3	4	Middle Frontal Gyrus	zstat	-0.5010019752413626	-0.3428730698942878
11535	4	5	Inferior Frontal Gyrus, pars triangularis	zstat	0.03761399530062298	0.42238805821718683
11535	5	6	Inferior Frontal Gyrus, pars opercularis	zstat	-0.15677009234343375	0.6982354090720428
11535	6	7	Precentral Gyrus	zstat	0.8243540566433045	0.07390028604624409
11535	7	8	Temporal Pole	zstat	0.32625333548230656	-0.08901250569049879
11535	8	9	Superior Temporal Gyrus, anterior division	zstat	0.46119992315100555	-0.22490408689332886
11535	9	10	Superior Temporal Gyrus, posterior division	zstat	0.14818855240663617	-0.007746536045806942
11535	10	11	Middle Temporal Gyrus, anterior division	zstat	0.10813037529518243	-0.08411960392815075
11535	11	12	Middle Temporal Gyrus, posterior division	zstat	-0.13479744439223126	0.530598465439124
11535	12	13	Middle Temporal Gyrus, temporooccipital part	zstat	0.2794777144341822	0.606617108338091
11535	13	14	Inferior Temporal Gyrus, anterior division	zstat	-0.41810932257226474	-0.14135192262848148
11535	14	15	Inferior Temporal Gyrus, posterior division	zstat	-0.19758574193807632	0.3386873329603454
11535	15	16	Inferior Temporal Gyrus, temporooccipital part	zstat	0.2484596870118068	-0.16337833991413242
11535	16	17	Postcentral Gyrus	zstat	0.9886656560751347	-0.24265129268536365
11535	17	18	Superior Parietal Lobule	zstat	0.08409984914275508	-0.04631861692521809
11535	18	19	Supramarginal Gyrus, anterior division	zstat	0.2260561923392945	-0.027895718474906905
11535	19	20	Supramarginal Gyrus, posterior division	zstat	-0.04445435059425182	0.44676342124176033
11535	20	21	Angular Gyrus	zstat	-1.1268331142014476	0.18234659326968577
11535	21	22	Lateral Occipital Cortex, superior division	zstat	-0.005209479280261767	-0.03205879284998916
11535	22	23	Lateral Occipital Cortex, inferior division	zstat	0.82431690494331	0.05481969763829849
11535	23	24	Intracalcarine Cortex	zstat	2.193196981790175	0.5170474278157149
11535	24	25	Frontal Medial Cortex	zstat	-0.4744083513708039	0.4270398248604611
11535	25	26	Juxtapositional Lobule Cortex (formerly Supplementary Motor Cortex)	zstat	1.7165235635396596	0.28600900775180327
11535	26	27	Subcallosal Cortex	zstat	-0.2095260667292258	0.5749126022794651
11535	27	28	Paracingulate Gyrus	zstat	-0.569236337531062	0.6796689561995314
11535	28	29	Cingulate Gyrus, anterior division	zstat	-0.0423885042862482	0.9878160330482711
11535	29	30	Cingulate Gyrus, posterior division	zstat	0.3181149810748175	0.3270136035318886
11535	30	31	Precuneous Cortex	zstat	-0.2061728301328041	0.07854507751382347
11535	31	32	Cuneal Cortex	zstat	1.1204517802188458	0.10804085513525111
11535	32	33	Frontal Orbital Cortex	zstat	-0.29680602628619446	0.6532395841728538
11535	33	34	Parahippocampal Gyrus, anterior division	zstat	-0.0758545552931553	-0.33677532284137324
11535	34	35	Parahippocampal Gyrus, posterior division	zstat	1.0502253427161432	-0.669951367966901
11535	35	36	Lingual Gyrus	zstat	2.0696424021909716	0.07024936293502082
11535	36	37	Temporal Fusiform Cortex, anterior division	zstat	0.1384673186227785	-0.22859249011686084
11535	37	38	Temporal Fusiform Cortex, posterior division	zstat	-0.12788549856612982	0.1332910657448978
11535	38	39	Temporal Occipital Fusiform Cortex	zstat	1.3000982085181396	-0.02161214025910088
11535	39	40	Occipital Fusiform Gyrus	zstat	1.907025707268969	-0.20645176974033178
11535	40	41	Frontal Operculum Cortex	zstat	0.5624774719095406	0.5089390023079302
11535	41	42	Central Opercular Cortex	zstat	1.5832358274210785	-0.10754422815965524
11535	42	43	Parietal Operculum Cortex	zstat	1.4776355898726334	-0.29302997993002505
11535	43	44	Planum Polare	zstat	0.8725410136598596	-0.42824115091046133
11535	44	45	Heschl's Gyrus (includes H1 and H2)	zstat	0.9890718790380636	-0.28678756252506293
11535	45	46	Planum Temporale	zstat	1.0085134045285407	-0.22580698904661342
11535	46	47	Supracalcarine Cortex	zstat	1.7879480145316808	0.4602269993381614
11535	47	48	Occipital Pole	zstat	0.9693618396351621	-1.0846391274605698
11536	0	1	Frontal Pole	zstat	0.6350244358511603	-0.17222914672416278
11536	1	2	Insular Cortex	zstat	-0.20428773114881402	-0.8518804708655807
11536	2	3	Superior Frontal Gyrus	zstat	0.3837240563426086	0.2650675343830988
11536	3	4	Middle Frontal Gyrus	zstat	0.4397629099890094	0.31855556009105135
11536	4	5	Inferior Frontal Gyrus, pars triangularis	zstat	0.40618342466288193	0.46370932021725136
11536	5	6	Inferior Frontal Gyrus, pars opercularis	zstat	-0.39076680316655554	-0.36336777392217573
11536	6	7	Precentral Gyrus	zstat	-0.034727473144006704	-0.316485830155432
11536	7	8	Temporal Pole	zstat	0.021118415200457853	-0.2652685907838544
11536	8	9	Superior Temporal Gyrus, anterior division	zstat	0.5219338609574314	-1.034190408923687
11536	9	10	Superior Temporal Gyrus, posterior division	zstat	0.5740068338306994	-0.488180683602204
11536	10	11	Middle Temporal Gyrus, anterior division	zstat	0.4647078754707003	-0.5473153077064207
11536	11	12	Middle Temporal Gyrus, posterior division	zstat	0.45164896661701903	-0.06646255216173994
11536	12	13	Middle Temporal Gyrus, temporooccipital part	zstat	0.23807152557638991	-0.6944921711742227
11536	13	14	Inferior Temporal Gyrus, anterior division	zstat	0.2333504375643455	0.1406064145818088
11536	14	15	Inferior Temporal Gyrus, posterior division	zstat	-0.012902148628087008	0.220944055379833
11536	15	16	Inferior Temporal Gyrus, temporooccipital part	zstat	-0.09508815103020682	0.5274295284452547
11536	16	17	Postcentral Gyrus	zstat	-0.1302752013154247	-1.168331984376393
11536	17	18	Superior Parietal Lobule	zstat	-0.09764609977803401	-0.15836714691142711
11536	18	19	Supramarginal Gyrus, anterior division	zstat	-0.6776760885612694	-1.2455335148437707
11536	19	20	Supramarginal Gyrus, posterior division	zstat	-0.056126749486350956	-0.3611357856269712
11536	20	21	Angular Gyrus	zstat	0.08536169760604773	-0.3240077255604266
11536	21	22	Lateral Occipital Cortex, superior division	zstat	0.18039350816514535	0.21763782473141288
11536	22	23	Lateral Occipital Cortex, inferior division	zstat	0.7733563911769175	0.2294986970527178
11536	23	24	Intracalcarine Cortex	zstat	0.5329426634551211	-1.2065642430365053
11536	24	25	Frontal Medial Cortex	zstat	0.839622051247019	0.1426362725311613
11536	25	26	Juxtapositional Lobule Cortex (formerly Supplementary Motor Cortex)	zstat	-0.27387765836996353	-0.47082188878463255
11536	26	27	Subcallosal Cortex	zstat	0.11451336484617339	-0.00889614714631954
11536	27	28	Paracingulate Gyrus	zstat	0.6244443733157685	-0.29847497412988977
11536	28	29	Cingulate Gyrus, anterior division	zstat	0.4323907361190245	-0.18469020694052019
11536	29	30	Cingulate Gyrus, posterior division	zstat	0.8249954233277323	0.07955965835813965
11536	30	31	Precuneous Cortex	zstat	0.4418561564124582	0.21910788888767574
11536	31	32	Cuneal Cortex	zstat	0.014734113492905895	-0.7431145199737667
11536	32	33	Frontal Orbital Cortex	zstat	0.21456519283277675	-0.003246840090635482
11536	33	34	Parahippocampal Gyrus, anterior division	zstat	-0.21302535797189098	0.47820039295650135
11536	34	35	Parahippocampal Gyrus, posterior division	zstat	-0.7232519665917487	-1.0191066276703804
11536	35	36	Lingual Gyrus	zstat	0.2428926439373754	-1.2898053208592268
11536	36	37	Temporal Fusiform Cortex, anterior division	zstat	-0.760114502571259	0.06598814248094163
11536	37	38	Temporal Fusiform Cortex, posterior division	zstat	-0.12044584620848182	-0.09161172417575965
11536	38	39	Temporal Occipital Fusiform Cortex	zstat	-0.16188758771081757	-0.23554266731306964
11536	39	40	Occipital Fusiform Gyrus	zstat	-0.08681312965326879	-0.43927541395808806
11536	40	41	Frontal Operculum Cortex	zstat	-0.7326327545349213	-0.32686997821041924
11536	41	42	Central Opercular Cortex	zstat	-0.4685730453622609	-1.3412562196792985
11536	42	43	Parietal Operculum Cortex	zstat	-0.2534316284409169	-0.9430766281799465
11536	43	44	Planum Polare	zstat	-0.086660478888826	-0.9166247497165206
11536	44	45	Heschl's Gyrus (includes H1 and H2)	zstat	-0.0008691111000143164	-0.5605109534368524
11536	45	46	Planum Temporale	zstat	-0.22333475808536252	-0.9064466798448435
11536	46	47	Supracalcarine Cortex	zstat	0.359659980635773	-1.5851918103847098
11536	47	48	Occipital Pole	zstat	0.28537487758160335	0.3949545796485803
11539	0	1	Frontal Pole	zstat	-0.002899915706485159	-0.19618179903546595
11539	1	2	Insular Cortex	zstat	-0.3752350061712023	-0.035079969055750254
11539	2	3	Superior Frontal Gyrus	zstat	-0.3228137902467088	0.17743391607650164
11539	3	4	Middle Frontal Gyrus	zstat	0.495502462239837	-0.20788155367813527
11539	4	5	Inferior Frontal Gyrus, pars triangularis	zstat	-0.8594967829012269	-0.2148708308066472
11539	5	6	Inferior Frontal Gyrus, pars opercularis	zstat	-1.1536691237568204	-0.19903734501045098
11539	6	7	Precentral Gyrus	zstat	0.2922097683939898	0.0636719638830569
11539	7	8	Temporal Pole	zstat	-0.4669519033059665	0.22186977096500193
11539	8	9	Superior Temporal Gyrus, anterior division	zstat	-0.3819379564613486	0.030507827736437322
11539	9	10	Superior Temporal Gyrus, posterior division	zstat	-0.4470315021349347	-1.1617665038849099
11539	10	11	Middle Temporal Gyrus, anterior division	zstat	-0.4259436345561894	0.1838463502560756
11539	11	12	Middle Temporal Gyrus, posterior division	zstat	-0.24344346577381226	0.04632151222886958
11539	12	13	Middle Temporal Gyrus, temporooccipital part	zstat	-0.3002960601726424	0.7948697991829309
11539	13	14	Inferior Temporal Gyrus, anterior division	zstat	0.1258174930175645	0.8707195026717375
11539	14	15	Inferior Temporal Gyrus, posterior division	zstat	0.5888577064833792	-0.28094091272124083
11539	15	16	Inferior Temporal Gyrus, temporooccipital part	zstat	0.8955086870509923	0.4118280212063457
11539	16	17	Postcentral Gyrus	zstat	0.8891570343273127	0.28233811726651925
11539	17	18	Superior Parietal Lobule	zstat	0.8301366234376655	0.9851239557253328
11539	18	19	Supramarginal Gyrus, anterior division	zstat	0.05935272853649049	0.3200729622548722
11539	19	20	Supramarginal Gyrus, posterior division	zstat	0.5123596696270201	0.04160786044116862
11539	20	21	Angular Gyrus	zstat	-0.44924161236362087	1.1231792981199789
11539	21	22	Lateral Occipital Cortex, superior division	zstat	0.03357100554677399	0.6845597575956951
11539	22	23	Lateral Occipital Cortex, inferior division	zstat	0.29925914626967914	0.451162819889252
11539	23	24	Intracalcarine Cortex	zstat	-1.1177870790481024	-1.4141315636134448
11539	24	25	Frontal Medial Cortex	zstat	-0.5062878140991848	0.888608637265861
11539	25	26	Juxtapositional Lobule Cortex (formerly Supplementary Motor Cortex)	zstat	0.4170432648709942	0.38466537834205694
11539	26	27	Subcallosal Cortex	zstat	0.1004621712392411	0.3759253989340952
11539	27	28	Paracingulate Gyrus	zstat	-0.12021901157738371	-0.14909647589782032
11539	28	29	Cingulate Gyrus, anterior division	zstat	-0.24575883395806097	-0.026747570559826395
11539	29	30	Cingulate Gyrus, posterior division	zstat	-0.24608294652987803	-0.27350247814803985
11539	30	31	Precuneous Cortex	zstat	0.046652558561932	0.4885885600979712
11539	31	32	Cuneal Cortex	zstat	-0.49469348564452315	-0.05980665196340424
11539	32	33	Frontal Orbital Cortex	zstat	-0.11706089420170289	0.09064298037940106
11539	33	34	Parahippocampal Gyrus, anterior division	zstat	0.3202016727382779	0.013986246449284593
11539	34	35	Parahippocampal Gyrus, posterior division	zstat	-0.2689774812036633	0.02627537919445631
11539	35	36	Lingual Gyrus	zstat	-0.31369417589742254	-0.7037950670022352
11539	36	37	Temporal Fusiform Cortex, anterior division	zstat	-0.14598074351959195	0.7206400918331763
11539	37	38	Temporal Fusiform Cortex, posterior division	zstat	0.3644393510129078	-0.05243054873269279
11539	38	39	Temporal Occipital Fusiform Cortex	zstat	-0.01770659232390859	0.57541134075521
11539	39	40	Occipital Fusiform Gyrus	zstat	1.1619165909757558	-0.03131281294780199
11539	40	41	Frontal Operculum Cortex	zstat	-0.8694286331291772	0.13654148903824076
11539	41	42	Central Opercular Cortex	zstat	-0.47335385907283656	-0.3204936071671477
11539	42	43	Parietal Operculum Cortex	zstat	-0.45112446035012643	-0.35515189741804326
11539	43	44	Planum Polare	zstat	-0.0545519960285271	-0.5184596430177921
11539	44	45	Heschl's Gyrus (includes H1 and H2)	zstat	0.3096491839988559	-1.6121330289813918
11539	45	46	Planum Temporale	zstat	0.9827085527129615	-1.4016279155966358
11539	46	47	Supracalcarine Cortex	zstat	-0.4669241717957119	-0.09037859337602525
11539	47	48	Occipital Pole	zstat	1.4423513488180841	-0.03372657184814158
11540	0	1	Frontal Pole	zstat	0.17827396796957726	-0.6734871864893868
11540	1	2	Insular Cortex	zstat	0.5762087047785558	-0.8228364875089267
11540	2	3	Superior Frontal Gyrus	zstat	-0.8501549048907813	-1.631488795971162
11540	3	4	Middle Frontal Gyrus	zstat	-0.36763483073618713	-0.9183481032833765
11540	4	5	Inferior Frontal Gyrus, pars triangularis	zstat	-0.4393341090453259	-2.100025778590678
11540	5	6	Inferior Frontal Gyrus, pars opercularis	zstat	-0.46748093914995353	-1.6763825100218206
11540	6	7	Precentral Gyrus	zstat	-0.03620968732007629	-0.7049888984281883
11540	7	8	Temporal Pole	zstat	-0.7287690440322973	-1.0411791599646576
11540	8	9	Superior Temporal Gyrus, anterior division	zstat	0.7291214454584779	-0.44667633038300736
11540	9	10	Superior Temporal Gyrus, posterior division	zstat	0.1423381930065958	-0.6240544340304135
11540	10	11	Middle Temporal Gyrus, anterior division	zstat	-1.0107388244594322	-0.9978072622651929
11540	11	12	Middle Temporal Gyrus, posterior division	zstat	-0.6702780007083786	-0.6886064462080619
11540	12	13	Middle Temporal Gyrus, temporooccipital part	zstat	0.8086550925529089	1.162189652104356
11540	13	14	Inferior Temporal Gyrus, anterior division	zstat	-1.4773627989925444	-0.8079781710230828
11540	14	15	Inferior Temporal Gyrus, posterior division	zstat	0.02713056822449894	-0.5265950941552455
11540	15	16	Inferior Temporal Gyrus, temporooccipital part	zstat	-0.25251662158737403	-0.4426288672383187
11540	16	17	Postcentral Gyrus	zstat	-0.06994973253782677	-1.1243180895697973
11540	17	18	Superior Parietal Lobule	zstat	0.801950614488735	0.7310709071252739
11540	18	19	Supramarginal Gyrus, anterior division	zstat	1.179380592545365	0.5015721243452625
11540	19	20	Supramarginal Gyrus, posterior division	zstat	-0.33191723147301183	0.5808994616469922
11540	20	21	Angular Gyrus	zstat	-1.1843850343450633	-0.2231035429049463
11540	21	22	Lateral Occipital Cortex, superior division	zstat	-0.5000610832108758	1.0865315015042674
11540	22	23	Lateral Occipital Cortex, inferior division	zstat	-0.08390997387932772	0.553134762389685
11540	23	24	Intracalcarine Cortex	zstat	-0.48061919682192644	2.439872585636553
11540	24	25	Frontal Medial Cortex	zstat	0.5405318641437363	-0.4494641191880912
11540	25	26	Juxtapositional Lobule Cortex (formerly Supplementary Motor Cortex)	zstat	0.6055946085451414	-0.8128535750296872
11540	26	27	Subcallosal Cortex	zstat	-0.11464920409489424	0.19438284828658933
11540	27	28	Paracingulate Gyrus	zstat	0.6839316244943492	-0.7319123884751095
11540	28	29	Cingulate Gyrus, anterior division	zstat	0.7278465289137646	-0.056778123984320514
11540	29	30	Cingulate Gyrus, posterior division	zstat	0.1733990708482119	-0.24409764299209097
11540	30	31	Precuneous Cortex	zstat	0.5503554299694402	0.5454208387413273
11540	31	32	Cuneal Cortex	zstat	-0.2760716762152106	1.5754666663089378
11540	32	33	Frontal Orbital Cortex	zstat	-0.7905536136200889	-0.7979077322683134
11540	33	34	Parahippocampal Gyrus, anterior division	zstat	0.11225293541895802	-0.5726585353933794
11540	34	35	Parahippocampal Gyrus, posterior division	zstat	0.42630799122172286	-0.65323465884013
11540	35	36	Lingual Gyrus	zstat	-0.1368687130843557	1.137200343934442
11540	36	37	Temporal Fusiform Cortex, anterior division	zstat	0.3594185244919508	-0.253853431063975
11540	37	38	Temporal Fusiform Cortex, posterior division	zstat	0.14178151077640574	-0.7653418892943228
11540	38	39	Temporal Occipital Fusiform Cortex	zstat	-0.36935724239799766	0.2785122988149389
11540	39	40	Occipital Fusiform Gyrus	zstat	-0.19075362949182822	0.4941329965118706
11540	40	41	Frontal Operculum Cortex	zstat	0.08698003627398998	-0.18823859873893006
11540	41	42	Central Opercular Cortex	zstat	1.4879226919497008	-0.8161194720530822
11540	42	43	Parietal Operculum Cortex	zstat	1.0960454984283226	0.367361872066947
11540	43	44	Planum Polare	zstat	0.8691116561420006	-0.9138167129824194
11540	44	45	Heschl's Gyrus (includes H1 and H2)	zstat	0.9589814546084555	-1.3891682271327404
11540	45	46	Planum Temporale	zstat	0.9294670435427134	-0.629336936912729
11540	46	47	Supracalcarine Cortex	zstat	0.012005423230337018	2.194723646057413
11540	47	48	Occipital Pole	zstat	0.20709146891737146	0.985787980231141
11570	0	1	Frontal Pole	zstat	0.20649844439512163	-0.015475232457806739
11570	1	2	Insular Cortex	zstat	0.05877956492372132	-0.0069734662998807385
11570	2	3	Superior Frontal Gyrus	zstat	0.7633480924757696	-0.22531787388171906
11570	3	4	Middle Frontal Gyrus	zstat	0.6005222253544059	-0.26743107522020015
11570	4	5	Inferior Frontal Gyrus, pars triangularis	zstat	0.09408413147267569	-0.35644697963446087
11570	5	6	Inferior Frontal Gyrus, pars opercularis	zstat	0.013579626480999427	0.14884752650995353
11570	6	7	Precentral Gyrus	zstat	0.31549947317501026	-0.12137597389988732
11570	7	8	Temporal Pole	zstat	0.38544561677858347	0.25576160917507584
11570	8	9	Superior Temporal Gyrus, anterior division	zstat	0.028398979025391433	-0.22832499185654645
11570	9	10	Superior Temporal Gyrus, posterior division	zstat	1.5112929118240808	-0.7608410331825787
11570	10	11	Middle Temporal Gyrus, anterior division	zstat	0.6207070105931541	-0.058089715592674354
11570	11	12	Middle Temporal Gyrus, posterior division	zstat	0.3620113265161872	-0.2861303889678433
11570	12	13	Middle Temporal Gyrus, temporooccipital part	zstat	0.5588640171538576	0.45195253890205017
11570	13	14	Inferior Temporal Gyrus, anterior division	zstat	0.2606205828198557	0.6968447433883799
11570	14	15	Inferior Temporal Gyrus, posterior division	zstat	-0.14570985710734405	0.22915211007034636
11570	15	16	Inferior Temporal Gyrus, temporooccipital part	zstat	-0.3002447789289933	0.754975020697813
11570	16	17	Postcentral Gyrus	zstat	0.1319682977282956	-0.06788396635750794
11570	17	18	Superior Parietal Lobule	zstat	-0.48559342511609355	1.2428207996391796
11570	18	19	Supramarginal Gyrus, anterior division	zstat	0.2531240204487134	0.9852034369026552
11570	19	20	Supramarginal Gyrus, posterior division	zstat	0.5798840838805395	0.14074888448577022
11570	20	21	Angular Gyrus	zstat	0.11355597017581698	-0.1569184103719511
11570	21	22	Lateral Occipital Cortex, superior division	zstat	-0.038188734015464146	0.22962452351743592
11570	22	23	Lateral Occipital Cortex, inferior division	zstat	0.46712933343372615	0.416483417415351
11570	23	24	Intracalcarine Cortex	zstat	1.0045910428476552	0.160569800078463
11570	24	25	Frontal Medial Cortex	zstat	0.14568473077635116	0.20677666366342842
11570	25	26	Juxtapositional Lobule Cortex (formerly Supplementary Motor Cortex)	zstat	0.9777975672469389	0.3262367127040429
11570	26	27	Subcallosal Cortex	zstat	0.6040125774291273	0.45763239530273353
11570	27	28	Paracingulate Gyrus	zstat	0.8452478744696846	0.1810375784758433
11570	28	29	Cingulate Gyrus, anterior division	zstat	0.8452978851784206	0.48086793549157586
11570	29	30	Cingulate Gyrus, posterior division	zstat	0.5656144155482097	0.3308684990668137
11570	30	31	Precuneous Cortex	zstat	0.730150244267928	0.5697737229332956
11570	31	32	Cuneal Cortex	zstat	0.0042024739904890866	0.2918189492106578
11570	32	33	Frontal Orbital Cortex	zstat	0.5565432607850542	-0.24559641968718834
11570	33	34	Parahippocampal Gyrus, anterior division	zstat	-0.2243609868352656	0.35067244355393723
11570	34	35	Parahippocampal Gyrus, posterior division	zstat	1.5065705169220718	0.5014598289364071
11570	35	36	Lingual Gyrus	zstat	0.9208691113948942	0.7568121304594146
11570	36	37	Temporal Fusiform Cortex, anterior division	zstat	0.20211281789902677	1.0444998484078452
11570	37	38	Temporal Fusiform Cortex, posterior division	zstat	0.28360923592853976	0.29187824613700836
11570	38	39	Temporal Occipital Fusiform Cortex	zstat	0.867412103026782	0.7733716981057718
11570	39	40	Occipital Fusiform Gyrus	zstat	1.0090204948745953	-0.19476074921729084
11570	40	41	Frontal Operculum Cortex	zstat	0.723861755529309	0.10498066436491531
11570	41	42	Central Opercular Cortex	zstat	-0.1674124067505433	0.32611601584067956
11570	42	43	Parietal Operculum Cortex	zstat	-0.003208150905155137	-0.41601511290731846
11570	43	44	Planum Polare	zstat	-0.06496209876953077	0.04812416998902336
11570	44	45	Heschl's Gyrus (includes H1 and H2)	zstat	0.36969447081553436	-0.8407567437472088
11570	45	46	Planum Temporale	zstat	0.5408703180319737	-0.5768073868377965
11570	46	47	Supracalcarine Cortex	zstat	1.243386670788552	0.1903511787705282
11570	47	48	Occipital Pole	zstat	0.3534899345120248	0.02031681340801692
11572	0	1	Frontal Pole	zstat	0.5826221493506335	-0.5266238336123206
11572	1	2	Insular Cortex	zstat	0.4640217852334661	-0.8321334413020417
11572	2	3	Superior Frontal Gyrus	zstat	-0.10224762303358492	-0.1418877466945711
11572	3	4	Middle Frontal Gyrus	zstat	0.16970569340988872	-0.5330484216446304
11572	4	5	Inferior Frontal Gyrus, pars triangularis	zstat	-0.13345641071305805	-0.8598686467753104
11572	5	6	Inferior Frontal Gyrus, pars opercularis	zstat	0.10085520489387159	-0.11660338767205251
11572	6	7	Precentral Gyrus	zstat	-0.9144503899391725	-0.36939474023510394
11572	7	8	Temporal Pole	zstat	-0.6660774105246899	-0.236059970671294
11572	8	9	Superior Temporal Gyrus, anterior division	zstat	0.4133060035462945	-0.4873769341323238
11572	9	10	Superior Temporal Gyrus, posterior division	zstat	0.771114831388166	-0.09080537674871467
11572	10	11	Middle Temporal Gyrus, anterior division	zstat	-0.5245311439478658	0.48899560395329356
11572	11	12	Middle Temporal Gyrus, posterior division	zstat	0.6645817615934086	-0.34957759747322625
11572	12	13	Middle Temporal Gyrus, temporooccipital part	zstat	0.613504286818629	-0.3426445289337213
11572	13	14	Inferior Temporal Gyrus, anterior division	zstat	-0.24395031606042814	-0.9951141482913459
11572	14	15	Inferior Temporal Gyrus, posterior division	zstat	-0.0014866257681121055	-0.006090451161115907
11572	15	16	Inferior Temporal Gyrus, temporooccipital part	zstat	0.16252865905101574	-0.7654772000952013
11572	16	17	Postcentral Gyrus	zstat	-0.27651713816747675	0.09224397442420013
11572	17	18	Superior Parietal Lobule	zstat	0.20684347841448672	-0.6259295740543701
11572	18	19	Supramarginal Gyrus, anterior division	zstat	0.06421363483214346	0.4306415070279467
11572	19	20	Supramarginal Gyrus, posterior division	zstat	0.04479550975626586	-0.3103468881810841
11572	20	21	Angular Gyrus	zstat	-0.08775455268043174	0.1910659858778469
11572	21	22	Lateral Occipital Cortex, superior division	zstat	0.24207013150012516	0.16071416650832163
11572	22	23	Lateral Occipital Cortex, inferior division	zstat	0.19931871446984412	-1.0817494926957834
11572	23	24	Intracalcarine Cortex	zstat	-0.07853281892453781	-0.3468800606912705
11572	24	25	Frontal Medial Cortex	zstat	0.009576007787382613	-0.2567670807491737
11572	25	26	Juxtapositional Lobule Cortex (formerly Supplementary Motor Cortex)	zstat	-0.5508221420821281	-0.22246199771069694
11572	26	27	Subcallosal Cortex	zstat	-0.22762340849552018	-0.3439768632981353
11572	27	28	Paracingulate Gyrus	zstat	0.035574363125160845	-0.6372110994887678
11572	28	29	Cingulate Gyrus, anterior division	zstat	-0.4041660951433017	-0.28559308159202695
11572	29	30	Cingulate Gyrus, posterior division	zstat	0.005860486903460697	-0.16466596299436476
11572	30	31	Precuneous Cortex	zstat	0.12273624750866378	0.13606130204909275
11572	31	32	Cuneal Cortex	zstat	-0.12384230075540856	0.908024106184
11572	32	33	Frontal Orbital Cortex	zstat	-0.2808897611596871	-0.6786600199564001
11572	33	34	Parahippocampal Gyrus, anterior division	zstat	-0.4005408932906122	-0.17249999174681302
11572	34	35	Parahippocampal Gyrus, posterior division	zstat	-0.536692661780618	-0.39366242339008684
11572	35	36	Lingual Gyrus	zstat	-0.25254017328221334	-0.2801100056372896
11572	36	37	Temporal Fusiform Cortex, anterior division	zstat	-0.8151565789780084	-0.9910838169224084
11572	37	38	Temporal Fusiform Cortex, posterior division	zstat	-0.4485405765605286	-0.5228407173467601
11572	38	39	Temporal Occipital Fusiform Cortex	zstat	-0.46758952647722096	-1.4106404727685247
11572	39	40	Occipital Fusiform Gyrus	zstat	-0.48829422026604913	-1.2200990839140768
11572	40	41	Frontal Operculum Cortex	zstat	-0.38908852035367564	-1.1424509371403886
11572	41	42	Central Opercular Cortex	zstat	0.49799806263285507	-0.4812830145825165
11572	42	43	Parietal Operculum Cortex	zstat	0.07572915621851169	-0.5828099981915658
11572	43	44	Planum Polare	zstat	0.3764486672491802	-0.36892881879995343
11572	44	45	Heschl's Gyrus (includes H1 and H2)	zstat	0.5612781832052592	-0.5218893568447796
11572	45	46	Planum Temporale	zstat	0.4450962905890703	-0.3337849449736216
11572	46	47	Supracalcarine Cortex	zstat	-0.09414368707369616	0.049155018589598067
11572	47	48	Occipital Pole	zstat	-0.032764118409079536	-0.6605365900687924
11579	0	1	Frontal Pole	zstat	0.07695433442018865	0.34038566193597447
11579	1	2	Insular Cortex	zstat	-0.025940447120371916	0.06314475581070912
11579	2	3	Superior Frontal Gyrus	zstat	0.09500149801997056	0.08493345856976736
11579	3	4	Middle Frontal Gyrus	zstat	0.8781379639797758	0.10284761702649742
11579	4	5	Inferior Frontal Gyrus, pars triangularis	zstat	0.7189143789449381	0.27299124884169224
11579	5	6	Inferior Frontal Gyrus, pars opercularis	zstat	0.000674912758788473	-0.10879796227806146
11579	6	7	Precentral Gyrus	zstat	0.06143639396503237	0.3898325741142618
11579	7	8	Temporal Pole	zstat	0.17941639176361604	0.5894189492970493
11579	8	9	Superior Temporal Gyrus, anterior division	zstat	-0.3642978155316833	1.100063462746449
11579	9	10	Superior Temporal Gyrus, posterior division	zstat	-0.5894887691073409	1.0436407469467006
11579	10	11	Middle Temporal Gyrus, anterior division	zstat	0.4718536599685174	0.9260102911942653
11579	11	12	Middle Temporal Gyrus, posterior division	zstat	-0.2948387502553448	1.007103689401429
11579	12	13	Middle Temporal Gyrus, temporooccipital part	zstat	-0.08871592800555676	1.1113508912083594
11579	13	14	Inferior Temporal Gyrus, anterior division	zstat	-0.1808771030597124	0.01240687701608655
11579	14	15	Inferior Temporal Gyrus, posterior division	zstat	-0.033172542065319534	0.365837242020895
11579	15	16	Inferior Temporal Gyrus, temporooccipital part	zstat	0.1611709940733098	0.8868143556666376
11579	16	17	Postcentral Gyrus	zstat	-0.06055862006751578	0.23901747453433927
11579	17	18	Superior Parietal Lobule	zstat	1.1059548512670723	1.740498397109744
11579	18	19	Supramarginal Gyrus, anterior division	zstat	0.42724247253416386	0.0641546890590925
11579	19	20	Supramarginal Gyrus, posterior division	zstat	-0.15852579110462495	0.4123112619142646
11579	20	21	Angular Gyrus	zstat	0.46254995384304975	0.8278309222280348
11579	21	22	Lateral Occipital Cortex, superior division	zstat	0.6716672923550432	0.554415534921667
11579	22	23	Lateral Occipital Cortex, inferior division	zstat	0.48778148348013645	1.6537811749197135
11579	23	24	Intracalcarine Cortex	zstat	0.8511263240669611	1.4269487516264203
11579	24	25	Frontal Medial Cortex	zstat	-0.10078018743062643	1.913668294990409
11579	25	26	Juxtapositional Lobule Cortex (formerly Supplementary Motor Cortex)	zstat	0.09828030650277396	0.05211829773238483
11579	26	27	Subcallosal Cortex	zstat	-0.06842446097602638	0.8336976365087769
11579	27	28	Paracingulate Gyrus	zstat	0.0015509780897259317	0.4731514913037348
11579	28	29	Cingulate Gyrus, anterior division	zstat	0.05406483802234091	0.49966874293984465
11579	29	30	Cingulate Gyrus, posterior division	zstat	0.2784512401668887	1.8464915430652244
11579	30	31	Precuneous Cortex	zstat	0.7672582937068905	1.2165270338774827
11579	31	32	Cuneal Cortex	zstat	0.36277484897720597	0.5884893232122261
11579	32	33	Frontal Orbital Cortex	zstat	-0.014801282842571256	1.0422027173744517
11579	33	34	Parahippocampal Gyrus, anterior division	zstat	-0.5912832786778268	0.484652813193821
11579	34	35	Parahippocampal Gyrus, posterior division	zstat	0.4889041107806887	0.4396939448801414
11579	35	36	Lingual Gyrus	zstat	0.25126002640411566	0.5059346417876655
11579	36	37	Temporal Fusiform Cortex, anterior division	zstat	-0.35230863957619624	-0.15141394349964374
11579	37	38	Temporal Fusiform Cortex, posterior division	zstat	0.21512526870466145	0.5252907988879824
11579	38	39	Temporal Occipital Fusiform Cortex	zstat	0.7009345930259991	0.9878282506973778
11579	39	40	Occipital Fusiform Gyrus	zstat	1.3686578056468153	1.2196548398001517
11579	40	41	Frontal Operculum Cortex	zstat	-0.6795884156677904	0.11109398314611939
11579	41	42	Central Opercular Cortex	zstat	-0.18378387074378152	0.8574347960861001
11579	42	43	Parietal Operculum Cortex	zstat	-0.9980449680214808	0.930658247103196
11579	43	44	Planum Polare	zstat	-0.3477123258919775	0.7103681835654291
11579	44	45	Heschl's Gyrus (includes H1 and H2)	zstat	-0.3636729054341805	1.8008856871401384
11579	45	46	Planum Temporale	zstat	-0.7207609091848625	1.4281266465740552
11579	46	47	Supracalcarine Cortex	zstat	0.790209448500041	1.6020872902838474
11579	47	48	Occipital Pole	zstat	0.39220563864936175	0.7545969258008685
