subject	xml_index	nifti_value	roi_name	quantity	tg_recip_gt_nonrecip	ug_fairness_pmod
10369	0	1	Frontal Pole	cope	38.48352524440712	2.6181586585833507
10369	1	2	Insular Cortex	cope	7.545476120301202	-2.962154930113952
10369	2	3	Superior Frontal Gyrus	cope	-3.065901523454362	3.0170726504415946
10369	3	4	Middle Frontal Gyrus	cope	-37.7955257690529	2.969349894197758
10369	4	5	Inferior Frontal Gyrus, pars triangularis	cope	81.10970162743823	2.263363874543014
10369	5	6	Inferior Frontal Gyrus, pars opercularis	cope	19.45925781954786	3.166827482285608
10369	6	7	Precentral Gyrus	cope	78.54733328272476	-1.2055692457900196
10369	7	8	Temporal Pole	cope	90.25848601766899	2.168269675753529
10369	8	9	Superior Temporal Gyrus, anterior division	cope	40.20629875736359	3.3886369344133596
10369	9	10	Superior Temporal Gyrus, posterior division	cope	-17.62711710511864	1.3930810578174997
10369	10	11	Middle Temporal Gyrus, anterior division	cope	112.58353817035903	-0.07388256292289762
10369	11	12	Middle Temporal Gyrus, posterior division	cope	-57.31016256658751	6.1114919763132045
10369	12	13	Middle Temporal Gyrus, temporooccipital part	cope	63.61652939798415	1.4728049106601562
10369	13	14	Inferior Temporal Gyrus, anterior division	cope	-103.86478423366886	-1.7049706892589847
10369	14	15	Inferior Temporal Gyrus, posterior division	cope	-295.88722735993616	4.128582570478816
10369	15	16	Inferior Temporal Gyrus, temporooccipital part	cope	74.4830295658156	6.3055926136144285
10369	16	17	Postcentral Gyrus	cope	51.880361611285934	-2.9990595187384472
10369	17	18	Superior Parietal Lobule	cope	28.73146447625373	-0.5876783781777823
10369	18	19	Supramarginal Gyrus, anterior division	cope	59.119879460445155	-1.8062080338273923
10369	19	20	Supramarginal Gyrus, posterior division	cope	32.206545810723625	2.6440689968316486
10369	20	21	Angular Gyrus	cope	-69.48039201370956	5.336854825440445
10369	21	22	Lateral Occipital Cortex, superior division	cope	137.01645472063035	3.4911799763444393
10369	22	23	Lateral Occipital Cortex, inferior division	cope	57.59216132758065	2.5922179918307737
10369	23	24	Intracalcarine Cortex	cope	48.2686597478181	-2.1622443755258307
10369	24	25	Frontal Medial Cortex	cope	264.6728937579385	8.094332887246175
10369	25	26	Juxtapositional Lobule Cortex (formerly Supplementary Motor Cortex)	cope	-37.91363881860633	-8.145695687411667
10369	26	27	Subcallosal Cortex	cope	190.10931466955404	3.6320134780441338
10369	27	28	Paracingulate Gyrus	cope	19.597093360722347	2.3225314015215974
10369	28	29	Cingulate Gyrus, anterior division	cope	94.19592492676426	0.3037372077011796
10369	29	30	Cingulate Gyrus, posterior division	cope	2.0241018485512052	-1.5735242834554186
10369	30	31	Precuneous Cortex	cope	-28.638814194630633	-0.26393747921078425
10369	31	32	Cuneal Cortex	cope	-21.528845246377383	-2.5841931798908355
10369	32	33	Frontal Orbital Cortex	cope	164.0407691692138	3.584461863088988
10369	33	34	Parahippocampal Gyrus, anterior division	cope	54.15548434985423	-0.3551010423364629
10369	34	35	Parahippocampal Gyrus, posterior division	cope	48.602720557012645	-9.620421304708382
10369	35	36	Lingual Gyrus	cope	154.23837328195452	-3.134730445801352
10369	36	37	Temporal Fusiform Cortex, anterior division	cope	-27.38375024085349	-5.373723153526901
10369	37	38	Temporal Fusiform Cortex, posterior division	cope	-31.934689991650608	4.224003811842937
10369	38	39	Temporal Occipital Fusiform Cortex	cope	182.71958303332974	2.420980791319633
10369	39	40	Occipital Fusiform Gyrus	cope	388.2566657685632	5.808168764536224
10369	40	41	Frontal Operculum Cortex	cope	88.95784603347298	0.5851687783328425
10369	41	42	Central Opercular Cortex	cope	96.27925764183757	-2.3136822614256194
10369	42	43	Parietal Operculum Cortex	cope	13.090145495568926	-7.054932723814612
10369	43	44	Planum Polare	cope	71.95450741507625	-3.780522585427033
10369	44	45	Heschl's Gyrus (includes H1 and H2)	cope	65.97060523659403	-0.4751077575205658
10369	45	46	Planum Temporale	cope	83.20466793301694	-2.4302920419632503
10369	46	47	Supracalcarine Cortex	cope	-37.110320628957545	-2.5105547131970525
10369	47	48	Occipital Pole	cope	207.8815805297121	2.3200122226622115
10402	0	1	Frontal Pole	cope	-48.87782414550979	1.6192737797147307
10402	1	2	Insular Cortex	cope	103.97543581950738	9.360784130099136
10402	2	3	Superior Frontal Gyrus	cope	-24.533068606208328	-1.9844597946312876
10402	3	4	Middle Frontal Gyrus	cope	53.75117718655387	2.490995258621981
10402	4	5	Inferior Frontal Gyrus, pars triangularis	cope	-35.15091356129275	4.2325631659050735
10402	5	6	Inferior Frontal Gyrus, pars opercularis	cope	-12.357298439908703	14.432456062760439
10402	6	7	Precentral Gyrus	cope	57.092395554415084	5.111490030978277
10402	7	8	Temporal Pole	cope	48.12347075027429	-0.004317809109694727
10402	8	9	Superior Temporal Gyrus, anterior division	cope	-0.8120216320722531	-0.14750696032857283
10402	9	10	Superior Temporal Gyrus, posterior division	cope	43.322275110007894	0.8612324515532992
10402	10	11	Middle Temporal Gyrus, anterior division	cope	77.3733108611694	-3.032277193604343
10402	11	12	Middle Temporal Gyrus, posterior division	cope	72.21851107735866	-5.998110284445358
10402	12	13	Middle Temporal Gyrus, temporooccipital part	cope	-39.07428681770496	-4.605921385007843
10402	13	14	Inferior Temporal Gyrus, anterior division	cope	39.64960306212747	-1.31050345314854
10402	14	15	Inferior Temporal Gyrus, posterior division	cope	63.300048284216096	2.036597012519473
10402	15	16	Inferior Temporal Gyrus, temporooccipital part	cope	29.398262215083214	4.9615321972914765
10402	16	17	Postcentral Gyrus	cope	151.01208068951965	3.8498049256910125
10402	17	18	Superior Parietal Lobule	cope	187.9463596053011	4.141080921501156
10402	18	19	Supramarginal Gyrus, anterior division	cope	169.75612775469372	2.901697002351284
10402	19	20	Supramarginal Gyrus, posterior division	cope	-18.1807365556021	6.86917052647552
10402	20	21	Angular Gyrus	cope	-60.44898184241377	-1.245559084126126
10402	21	22	Lateral Occipital Cortex, superior division	cope	1.601947223462954	2.231909391421654
10402	22	23	Lateral Occipital Cortex, inferior division	cope	27.644307999274645	7.751507498853092
10402	23	24	Intracalcarine Cortex	cope	44.71661160405044	8.31001529787986
10402	24	25	Frontal Medial Cortex	cope	-36.71960547798914	1.1783456451503942
10402	25	26	Juxtapositional Lobule Cortex (formerly Supplementary Motor Cortex)	cope	90.89785887076947	2.44509734293899
10402	26	27	Subcallosal Cortex	cope	-2.124989326412861	-3.9947713951365307
10402	27	28	Paracingulate Gyrus	cope	-2.467054977195378	-0.0784277870868709
10402	28	29	Cingulate Gyrus, anterior division	cope	8.91163410205331	3.0462107749106324
10402	29	30	Cingulate Gyrus, posterior division	cope	-31.125067117929458	-12.276517316664968
10402	30	31	Precuneous Cortex	cope	-38.89220228631819	-2.8846171583244904
10402	31	32	Cuneal Cortex	cope	26.065298331418216	3.659294987861439
10402	32	33	Frontal Orbital Cortex	cope	-83.57202761661598	5.508471917309376
10402	33	34	Parahippocampal Gyrus, anterior division	cope	33.866886009948445	-0.2748143907628162
10402	34	35	Parahippocampal Gyrus, posterior division	cope	244.18197477313709	-1.0319072303344619
10402	35	36	Lingual Gyrus	cope	197.45303255971143	4.737092200164808
10402	36	37	Temporal Fusiform Cortex, anterior division	cope	106.05923626143881	2.58586334072529
10402	37	38	Temporal Fusiform Cortex, posterior division	cope	19.12798400623355	1.6945819923599699
10402	38	39	Temporal Occipital Fusiform Cortex	cope	95.04050041420577	2.2371064727186187
10402	39	40	Occipital Fusiform Gyrus	cope	197.94117267908877	8.415794604756963
10402	40	41	Frontal Operculum Cortex	cope	-0.2200463349077882	12.156167159811789
10402	41	42	Central Opercular Cortex	cope	320.7509704337092	12.877930367491794
10402	42	43	Parietal Operculum Cortex	cope	172.54465437608624	14.971399816670242
10402	43	44	Planum Polare	cope	56.55586507120205	12.650851510394052
10402	44	45	Heschl's Gyrus (includes H1 and H2)	cope	-5.510380915233067	7.386855100569088
10402	45	46	Planum Temporale	cope	17.328503891536734	11.241396581003354
10402	46	47	Supracalcarine Cortex	cope	119.394209914385	4.00739672256911
10402	47	48	Occipital Pole	cope	84.99743403317927	5.170720065037007
10478	0	1	Frontal Pole	cope	-41.80760211675466	-0.11532256685513431
10478	1	2	Insular Cortex	cope	-149.99495169446712	0.4730390688821556
10478	2	3	Superior Frontal Gyrus	cope	-76.5328429551716	-2.367310893285195
10478	3	4	Middle Frontal Gyrus	cope	34.154609686139615	-1.6118790590755248
10478	4	5	Inferior Frontal Gyrus, pars triangularis	cope	-8.310893741564467	-1.329391511721075
10478	5	6	Inferior Frontal Gyrus, pars opercularis	cope	-109.6736513096493	-3.7263355470819874
10478	6	7	Precentral Gyrus	cope	-33.9967545834593	-0.2684358687735962
10478	7	8	Temporal Pole	cope	-201.38640900351908	-1.9706433920455253
10478	8	9	Superior Temporal Gyrus, anterior division	cope	-140.55586496255336	-4.618078803614928
10478	9	10	Superior Temporal Gyrus, posterior division	cope	-199.82236730665355	-3.7031129208187776
10478	10	11	Middle Temporal Gyrus, anterior division	cope	-152.92234826506075	-1.1267303753616427
10478	11	12	Middle Temporal Gyrus, posterior division	cope	-124.64461690488294	-2.2022296837072615
10478	12	13	Middle Temporal Gyrus, temporooccipital part	cope	-124.04911495780027	-5.101283400357308
10478	13	14	Inferior Temporal Gyrus, anterior division	cope	-238.89880517953952	-1.653753668620918
10478	14	15	Inferior Temporal Gyrus, posterior division	cope	-44.29959963800638	-2.0191753713822944
10478	15	16	Inferior Temporal Gyrus, temporooccipital part	cope	8.314505335999959	-1.5332657394256555
10478	16	17	Postcentral Gyrus	cope	34.89714272644209	-0.6867192327324301
10478	17	18	Superior Parietal Lobule	cope	42.5472679550801	4.4267710476106625
10478	18	19	Supramarginal Gyrus, anterior division	cope	25.776188609702945	1.606337539134202
10478	19	20	Supramarginal Gyrus, posterior division	cope	-128.20276331974043	-1.4715307520035452
10478	20	21	Angular Gyrus	cope	-93.82941424536523	-2.9943085528733175
10478	21	22	Lateral Occipital Cortex, superior division	cope	64.36122890559845	-1.244838036682506
10478	22	23	Lateral Occipital Cortex, inferior division	cope	-5.049439784335202	-1.2109067072866935
10478	23	24	Intracalcarine Cortex	cope	42.5914246670119	-0.7784418916512744
10478	24	25	Frontal Medial Cortex	cope	-33.671692119633896	-3.3002608746673303
10478	25	26	Juxtapositional Lobule Cortex (formerly Supplementary Motor Cortex)	cope	-112.69281547154124	-0.48263231923526806
10478	26	27	Subcallosal Cortex	cope	-76.10395918419728	-4.617193541432229
10478	27	28	Paracingulate Gyrus	cope	-115.39866773182193	-2.135312726548472
10478	28	29	Cingulate Gyrus, anterior division	cope	-72.14569104517716	-0.7145726495911762
10478	29	30	Cingulate Gyrus, posterior division	cope	-79.22420044933047	1.375801897510354
10478	30	31	Precuneous Cortex	cope	35.22175401897814	-4.471597353500741
10478	31	32	Cuneal Cortex	cope	4.077505608091333	-1.1788002112364095
10478	32	33	Frontal Orbital Cortex	cope	-272.33513158576324	1.0224289757848584
10478	33	34	Parahippocampal Gyrus, anterior division	cope	-25.788708812103863	-2.499661376312441
10478	34	35	Parahippocampal Gyrus, posterior division	cope	88.05744328948687	-1.3294800007118368
10478	35	36	Lingual Gyrus	cope	98.26373267149636	0.44744760269065376
10478	36	37	Temporal Fusiform Cortex, anterior division	cope	-178.9914427167135	-4.864934639093724
10478	37	38	Temporal Fusiform Cortex, posterior division	cope	-14.548331353422286	-2.1235959172327386
10478	38	39	Temporal Occipital Fusiform Cortex	cope	-33.15585505203167	-4.308478724378183
10478	39	40	Occipital Fusiform Gyrus	cope	99.33294035396638	-1.9412406166582525
10478	40	41	Frontal Operculum Cortex	cope	-209.36988369557037	-4.527359407896004
10478	41	42	Central Opercular Cortex	cope	-68.68933660744572	-3.435873008379576
10478	42	43	Parietal Operculum Cortex	cope	-53.27430044197794	-2.9773389795218326
10478	43	44	Planum Polare	cope	-34.639246814123545	-3.1066047575978835
10478	44	45	Heschl's Gyrus (includes H1 and H2)	cope	-4.825590358901134	-7.573729522938278
10478	45	46	Planum Temporale	cope	-42.02667540642033	-4.655089845514529
10478	46	47	Supracalcarine Cortex	cope	126.50195777162592	-2.379345625916377
10478	47	48	Occipital Pole	cope	14.05518731779394	-3.24353928761188
10486	0	1	Frontal Pole	cope	-46.837470119815286	4.9727142050806314
10486	1	2	Insular Cortex	cope	206.92362140735887	-3.472840535987505
10486	2	3	Superior Frontal Gyrus	cope	-39.707150442100875	5.142950414450547
10486	3	4	Middle Frontal Gyrus	cope	15.111343192449393	3.3839483218314417
10486	4	5	Inferior Frontal Gyrus, pars triangularis	cope	51.189111666805154	0.17720066819904978
10486	5	6	Inferior Frontal Gyrus, pars opercularis	cope	-15.698707793835814	-3.8854590297908587
10486	6	7	Precentral Gyrus	cope	122.42097517165963	-1.387371062359479
10486	7	8	Temporal Pole	cope	55.910123144465274	-5.774322986441424
10486	8	9	Superior Temporal Gyrus, anterior division	cope	-49.04859525729449	-5.047736370432166
10486	9	10	Superior Temporal Gyrus, posterior division	cope	-165.0177119811634	-8.464021099610376
10486	10	11	Middle Temporal Gyrus, anterior division	cope	19.171759175898423	1.0611649180414962
10486	11	12	Middle Temporal Gyrus, posterior division	cope	-169.8917506194633	0.6014075569326257
10486	12	13	Middle Temporal Gyrus, temporooccipital part	cope	24.487494210572976	-3.027556668170196
10486	13	14	Inferior Temporal Gyrus, anterior division	cope	49.79345643097127	-14.389465611714582
10486	14	15	Inferior Temporal Gyrus, posterior division	cope	73.84382286092924	-3.5882251667408087
10486	15	16	Inferior Temporal Gyrus, temporooccipital part	cope	282.0424919520147	-2.944784514112537
10486	16	17	Postcentral Gyrus	cope	47.05867965941844	-5.220898953732508
10486	17	18	Superior Parietal Lobule	cope	236.43472398797985	-4.774797999275618
10486	18	19	Supramarginal Gyrus, anterior division	cope	252.6965903463601	-3.33545264803494
10486	19	20	Supramarginal Gyrus, posterior division	cope	64.64404306447989	-4.188234217389411
10486	20	21	Angular Gyrus	cope	-68.25834946614232	-1.793942683424238
10486	21	22	Lateral Occipital Cortex, superior division	cope	69.98895792333866	-2.7971164463124922
10486	22	23	Lateral Occipital Cortex, inferior division	cope	183.09358767152864	1.6336175221553244
10486	23	24	Intracalcarine Cortex	cope	318.5028608492956	-1.0773456037363422
10486	24	25	Frontal Medial Cortex	cope	-188.74192181440955	2.1611139397169894
10486	25	26	Juxtapositional Lobule Cortex (formerly Supplementary Motor Cortex)	cope	195.76501312912316	-1.645961171897078
10486	26	27	Subcallosal Cortex	cope	-332.42353318379475	19.14702056646347
10486	27	28	Paracingulate Gyrus	cope	18.419105320361812	0.3306540084444163
10486	28	29	Cingulate Gyrus, anterior division	cope	197.8388793401073	-3.3068095400152036
10486	29	30	Cingulate Gyrus, posterior division	cope	203.28473301451547	-3.035913409064923
10486	30	31	Precuneous Cortex	cope	167.17537776758488	-3.1847914660989027
10486	31	32	Cuneal Cortex	cope	311.7447693982304	-7.5766636543378585
10486	32	33	Frontal Orbital Cortex	cope	-91.99651503474787	-2.891313242135559
10486	33	34	Parahippocampal Gyrus, anterior division	cope	-9.060567544493	-14.020871393506177
10486	34	35	Parahippocampal Gyrus, posterior division	cope	-51.48423456425937	3.0649722133323833
10486	35	36	Lingual Gyrus	cope	414.50507048361214	-7.887255366466306
10486	36	37	Temporal Fusiform Cortex, anterior division	cope	300.8629237700861	-18.555339963987787
10486	37	38	Temporal Fusiform Cortex, posterior division	cope	159.99743482901388	-5.952024540259614
10486	38	39	Temporal Occipital Fusiform Cortex	cope	117.13493431180338	-1.211387843799661
10486	39	40	Occipital Fusiform Gyrus	cope	171.71116176639492	1.2682941728656034
10486	40	41	Frontal Operculum Cortex	cope	25.281841607654798	-13.426686751648408
10486	41	42	Central Opercular Cortex	cope	142.64211695158411	-6.236680718499326
10486	42	43	Parietal Operculum Cortex	cope	142.78673564343887	-1.4379500181834937
10486	43	44	Planum Polare	cope	209.01594949132613	-3.2099355558175167
10486	44	45	Heschl's Gyrus (includes H1 and H2)	cope	187.7032967470758	-1.8008148218526543
10486	45	46	Planum Temporale	cope	143.484985698128	-0.30834906200499085
10486	46	47	Supracalcarine Cortex	cope	318.16920895779384	3.6048989964926497
10486	47	48	Occipital Pole	cope	183.56848181498086	3.3150542100513682
10581	0	1	Frontal Pole	cope	30.456659769558566	1.6386932101937106
10581	1	2	Insular Cortex	cope	-89.10399321207136	-5.790215675207619
10581	2	3	Superior Frontal Gyrus	cope	53.75371548193543	5.679120263306999
10581	3	4	Middle Frontal Gyrus	cope	55.28593432511808	3.689847351038179
10581	4	5	Inferior Frontal Gyrus, pars triangularis	cope	-32.84736083133505	-1.3250915951067752
10581	5	6	Inferior Frontal Gyrus, pars opercularis	cope	-28.750770091124185	-0.6798268169143885
10581	6	7	Precentral Gyrus	cope	-40.48376137904695	3.2020421006668873
10581	7	8	Temporal Pole	cope	-130.1609159213849	1.5607771942870223
10581	8	9	Superior Temporal Gyrus, anterior division	cope	-59.313912734618555	-1.4074282244612009
10581	9	10	Superior Temporal Gyrus, posterior division	cope	-32.842009769147865	-0.889072929496889
10581	10	11	Middle Temporal Gyrus, anterior division	cope	33.596398653201206	0.1509853698424439
10581	11	12	Middle Temporal Gyrus, posterior division	cope	29.287986915725146	3.8445824401355586
10581	12	13	Middle Temporal Gyrus, temporooccipital part	cope	3.8649218767430464	10.538912362704743
10581	13	14	Inferior Temporal Gyrus, anterior division	cope	-75.99542741944803	9.096788651712195
10581	14	15	Inferior Temporal Gyrus, posterior division	cope	90.18589585523499	-8.722779226061906
10581	15	16	Inferior Temporal Gyrus, temporooccipital part	cope	57.8960795035558	11.028411257921704
10581	16	17	Postcentral Gyrus	cope	-41.35302117847878	2.885293242531606
10581	17	18	Superior Parietal Lobule	cope	145.13156986173996	3.2461427311312767
10581	18	19	Supramarginal Gyrus, anterior division	cope	-73.71691901153989	2.935949300809039
10581	19	20	Supramarginal Gyrus, posterior division	cope	34.641017321477065	2.576625436247402
10581	20	21	Angular Gyrus	cope	-67.17764863954281	6.400277386153552
10581	21	22	Lateral Occipital Cortex, superior division	cope	57.881850356440864	7.592698043397017
10581	22	23	Lateral Occipital Cortex, inferior division	cope	-2.8792297099125204	7.7757042043843
10581	23	24	Intracalcarine Cortex	cope	-47.60057892473523	8.917637490794236
10581	24	25	Frontal Medial Cortex	cope	181.80280977487564	10.867785874861523
10581	25	26	Juxtapositional Lobule Cortex (formerly Supplementary Motor Cortex)	cope	-248.08617816311684	5.480334012633869
10581	26	27	Subcallosal Cortex	cope	-145.04989502298145	15.626334104601007
10581	27	28	Paracingulate Gyrus	cope	-33.56632677180906	1.925267489541537
10581	28	29	Cingulate Gyrus, anterior division	cope	-54.28972357676475	-0.15073395980585177
10581	29	30	Cingulate Gyrus, posterior division	cope	47.26257037120206	9.806206012368468
10581	30	31	Precuneous Cortex	cope	-46.53816877427818	4.026969445713069
10581	31	32	Cuneal Cortex	cope	-102.09511910600303	6.5318239461991965
10581	32	33	Frontal Orbital Cortex	cope	-29.094229858540782	6.111994904010641
10581	33	34	Parahippocampal Gyrus, anterior division	cope	25.351912818123807	5.369854970868117
10581	34	35	Parahippocampal Gyrus, posterior division	cope	-225.0093897081771	1.6017224086905426
10581	35	36	Lingual Gyrus	cope	-16.71228608197046	7.5380863277203884
10581	36	37	Temporal Fusiform Cortex, anterior division	cope	-207.3089385184836	2.947282119000212
10581	37	38	Temporal Fusiform Cortex, posterior division	cope	-31.59821825152625	1.29689820880221
10581	38	39	Temporal Occipital Fusiform Cortex	cope	-33.288784830738365	0.20865360510015143
10581	39	40	Occipital Fusiform Gyrus	cope	78.1779402242888	6.299937063554695
10581	40	41	Frontal Operculum Cortex	cope	-54.94877529970738	-1.6742485357495416
10581	41	42	Central Opercular Cortex	cope	-126.6441272221877	-1.1415563898619887
10581	42	43	Parietal Operculum Cortex	cope	-227.09315153638724	4.142928851517816
10581	43	44	Planum Polare	cope	-98.09516464116919	-18.774377316862118
10581	44	45	Heschl's Gyrus (includes H1 and H2)	cope	-72.11779751755675	-16.23892629846999
10581	45	46	Planum Temporale	cope	-84.43500552844473	-12.607303312724234
10581	46	47	Supracalcarine Cortex	cope	-128.47868959447172	6.5161594775445915
10581	47	48	Occipital Pole	cope	11.802045194098168	5.252475401933825
10584	0	1	Frontal Pole	cope	138.7013935514961	-0.7210042311776508
10584	1	2	Insular Cortex	cope	139.14184774450774	5.664517818069845
10584	2	3	Superior Frontal Gyrus	cope	156.81240818184918	-6.993382577896635
10584	3	4	Middle Frontal Gyrus	cope	193.8521776355007	-7.062426983743143
10584	4	5	Inferior Frontal Gyrus, pars triangularis	cope	83.47353413824095	-2.6405909887831145
10584	5	6	Inferior Frontal Gyrus, pars opercularis	cope	75.31805515145281	-0.6430993030283974
10584	6	7	Precentral Gyrus	cope	109.21979809126368	4.263303680935548
10584	7	8	Temporal Pole	cope	17.824039036795096	-1.8239667810520424
10584	8	9	Superior Temporal Gyrus, anterior division	cope	24.778441636990276	-2.1365096918283366
10584	9	10	Superior Temporal Gyrus, posterior division	cope	-9.780363154875769	-1.8570391533650834
10584	10	11	Middle Temporal Gyrus, anterior division	cope	78.50751753974316	-5.852913682729896
10584	11	12	Middle Temporal Gyrus, posterior division	cope	52.7052362889876	-6.721036020690288
10584	12	13	Middle Temporal Gyrus, temporooccipital part	cope	35.130373897863635	-1.0934367777069998
10584	13	14	Inferior Temporal Gyrus, anterior division	cope	-113.97332907498941	-1.129556327033237
10584	14	15	Inferior Temporal Gyrus, posterior division	cope	191.15045386024167	1.3547701764347944
10584	15	16	Inferior Temporal Gyrus, temporooccipital part	cope	127.46324011750185	-1.3734150953945328
10584	16	17	Postcentral Gyrus	cope	108.34084230617337	4.589526523098592
10584	17	18	Superior Parietal Lobule	cope	152.42137069464354	5.24195958309736
10584	18	19	Supramarginal Gyrus, anterior division	cope	185.7557010491689	10.157260919548571
10584	19	20	Supramarginal Gyrus, posterior division	cope	141.50472460018622	7.4854810041652335
10584	20	21	Angular Gyrus	cope	187.03370954799774	1.1146097418894698
10584	21	22	Lateral Occipital Cortex, superior division	cope	119.5317397238995	-0.47718339571779417
10584	22	23	Lateral Occipital Cortex, inferior division	cope	111.4815862411094	-0.5859719020193994
10584	23	24	Intracalcarine Cortex	cope	119.5529402545164	4.2507165392375175
10584	24	25	Frontal Medial Cortex	cope	130.07245750894361	-10.575622472357242
10584	25	26	Juxtapositional Lobule Cortex (formerly Supplementary Motor Cortex)	cope	159.81409018547149	10.22935105843243
10584	26	27	Subcallosal Cortex	cope	56.90661425556128	1.7651206783663769
10584	27	28	Paracingulate Gyrus	cope	181.02188333891536	0.545089415208478
10584	28	29	Cingulate Gyrus, anterior division	cope	200.99546551237168	6.648768847393883
10584	29	30	Cingulate Gyrus, posterior division	cope	361.33075209133966	-3.542669381942068
10584	30	31	Precuneous Cortex	cope	181.9670485459148	1.1802237816009842
10584	31	32	Cuneal Cortex	cope	137.89691280565347	0.7373027521249592
10584	32	33	Frontal Orbital Cortex	cope	183.36458862064725	0.011525093794709102
10584	33	34	Parahippocampal Gyrus, anterior division	cope	110.06446419405727	-4.261825089829158
10584	34	35	Parahippocampal Gyrus, posterior division	cope	194.19613926050798	-13.828811241601999
10584	35	36	Lingual Gyrus	cope	80.83782222641082	-2.3362928232204485
10584	36	37	Temporal Fusiform Cortex, anterior division	cope	115.44849146511538	-1.9790526922290206
10584	37	38	Temporal Fusiform Cortex, posterior division	cope	121.43028035126434	-2.684822904718671
10584	38	39	Temporal Occipital Fusiform Cortex	cope	174.25196086153198	1.6529203014714378
10584	39	40	Occipital Fusiform Gyrus	cope	266.6242612376581	-4.259689269704169
10584	40	41	Frontal Operculum Cortex	cope	40.85174289984362	13.631497906879014
10584	41	42	Central Opercular Cortex	cope	105.09358338308125	9.150406187994248
10584	42	43	Parietal Operculum Cortex	cope	76.01300760536327	11.530521889467757
10584	43	44	Planum Polare	cope	-8.000411893688996	-8.74720436994356
10584	44	45	Heschl's Gyrus (includes H1 and H2)	cope	43.67711342424841	4.007501946341607
10584	45	46	Planum Temporale	cope	-51.35809034918154	5.297767579920559
10584	46	47	Supracalcarine Cortex	cope	168.94000212816482	3.248086716028604
10584	47	48	Occipital Pole	cope	124.95905259579627	-0.4119211939928817
10589	0	1	Frontal Pole	cope	-61.11223524948244	0.6558903915832927
10589	1	2	Insular Cortex	cope	82.83074829843444	-1.519094299501167
10589	2	3	Superior Frontal Gyrus	cope	-149.3477289623105	0.0891306840734684
10589	3	4	Middle Frontal Gyrus	cope	28.889785540111703	0.7218850351803725
10589	4	5	Inferior Frontal Gyrus, pars triangularis	cope	27.855715474335973	-3.7622535474248093
10589	5	6	Inferior Frontal Gyrus, pars opercularis	cope	19.17912093652447	-3.699077135730936
10589	6	7	Precentral Gyrus	cope	74.06224745111392	-0.9730961000196259
10589	7	8	Temporal Pole	cope	-14.429756935734982	-1.178167288087844
10589	8	9	Superior Temporal Gyrus, anterior division	cope	53.06945494168844	-2.802023859656392
10589	9	10	Superior Temporal Gyrus, posterior division	cope	-24.304723104147556	0.6872200133496678
10589	10	11	Middle Temporal Gyrus, anterior division	cope	37.89006041626432	-4.488872067469047
10589	11	12	Middle Temporal Gyrus, posterior division	cope	-28.026819209778026	-1.2701020450773004
10589	12	13	Middle Temporal Gyrus, temporooccipital part	cope	36.245070919373994	0.8853043667572401
10589	13	14	Inferior Temporal Gyrus, anterior division	cope	-64.37204771916542	-5.987695991375743
10589	14	15	Inferior Temporal Gyrus, posterior division	cope	-30.960220159157416	-2.0111137760881572
10589	15	16	Inferior Temporal Gyrus, temporooccipital part	cope	-97.23895134443222	-4.0439323359901005
10589	16	17	Postcentral Gyrus	cope	1.1540046185514201	-2.8813124798161343
10589	17	18	Superior Parietal Lobule	cope	-3.6008757415406034	-2.2618433555998787
10589	18	19	Supramarginal Gyrus, anterior division	cope	212.21741818598022	-1.1046595652548772
10589	19	20	Supramarginal Gyrus, posterior division	cope	110.27081719479851	1.6869771619066218
10589	20	21	Angular Gyrus	cope	-16.574978035718658	2.49233803280238
10589	21	22	Lateral Occipital Cortex, superior division	cope	-58.99124431720972	-2.666763374488955
10589	22	23	Lateral Occipital Cortex, inferior division	cope	-88.40208603963207	-5.153660877581041
10589	23	24	Intracalcarine Cortex	cope	95.20681861941323	0.42796884486107484
10589	24	25	Frontal Medial Cortex	cope	-85.68998795549604	-1.5654282183634078
10589	25	26	Juxtapositional Lobule Cortex (formerly Supplementary Motor Cortex)	cope	58.871743485331535	-2.3520235489342816
10589	26	27	Subcallosal Cortex	cope	-105.04180148719595	4.56304744550815
10589	27	28	Paracingulate Gyrus	cope	-87.6312140896705	0.20427810403676094
10589	28	29	Cingulate Gyrus, anterior division	cope	7.2316470445938785	4.070787820653296
10589	29	30	Cingulate Gyrus, posterior division	cope	-0.10173434846741812	0.33617940525950063
10589	30	31	Precuneous Cortex	cope	19.593973838120416	-1.1394202850034625
10589	31	32	Cuneal Cortex	cope	93.40077318968106	-1.0604239149295835
10589	32	33	Frontal Orbital Cortex	cope	-71.96786528779452	0.1954760498224367
10589	33	34	Parahippocampal Gyrus, anterior division	cope	-45.875646722362895	-7.507018179228876
10589	34	35	Parahippocampal Gyrus, posterior division	cope	-146.64570476064142	-5.12411552226206
10589	35	36	Lingual Gyrus	cope	57.162846558900014	-0.14789605982316967
10589	36	37	Temporal Fusiform Cortex, anterior division	cope	-49.07582705663451	-1.5817887029537918
10589	37	38	Temporal Fusiform Cortex, posterior division	cope	-67.27463933206107	-2.870760660836547
10589	38	39	Temporal Occipital Fusiform Cortex	cope	-128.11443434723031	-3.3267140247013627
10589	39	40	Occipital Fusiform Gyrus	cope	-53.783232787333496	-4.938895113603853
10589	40	41	Frontal Operculum Cortex	cope	128.05907649052244	-0.2781164347812408
10589	41	42	Central Opercular Cortex	cope	162.78853673459497	-2.457474563477009
10589	42	43	Parietal Operculum Cortex	cope	262.63534444177213	-3.0361861147194498
10589	43	44	Planum Polare	cope	59.082286200564326	1.235813780168768
10589	44	45	Heschl's Gyrus (includes H1 and H2)	cope	85.44046073355433	0.6518527229513956
10589	45	46	Planum Temporale	cope	119.39995619999323	-0.9037587044907636
10589	46	47	Supracalcarine Cortex	cope	64.59572472978145	1.1203894756258803
10589	47	48	Occipital Pole	cope	-39.33755858287301	-2.3321523459045874
10596	0	1	Frontal Pole	cope	231.74036883293104	-1.72758464884351
10596	1	2	Insular Cortex	cope	61.67639920738388	-2.870493401496549
10596	2	3	Superior Frontal Gyrus	cope	235.78982285910965	-1.6896625390570734
10596	3	4	Middle Frontal Gyrus	cope	141.63357111580834	0.30791327769095744
10596	4	5	Inferior Frontal Gyrus, pars triangularis	cope	98.64436679401803	-8.863148405353343
10596	5	6	Inferior Frontal Gyrus, pars opercularis	cope	78.38768964152797	-3.6911272166130655
10596	6	7	Precentral Gyrus	cope	149.1525232577922	-2.6837638555004966
10596	7	8	Temporal Pole	cope	164.39007260398301	-7.136570168375544
10596	8	9	Superior Temporal Gyrus, anterior division	cope	233.6412108568045	-6.368646373580663
10596	9	10	Superior Temporal Gyrus, posterior division	cope	128.74659953798567	-5.473352160123358
10596	10	11	Middle Temporal Gyrus, anterior division	cope	234.48643084995783	-3.191477400375836
10596	11	12	Middle Temporal Gyrus, posterior division	cope	126.19191094183661	-3.7652879218730098
10596	12	13	Middle Temporal Gyrus, temporooccipital part	cope	52.513782073411846	-0.38137148918156116
10596	13	14	Inferior Temporal Gyrus, anterior division	cope	43.840300825220595	1.520442603321294
10596	14	15	Inferior Temporal Gyrus, posterior division	cope	57.62107022030655	1.9844184381362802
10596	15	16	Inferior Temporal Gyrus, temporooccipital part	cope	331.2568221207875	-2.1314071966591466
10596	16	17	Postcentral Gyrus	cope	116.989470504924	-0.7834923562739531
10596	17	18	Superior Parietal Lobule	cope	41.71261836569316	-0.32694281359249605
10596	18	19	Supramarginal Gyrus, anterior division	cope	156.48874695968848	-1.3726337885121918
10596	19	20	Supramarginal Gyrus, posterior division	cope	148.79921629301498	-4.277055839892174
10596	20	21	Angular Gyrus	cope	207.82860001092445	-5.28585636740678
10596	21	22	Lateral Occipital Cortex, superior division	cope	179.23485602066415	-0.4445164292426672
10596	22	23	Lateral Occipital Cortex, inferior division	cope	348.1599681163659	-3.9071788624761203
10596	23	24	Intracalcarine Cortex	cope	913.024006100944	-8.740161177582662
10596	24	25	Frontal Medial Cortex	cope	220.40804263970531	-4.538407465324123
10596	25	26	Juxtapositional Lobule Cortex (formerly Supplementary Motor Cortex)	cope	292.128551923544	-2.6902884353279464
10596	26	27	Subcallosal Cortex	cope	-86.39402328580618	-7.061640834765366
10596	27	28	Paracingulate Gyrus	cope	475.0544979992123	-8.79068436150068
10596	28	29	Cingulate Gyrus, anterior division	cope	324.5216430571183	-6.538006281801815
10596	29	30	Cingulate Gyrus, posterior division	cope	411.34960876928056	-1.1731077337930245
10596	30	31	Precuneous Cortex	cope	346.72870807712053	-2.804847986927303
10596	31	32	Cuneal Cortex	cope	446.17523151538654	-1.9010759101532184
10596	32	33	Frontal Orbital Cortex	cope	0.5781657869502379	-7.287900955830494
10596	33	34	Parahippocampal Gyrus, anterior division	cope	70.67548274756533	1.4964523336322633
10596	34	35	Parahippocampal Gyrus, posterior division	cope	134.1341024520262	-4.515136444484288
10596	35	36	Lingual Gyrus	cope	444.85028022975933	-7.899702455712716
10596	36	37	Temporal Fusiform Cortex, anterior division	cope	-130.51956691471398	12.037072207805112
10596	37	38	Temporal Fusiform Cortex, posterior division	cope	103.75619773364109	2.8650618968643697
10596	38	39	Temporal Occipital Fusiform Cortex	cope	208.86612405968833	1.581622008901177
10596	39	40	Occipital Fusiform Gyrus	cope	731.8298186227815	-3.8100470887961473
10596	40	41	Frontal Operculum Cortex	cope	83.35168228530083	-4.423578022204402
10596	41	42	Central Opercular Cortex	cope	141.06693603667566	-0.39394080381542773
10596	42	43	Parietal Operculum Cortex	cope	178.86325945406395	-1.7655582231407994
10596	43	44	Planum Polare	cope	93.75624321662742	-4.018201955117797
10596	44	45	Heschl's Gyrus (includes H1 and H2)	cope	88.82695486578524	0.8485746360094231
10596	45	46	Planum Temporale	cope	115.41689644658994	-3.1253535851031296
10596	46	47	Supracalcarine Cortex	cope	894.8976601083228	-9.852656412314861
10596	47	48	Occipital Pole	cope	530.9986171381236	-4.588737146713571
10606	0	1	Frontal Pole	cope	91.52049418755253	-2.3273331829897503
10606	1	2	Insular Cortex	cope	60.549496862044954	5.607273662416073
10606	2	3	Superior Frontal Gyrus	cope	51.25559496197846	-0.9002364937847929
10606	3	4	Middle Frontal Gyrus	cope	33.027109164973744	-2.3934317545956363
10606	4	5	Inferior Frontal Gyrus, pars triangularis	cope	75.73687224240479	-7.628391623736248
10606	5	6	Inferior Frontal Gyrus, pars opercularis	cope	52.9758915705087	-0.14310012117277512
10606	6	7	Precentral Gyrus	cope	110.3983128755549	0.7905624897121758
10606	7	8	Temporal Pole	cope	53.73986390320034	-0.32799815074631294
10606	8	9	Superior Temporal Gyrus, anterior division	cope	76.35297626593174	-1.353856246975752
10606	9	10	Superior Temporal Gyrus, posterior division	cope	22.67206016850549	1.5363451174260783
10606	10	11	Middle Temporal Gyrus, anterior division	cope	117.43995258452287	-3.111424924472152
10606	11	12	Middle Temporal Gyrus, posterior division	cope	24.128902474469818	-1.0778883840801772
10606	12	13	Middle Temporal Gyrus, temporooccipital part	cope	10.951127581780026	-4.17426545451686
10606	13	14	Inferior Temporal Gyrus, anterior division	cope	8.996406680733495	-0.42437567021807976
10606	14	15	Inferior Temporal Gyrus, posterior division	cope	46.98513453187805	0.5996622895603038
10606	15	16	Inferior Temporal Gyrus, temporooccipital part	cope	181.30011337817604	-0.6362897578536519
10606	16	17	Postcentral Gyrus	cope	112.45453574966477	0.42088376854374276
10606	17	18	Superior Parietal Lobule	cope	54.957977087244274	3.470114218770206
10606	18	19	Supramarginal Gyrus, anterior division	cope	179.59366361366378	3.47534593512925
10606	19	20	Supramarginal Gyrus, posterior division	cope	-55.77652506490011	0.020421182789613267
10606	20	21	Angular Gyrus	cope	-54.13807430594857	-2.6854859114941303
10606	21	22	Lateral Occipital Cortex, superior division	cope	151.940538761597	-1.7845281109431625
10606	22	23	Lateral Occipital Cortex, inferior division	cope	210.95519731220054	-1.415278478705314
10606	23	24	Intracalcarine Cortex	cope	515.4356682068643	4.444870585470609
10606	24	25	Frontal Medial Cortex	cope	206.40361891982826	-5.329583870687898
10606	25	26	Juxtapositional Lobule Cortex (formerly Supplementary Motor Cortex)	cope	359.0984629775221	8.051930216065532
10606	26	27	Subcallosal Cortex	cope	11.216264800039621	-3.8349804433761165
10606	27	28	Paracingulate Gyrus	cope	181.45379458735772	2.802443051058711
10606	28	29	Cingulate Gyrus, anterior division	cope	214.60288796993763	4.56404750499644
10606	29	30	Cingulate Gyrus, posterior division	cope	289.80275550428456	3.2464705843755177
10606	30	31	Precuneous Cortex	cope	175.65179947659303	3.7499835088953497
10606	31	32	Cuneal Cortex	cope	319.0133542118474	5.315811413115184
10606	32	33	Frontal Orbital Cortex	cope	30.473277222482203	-1.526844473918917
10606	33	34	Parahippocampal Gyrus, anterior division	cope	92.84442237467893	-1.7583226592865138
10606	34	35	Parahippocampal Gyrus, posterior division	cope	318.98662745806405	-6.307182697206736
10606	35	36	Lingual Gyrus	cope	401.2720811611245	-0.8417238894559684
10606	36	37	Temporal Fusiform Cortex, anterior division	cope	-47.21314420598618	0.6715887947708157
10606	37	38	Temporal Fusiform Cortex, posterior division	cope	165.23493822297905	-2.911860733839608
10606	38	39	Temporal Occipital Fusiform Cortex	cope	315.3269006581893	-5.445571575467062
10606	39	40	Occipital Fusiform Gyrus	cope	418.8742458444852	0.11014111690787137
10606	40	41	Frontal Operculum Cortex	cope	-19.472487036545736	-1.2495910504034586
10606	41	42	Central Opercular Cortex	cope	100.86213052150441	4.4680857999145145
10606	42	43	Parietal Operculum Cortex	cope	156.8522369124487	3.058141064404647
10606	43	44	Planum Polare	cope	154.2954812695962	3.1499493996833117
10606	44	45	Heschl's Gyrus (includes H1 and H2)	cope	180.16857781937594	7.369959985262238
10606	45	46	Planum Temporale	cope	123.38541489542357	4.349316914785148
10606	46	47	Supracalcarine Cortex	cope	390.4091872915308	3.31930808889422
10606	47	48	Occipital Pole	cope	340.24956522769037	0.13045632720067346
10608	0	1	Frontal Pole	cope	101.4093292426126	1.1825341266212357
10608	1	2	Insular Cortex	cope	24.73182493636812	-2.997624082104818
10608	2	3	Superior Frontal Gyrus	cope	91.80384263018242	-1.0925877399230497
10608	3	4	Middle Frontal Gyrus	cope	146.04535379133162	-1.7156076763776054
10608	4	5	Inferior Frontal Gyrus, pars triangularis	cope	-52.537790162300844	-1.6766317203094105
10608	5	6	Inferior Frontal Gyrus, pars opercularis	cope	136.03879022059553	-2.311780787706652
10608	6	7	Precentral Gyrus	cope	87.27553970813047	-4.652264311310457
10608	7	8	Temporal Pole	cope	-32.671174138770375	-5.940299360249928
10608	8	9	Superior Temporal Gyrus, anterior division	cope	132.01240185835422	-5.963304777405201
10608	9	10	Superior Temporal Gyrus, posterior division	cope	4.8481652771497705	-3.8321735044554264
10608	10	11	Middle Temporal Gyrus, anterior division	cope	-119.27364901815777	-3.1563823132483817
10608	11	12	Middle Temporal Gyrus, posterior division	cope	2.405057076460465	-2.2183612139983904
10608	12	13	Middle Temporal Gyrus, temporooccipital part	cope	72.08031381777343	-4.841603465485893
10608	13	14	Inferior Temporal Gyrus, anterior division	cope	-32.846521044271235	-2.8946277956814455
10608	14	15	Inferior Temporal Gyrus, posterior division	cope	-87.74877353253756	-2.7812429684773914
10608	15	16	Inferior Temporal Gyrus, temporooccipital part	cope	202.62188686319251	-5.255414935668979
10608	16	17	Postcentral Gyrus	cope	75.86052970779978	-2.8276254423699627
10608	17	18	Superior Parietal Lobule	cope	120.61609548369418	-2.4055673526098897
10608	18	19	Supramarginal Gyrus, anterior division	cope	50.47455495849804	-1.213758641179582
10608	19	20	Supramarginal Gyrus, posterior division	cope	7.800756928405246	-3.7632826955183534
10608	20	21	Angular Gyrus	cope	42.58844312745605	-4.510668245738675
10608	21	22	Lateral Occipital Cortex, superior division	cope	170.8549926260912	-2.3516878804091723
10608	22	23	Lateral Occipital Cortex, inferior division	cope	242.52136035955058	-2.2644300649947535
10608	23	24	Intracalcarine Cortex	cope	246.141121251023	-5.6364694506234345
10608	24	25	Frontal Medial Cortex	cope	-159.6989387831261	-2.3225089808833514
10608	25	26	Juxtapositional Lobule Cortex (formerly Supplementary Motor Cortex)	cope	84.64107599663171	-6.254212967692749
10608	26	27	Subcallosal Cortex	cope	-467.3606135441707	0.0763432898487036
10608	27	28	Paracingulate Gyrus	cope	106.63434420059397	-1.7234207484457031
10608	28	29	Cingulate Gyrus, anterior division	cope	-11.550331829841864	-5.489595555969202
10608	29	30	Cingulate Gyrus, posterior division	cope	230.96820019376278	-3.7787342185904937
10608	30	31	Precuneous Cortex	cope	229.3037781112381	-6.415599238519278
10608	31	32	Cuneal Cortex	cope	244.13642491892543	-4.619278797132279
10608	32	33	Frontal Orbital Cortex	cope	-98.30799106865184	-4.006810222924971
10608	33	34	Parahippocampal Gyrus, anterior division	cope	86.16561692794868	-13.921461712379438
10608	34	35	Parahippocampal Gyrus, posterior division	cope	-178.0838309715379	-5.861297082957232
10608	35	36	Lingual Gyrus	cope	203.9916602634346	-7.613543859314219
10608	36	37	Temporal Fusiform Cortex, anterior division	cope	70.66825507295893	-14.130083009409091
10608	37	38	Temporal Fusiform Cortex, posterior division	cope	-107.87989832037698	-5.233480667870928
10608	38	39	Temporal Occipital Fusiform Cortex	cope	93.37854346746131	-4.118435437368333
10608	39	40	Occipital Fusiform Gyrus	cope	284.68404613084385	-4.922891787246556
10608	40	41	Frontal Operculum Cortex	cope	27.569626678939628	-4.698750680609911
10608	41	42	Central Opercular Cortex	cope	-14.297587336726552	-4.715246278090031
10608	42	43	Parietal Operculum Cortex	cope	29.241180118797395	-6.624528346160133
10608	43	44	Planum Polare	cope	-14.451174808367519	-6.417865164181172
10608	44	45	Heschl's Gyrus (includes H1 and H2)	cope	98.91680640778783	-8.838156045238543
10608	45	46	Planum Temporale	cope	105.43272914368029	-7.527390911267075
10608	46	47	Supracalcarine Cortex	cope	329.41952835245337	-6.3903174163337715
10608	47	48	Occipital Pole	cope	200.63396185949654	-1.3323769805362782
10640	0	1	Frontal Pole	cope	4.1998620211072355	-2.1869015259840854
10640	1	2	Insular Cortex	cope	-43.07291828484091	-1.3874646148569363
10640	2	3	Superior Frontal Gyrus	cope	1.2971470750551688	0.7401352800107387
10640	3	4	Middle Frontal Gyrus	cope	-17.110522632433945	4.312703609838371
10640	4	5	Inferior Frontal Gyrus, pars triangularis	cope	108.90827858294232	-4.601291863420773
10640	5	6	Inferior Frontal Gyrus, pars opercularis	cope	70.75952726403133	-0.10992525189727212
10640	6	7	Precentral Gyrus	cope	-16.449877039589417	3.722091858765955
10640	7	8	Temporal Pole	cope	5.859942849620251	-4.109250330499637
10640	8	9	Superior Temporal Gyrus, anterior division	cope	-26.25194965570401	-0.7855067288646331
10640	9	10	Superior Temporal Gyrus, posterior division	cope	-54.826165960206616	-3.6486966814021824
10640	10	11	Middle Temporal Gyrus, anterior division	cope	94.55367368152783	1.3359924198197786
10640	11	12	Middle Temporal Gyrus, posterior division	cope	25.269140783461776	-0.5807622086786823
10640	12	13	Middle Temporal Gyrus, temporooccipital part	cope	45.886518398702066	1.166627903288279
10640	13	14	Inferior Temporal Gyrus, anterior division	cope	136.7892223046376	-2.1820879940097853
10640	14	15	Inferior Temporal Gyrus, posterior division	cope	38.81546857999328	-1.7083710970165014
10640	15	16	Inferior Temporal Gyrus, temporooccipital part	cope	-38.13314984327377	4.141617216166359
10640	16	17	Postcentral Gyrus	cope	6.085381548037024	2.23239598583921
10640	17	18	Superior Parietal Lobule	cope	-84.99082998544212	6.148799568644463
10640	18	19	Supramarginal Gyrus, anterior division	cope	-81.19067940347725	2.903228688002909
10640	19	20	Supramarginal Gyrus, posterior division	cope	-67.30450860545845	1.6459329209642837
10640	20	21	Angular Gyrus	cope	73.40601911802355	-3.510676772418777
10640	21	22	Lateral Occipital Cortex, superior division	cope	18.808703524051914	6.646155168404818
10640	22	23	Lateral Occipital Cortex, inferior division	cope	-15.068282231629015	3.884751198409312
10640	23	24	Intracalcarine Cortex	cope	304.09745153378884	10.511744823147351
10640	24	25	Frontal Medial Cortex	cope	73.30960675027777	-3.2962950609545123
10640	25	26	Juxtapositional Lobule Cortex (formerly Supplementary Motor Cortex)	cope	-43.372306902918055	0.7885226168216685
10640	26	27	Subcallosal Cortex	cope	27.64905716616374	-5.302672262174579
10640	27	28	Paracingulate Gyrus	cope	-49.305457992960285	-0.40896195443849326
10640	28	29	Cingulate Gyrus, anterior division	cope	6.535196577230374	0.5456267875023344
10640	29	30	Cingulate Gyrus, posterior division	cope	-27.20721313391413	1.0308699058529123
10640	30	31	Precuneous Cortex	cope	93.0646412079251	5.485815787524255
10640	31	32	Cuneal Cortex	cope	78.05444549152962	7.272414039370259
10640	32	33	Frontal Orbital Cortex	cope	1.6178919470244106	-3.841608907242414
10640	33	34	Parahippocampal Gyrus, anterior division	cope	29.515059533636126	-4.319419400973567
10640	34	35	Parahippocampal Gyrus, posterior division	cope	51.62736937819787	-2.808817909756359
10640	35	36	Lingual Gyrus	cope	179.28307392627363	7.172267402651972
10640	36	37	Temporal Fusiform Cortex, anterior division	cope	118.98235817158476	-4.486949394146602
10640	37	38	Temporal Fusiform Cortex, posterior division	cope	54.535641537681094	0.4432820275509265
10640	38	39	Temporal Occipital Fusiform Cortex	cope	7.378273394019436	7.725206423193809
10640	39	40	Occipital Fusiform Gyrus	cope	121.1505055680233	6.137897386860717
10640	40	41	Frontal Operculum Cortex	cope	-68.01675310755978	-3.42530040899996
10640	41	42	Central Opercular Cortex	cope	-37.91162361753585	-3.4021745655068423
10640	42	43	Parietal Operculum Cortex	cope	-71.36843108310161	-3.8647268900959775
10640	43	44	Planum Polare	cope	-63.50538955117	-3.59548883248149
10640	44	45	Heschl's Gyrus (includes H1 and H2)	cope	11.808774723435327	-8.530533059706165
10640	45	46	Planum Temporale	cope	-58.502164779009085	-5.939741642276274
10640	46	47	Supracalcarine Cortex	cope	218.36404446845359	10.130760988973556
10640	47	48	Occipital Pole	cope	93.42937693155628	3.544715468899551
10641	0	1	Frontal Pole	cope	183.55973046272092	1.4683826170119256
10641	1	2	Insular Cortex	cope	-20.077172781661396	-8.459497231490086
10641	2	3	Superior Frontal Gyrus	cope	95.57927689257386	2.450993672037515
10641	3	4	Middle Frontal Gyrus	cope	63.91911626487566	-4.694162106507344
10641	4	5	Inferior Frontal Gyrus, pars triangularis	cope	58.95811628741682	-0.17471702551547172
10641	5	6	Inferior Frontal Gyrus, pars opercularis	cope	-13.468246405604935	-6.260380959740691
10641	6	7	Precentral Gyrus	cope	32.67896772278687	-6.2591962537880805
10641	7	8	Temporal Pole	cope	134.90532648705567	-3.0604913284506927
10641	8	9	Superior Temporal Gyrus, anterior division	cope	199.362195229836	-1.838723463565111
10641	9	10	Superior Temporal Gyrus, posterior division	cope	42.53066888258055	1.1011523477001381
10641	10	11	Middle Temporal Gyrus, anterior division	cope	23.761027613282202	-5.126200474064742
10641	11	12	Middle Temporal Gyrus, posterior division	cope	34.961699392955765	7.248514133358624
10641	12	13	Middle Temporal Gyrus, temporooccipital part	cope	10.221113407341289	-0.08702795230559339
10641	13	14	Inferior Temporal Gyrus, anterior division	cope	45.69893772856018	-6.355831457853053
10641	14	15	Inferior Temporal Gyrus, posterior division	cope	38.74135861065065	-5.890283418087002
10641	15	16	Inferior Temporal Gyrus, temporooccipital part	cope	-68.44975993937966	1.2910587023943663
10641	16	17	Postcentral Gyrus	cope	157.73331997715584	-2.19155815548223
10641	17	18	Superior Parietal Lobule	cope	10.89083628548099	-1.8220345639767923
10641	18	19	Supramarginal Gyrus, anterior division	cope	-19.47133079196016	-0.585581902038582
10641	19	20	Supramarginal Gyrus, posterior division	cope	35.12570244122196	-4.283206745948189
10641	20	21	Angular Gyrus	cope	74.28349961793324	-3.193849904443785
10641	21	22	Lateral Occipital Cortex, superior division	cope	44.219198332519724	2.314813827584337
10641	22	23	Lateral Occipital Cortex, inferior division	cope	20.40398258960255	-4.184877744021361
10641	23	24	Intracalcarine Cortex	cope	262.98382225389145	-6.141792802321308
10641	24	25	Frontal Medial Cortex	cope	165.2824477608322	16.41252151541478
10641	25	26	Juxtapositional Lobule Cortex (formerly Supplementary Motor Cortex)	cope	-107.85899265775004	-8.825829478984422
10641	26	27	Subcallosal Cortex	cope	-42.98868791415141	0.28396120025561405
10641	27	28	Paracingulate Gyrus	cope	87.51593866002594	0.5771042641768603
10641	28	29	Cingulate Gyrus, anterior division	cope	82.52477242431398	-1.1600587620691918
10641	29	30	Cingulate Gyrus, posterior division	cope	101.10135282008989	10.594564076202257
10641	30	31	Precuneous Cortex	cope	76.17021571107222	3.4871262020967086
10641	31	32	Cuneal Cortex	cope	151.71381207448152	-1.5334382817126446
10641	32	33	Frontal Orbital Cortex	cope	16.345100266490537	1.3547528520464904
10641	33	34	Parahippocampal Gyrus, anterior division	cope	89.41486445570413	-16.495047552560546
10641	34	35	Parahippocampal Gyrus, posterior division	cope	217.01533590802606	-10.323308985975553
10641	35	36	Lingual Gyrus	cope	166.5912691832554	-3.9338651605493387
10641	36	37	Temporal Fusiform Cortex, anterior division	cope	-10.36677977315923	-13.04444657054776
10641	37	38	Temporal Fusiform Cortex, posterior division	cope	-59.65864064843232	-9.872195965751505
10641	38	39	Temporal Occipital Fusiform Cortex	cope	-12.939059330093224	-11.043201162897482
10641	39	40	Occipital Fusiform Gyrus	cope	165.8584585169769	-1.2477928909048757
10641	40	41	Frontal Operculum Cortex	cope	-9.955140771986056	-12.129084286726073
10641	41	42	Central Opercular Cortex	cope	51.448074815101116	-4.968485074582075
10641	42	43	Parietal Operculum Cortex	cope	116.45214095235174	-0.22753696319491126
10641	43	44	Planum Polare	cope	-2.1689808725855735	-10.856838589320883
10641	44	45	Heschl's Gyrus (includes H1 and H2)	cope	-41.77194136339948	-14.461865810479987
10641	45	46	Planum Temporale	cope	9.02990575543401	-7.355969553653388
10641	46	47	Supracalcarine Cortex	cope	145.90634103531534	-11.581002271872885
10641	47	48	Occipital Pole	cope	67.72188856476461	1.7224929459969684
10642	0	1	Frontal Pole	cope	-46.71588239002373	5.229904383075926
10642	1	2	Insular Cortex	cope	-21.881254190151566	0.762548323615319
10642	2	3	Superior Frontal Gyrus	cope	-61.50170670819355	6.510907192342144
10642	3	4	Middle Frontal Gyrus	cope	5.514453181555761	3.9349089822102257
10642	4	5	Inferior Frontal Gyrus, pars triangularis	cope	-4.458400550580353	1.37840444929556
10642	5	6	Inferior Frontal Gyrus, pars opercularis	cope	-15.591324251657525	-1.5767277808267914
10642	6	7	Precentral Gyrus	cope	6.818046795456526	1.40668179308776
10642	7	8	Temporal Pole	cope	-121.64704771888047	0.22939429804039635
10642	8	9	Superior Temporal Gyrus, anterior division	cope	-108.3062472777489	-0.7069330543088608
10642	9	10	Superior Temporal Gyrus, posterior division	cope	-7.345902081724111	1.8651734306416534
10642	10	11	Middle Temporal Gyrus, anterior division	cope	-119.15220927516026	-0.5159925477885043
10642	11	12	Middle Temporal Gyrus, posterior division	cope	-30.523375273877278	4.348643847173432
10642	12	13	Middle Temporal Gyrus, temporooccipital part	cope	51.55474637700386	-2.095102237893635
10642	13	14	Inferior Temporal Gyrus, anterior division	cope	-161.07039371326832	-6.478188083898386
10642	14	15	Inferior Temporal Gyrus, posterior division	cope	-68.20653331326011	2.1538265688600897
10642	15	16	Inferior Temporal Gyrus, temporooccipital part	cope	-60.14038900780811	-2.5976654609192664
10642	16	17	Postcentral Gyrus	cope	20.296637537712638	1.397142182722202
10642	17	18	Superior Parietal Lobule	cope	37.61822964108288	-3.0392199499762356
10642	18	19	Supramarginal Gyrus, anterior division	cope	31.815757822107386	-1.5235422184483873
10642	19	20	Supramarginal Gyrus, posterior division	cope	40.283663790431376	-0.6276035695550711
10642	20	21	Angular Gyrus	cope	-41.83514381318263	2.7061909941582925
10642	21	22	Lateral Occipital Cortex, superior division	cope	24.457209444100297	1.0436481542750389
10642	22	23	Lateral Occipital Cortex, inferior division	cope	-107.27294769701724	-2.4948431704948657
10642	23	24	Intracalcarine Cortex	cope	46.84403288636922	-1.306073937858618
10642	24	25	Frontal Medial Cortex	cope	-96.1000882776071	12.149186146234209
10642	25	26	Juxtapositional Lobule Cortex (formerly Supplementary Motor Cortex)	cope	20.976944684780932	-0.2887457336198438
10642	26	27	Subcallosal Cortex	cope	-184.73010030022033	5.984894891427113
10642	27	28	Paracingulate Gyrus	cope	-71.04489201372145	7.836175432407681
10642	28	29	Cingulate Gyrus, anterior division	cope	-108.49823016016666	1.5116515078264194
10642	29	30	Cingulate Gyrus, posterior division	cope	-73.80492694171838	8.525259401015937
10642	30	31	Precuneous Cortex	cope	38.917206248406345	7.676006174682079
10642	31	32	Cuneal Cortex	cope	88.48028673183693	-0.6828169977104502
10642	32	33	Frontal Orbital Cortex	cope	-66.89109156181598	1.826358345302621
10642	33	34	Parahippocampal Gyrus, anterior division	cope	-48.57249720539667	-2.8117528546877635
10642	34	35	Parahippocampal Gyrus, posterior division	cope	-60.7240213985713	0.4171126855633942
10642	35	36	Lingual Gyrus	cope	19.919010786766464	-1.253343648446143
10642	36	37	Temporal Fusiform Cortex, anterior division	cope	-98.29139016875139	-5.812630495003669
10642	37	38	Temporal Fusiform Cortex, posterior division	cope	-54.38978628462851	-1.3468576790989344
10642	38	39	Temporal Occipital Fusiform Cortex	cope	-169.37180645276152	-2.515540410882825
10642	39	40	Occipital Fusiform Gyrus	cope	45.92456802926297	-2.682215894118524
10642	40	41	Frontal Operculum Cortex	cope	-12.780300602191636	-1.1944810863380797
10642	41	42	Central Opercular Cortex	cope	19.11697456653604	2.1653541087244106
10642	42	43	Parietal Operculum Cortex	cope	-44.08377790677971	1.8613393080449157
10642	43	44	Planum Polare	cope	-46.90171827990135	-1.0765007724310094
10642	44	45	Heschl's Gyrus (includes H1 and H2)	cope	33.91541822357661	6.024044230511661
10642	45	46	Planum Temporale	cope	-10.003037118020151	4.443091262254472
10642	46	47	Supracalcarine Cortex	cope	90.23543858528137	1.0450852325463549
10642	47	48	Occipital Pole	cope	-32.1680232170386	-1.5848150058275587
10647	0	1	Frontal Pole	cope	-94.45661004928796	-3.2348603389607233
10647	1	2	Insular Cortex	cope	-32.3149569882538	0.46007402189177093
10647	2	3	Superior Frontal Gyrus	cope	-111.49648781538217	-4.726949918925914
10647	3	4	Middle Frontal Gyrus	cope	-70.73660449408587	-1.0009128156335032
10647	4	5	Inferior Frontal Gyrus, pars triangularis	cope	-203.23019561089507	0.1026238246223838
10647	5	6	Inferior Frontal Gyrus, pars opercularis	cope	-168.20044658319213	2.2504113568027666
10647	6	7	Precentral Gyrus	cope	-119.38266842921789	0.39833281574482216
10647	7	8	Temporal Pole	cope	-102.6111483669326	-0.8952809513013924
10647	8	9	Superior Temporal Gyrus, anterior division	cope	-211.87036610948735	1.4328902713476848
10647	9	10	Superior Temporal Gyrus, posterior division	cope	-120.32983307985516	0.32632202117601045
10647	10	11	Middle Temporal Gyrus, anterior division	cope	-53.22807159059083	-1.631042260700253
10647	11	12	Middle Temporal Gyrus, posterior division	cope	-69.97830166002154	-0.6166792281872497
10647	12	13	Middle Temporal Gyrus, temporooccipital part	cope	-103.3401048964881	5.220361805145604
10647	13	14	Inferior Temporal Gyrus, anterior division	cope	-94.4912592306645	2.7763051134065764
10647	14	15	Inferior Temporal Gyrus, posterior division	cope	-60.314534140531876	1.7336386075251613
10647	15	16	Inferior Temporal Gyrus, temporooccipital part	cope	-190.37449657969844	1.0748555763874814
10647	16	17	Postcentral Gyrus	cope	-64.2141863684421	-0.5526296617985581
10647	17	18	Superior Parietal Lobule	cope	-75.47716790910815	2.719365101503184
10647	18	19	Supramarginal Gyrus, anterior division	cope	-57.874154909037884	4.149026857070728
10647	19	20	Supramarginal Gyrus, posterior division	cope	-62.29137755270443	1.148653849724655
10647	20	21	Angular Gyrus	cope	-76.73741518664481	-3.3202171122908197
10647	21	22	Lateral Occipital Cortex, superior division	cope	-170.60627819068287	2.962808566253797
10647	22	23	Lateral Occipital Cortex, inferior division	cope	-156.1066215042067	1.2666038343288173
10647	23	24	Intracalcarine Cortex	cope	-16.360508700289152	12.083617874982872
10647	24	25	Frontal Medial Cortex	cope	-147.6981125317567	0.2408396791772428
10647	25	26	Juxtapositional Lobule Cortex (formerly Supplementary Motor Cortex)	cope	-74.16777990476506	-4.105859586097476
10647	26	27	Subcallosal Cortex	cope	-12.45442761549583	-0.7715649532978065
10647	27	28	Paracingulate Gyrus	cope	1.094877135153074	-2.6376520717735055
10647	28	29	Cingulate Gyrus, anterior division	cope	-90.10503702838037	-2.0896253450388893
10647	29	30	Cingulate Gyrus, posterior division	cope	-173.36194081035683	-1.4865387155860663
10647	30	31	Precuneous Cortex	cope	-141.90624050276108	-2.370070922724347
10647	31	32	Cuneal Cortex	cope	-13.546239983150013	6.1557678942488065
10647	32	33	Frontal Orbital Cortex	cope	-91.71573947670967	-4.264494090604849
10647	33	34	Parahippocampal Gyrus, anterior division	cope	52.4447159951767	1.7325469442886359
10647	34	35	Parahippocampal Gyrus, posterior division	cope	-42.330271408243	-1.069259432583766
10647	35	36	Lingual Gyrus	cope	-89.07223901384272	7.957055135276395
10647	36	37	Temporal Fusiform Cortex, anterior division	cope	-65.70572487999361	3.5382464490632746
10647	37	38	Temporal Fusiform Cortex, posterior division	cope	-74.21003619123654	1.6242544957598521
10647	38	39	Temporal Occipital Fusiform Cortex	cope	-165.50721351690524	1.0342408436473465
10647	39	40	Occipital Fusiform Gyrus	cope	-62.78787488638444	4.040442400159092
10647	40	41	Frontal Operculum Cortex	cope	-251.7515220852459	-5.627212873120017
10647	41	42	Central Opercular Cortex	cope	-34.71657000151067	-1.1228898896076485
10647	42	43	Parietal Operculum Cortex	cope	-86.71937168809363	1.7121811019998932
10647	43	44	Planum Polare	cope	37.13627531533023	3.342435245636765
10647	44	45	Heschl's Gyrus (includes H1 and H2)	cope	-1.748806002777293	0.7170120371067854
10647	45	46	Planum Temporale	cope	-19.349651937339445	2.2629743434483616
10647	46	47	Supracalcarine Cortex	cope	-11.403897076211077	8.532108145825406
10647	47	48	Occipital Pole	cope	-108.8020744405831	0.341524202878048
10656	0	1	Frontal Pole	cope	-136.11800255523121	-1.0296112194645486
10656	1	2	Insular Cortex	cope	-140.20285469501235	3.8061234783858335
10656	2	3	Superior Frontal Gyrus	cope	-111.27396991772694	-2.811986237568886
10656	3	4	Middle Frontal Gyrus	cope	-137.49444563155845	-0.01633470198360665
10656	4	5	Inferior Frontal Gyrus, pars triangularis	cope	-245.32752232964432	-3.6230756711789383
10656	5	6	Inferior Frontal Gyrus, pars opercularis	cope	-232.8099572450255	-2.254013087254253
10656	6	7	Precentral Gyrus	cope	-124.44870170874665	4.648527770605829
10656	7	8	Temporal Pole	cope	-168.01301028604496	-1.285603838172675
10656	8	9	Superior Temporal Gyrus, anterior division	cope	-234.42289192676543	0.22936732142399519
10656	9	10	Superior Temporal Gyrus, posterior division	cope	-162.41541268918422	-1.5911045674122748
10656	10	11	Middle Temporal Gyrus, anterior division	cope	-165.41499665370628	-2.569563089405645
10656	11	12	Middle Temporal Gyrus, posterior division	cope	-104.75532485715486	-7.231830623781257
10656	12	13	Middle Temporal Gyrus, temporooccipital part	cope	-157.33954440411873	-2.9981617070824176
10656	13	14	Inferior Temporal Gyrus, anterior division	cope	-174.6206762861218	0.045213817921880436
10656	14	15	Inferior Temporal Gyrus, posterior division	cope	-33.4746627984713	-4.56881841676859
10656	15	16	Inferior Temporal Gyrus, temporooccipital part	cope	-155.57328330352902	-2.244198321684528
10656	16	17	Postcentral Gyrus	cope	-116.64791834478469	6.102197101614236
10656	17	18	Superior Parietal Lobule	cope	-89.92377307799858	0.8323941223147348
10656	18	19	Supramarginal Gyrus, anterior division	cope	-124.85858115708386	8.049748893578847
10656	19	20	Supramarginal Gyrus, posterior division	cope	-74.81518074278594	-0.23033540756819215
10656	20	21	Angular Gyrus	cope	-98.71638660242563	-1.3892959723463885
10656	21	22	Lateral Occipital Cortex, superior division	cope	-168.12076143979633	-0.25522225670077425
10656	22	23	Lateral Occipital Cortex, inferior division	cope	-183.29865215895717	-1.7685965784922668
10656	23	24	Intracalcarine Cortex	cope	-425.51252116535426	9.556178973081742
10656	24	25	Frontal Medial Cortex	cope	-260.9643916094557	-7.02745561925232
10656	25	26	Juxtapositional Lobule Cortex (formerly Supplementary Motor Cortex)	cope	-281.35677194112054	4.297506543316853
10656	26	27	Subcallosal Cortex	cope	-206.8547287464142	4.9125603420230055
10656	27	28	Paracingulate Gyrus	cope	-80.03539684562183	-1.6503883051988206
10656	28	29	Cingulate Gyrus, anterior division	cope	-85.74855181309631	-1.0008109337462792
10656	29	30	Cingulate Gyrus, posterior division	cope	-245.28862251070566	-0.22166558027054584
10656	30	31	Precuneous Cortex	cope	-119.62532565065747	2.4590321040518464
10656	31	32	Cuneal Cortex	cope	-323.98296455242684	11.090241088769389
10656	32	33	Frontal Orbital Cortex	cope	-166.10432157168327	1.3303388269848833
10656	33	34	Parahippocampal Gyrus, anterior division	cope	-161.41162587352824	-7.892252962113218
10656	34	35	Parahippocampal Gyrus, posterior division	cope	-98.33359038256249	2.0841863663129088
10656	35	36	Lingual Gyrus	cope	-330.41344436855934	11.552139297550024
10656	36	37	Temporal Fusiform Cortex, anterior division	cope	-221.50961297961837	0.867400290854011
10656	37	38	Temporal Fusiform Cortex, posterior division	cope	-97.83703713419105	-0.7200624814622502
10656	38	39	Temporal Occipital Fusiform Cortex	cope	-300.8551795676647	-2.7845409183373935
10656	39	40	Occipital Fusiform Gyrus	cope	-287.25812775580164	6.543256664426502
10656	40	41	Frontal Operculum Cortex	cope	-194.8595708132792	-6.465630421743674
10656	41	42	Central Opercular Cortex	cope	-182.27803429135304	8.461803758749738
10656	42	43	Parietal Operculum Cortex	cope	-198.26606771486058	9.768660344712927
10656	43	44	Planum Polare	cope	-202.09935452100885	5.160930860759192
10656	44	45	Heschl's Gyrus (includes H1 and H2)	cope	-159.97852788954836	7.327465172290528
10656	45	46	Planum Temporale	cope	-143.06884869809295	9.932362073552575
10656	46	47	Supracalcarine Cortex	cope	-382.80818471249114	13.15648163601439
10656	47	48	Occipital Pole	cope	-125.927117820465	3.1223055950871785
10661	0	1	Frontal Pole	cope	124.01388721547185	-1.012929922551807
10661	1	2	Insular Cortex	cope	126.14331387110116	-0.48548915459713365
10661	2	3	Superior Frontal Gyrus	cope	69.7437328099946	-3.034779928562838
10661	3	4	Middle Frontal Gyrus	cope	93.66251785903032	0.2668418510950714
10661	4	5	Inferior Frontal Gyrus, pars triangularis	cope	92.702153294595	2.7887861205202444
10661	5	6	Inferior Frontal Gyrus, pars opercularis	cope	158.7883124575296	-0.2781958150327704
10661	6	7	Precentral Gyrus	cope	76.96942251966523	-1.0232427995033742
10661	7	8	Temporal Pole	cope	36.81209266848502	-0.6292285709615565
10661	8	9	Superior Temporal Gyrus, anterior division	cope	101.37755233079959	3.052544939471409
10661	9	10	Superior Temporal Gyrus, posterior division	cope	68.37967992757822	-1.936414289460578
10661	10	11	Middle Temporal Gyrus, anterior division	cope	15.743233991025098	3.810811062068192
10661	11	12	Middle Temporal Gyrus, posterior division	cope	100.55602568374734	-0.963928754754335
10661	12	13	Middle Temporal Gyrus, temporooccipital part	cope	160.25967615342697	0.130008687257531
10661	13	14	Inferior Temporal Gyrus, anterior division	cope	-24.13145275793132	3.291588318220081
10661	14	15	Inferior Temporal Gyrus, posterior division	cope	73.16487751329554	-1.3248969332672276
10661	15	16	Inferior Temporal Gyrus, temporooccipital part	cope	145.55795894296313	-1.8150918585345595
10661	16	17	Postcentral Gyrus	cope	84.21585322747411	-3.2006413846560147
10661	17	18	Superior Parietal Lobule	cope	166.42574933562378	-0.8719156870271355
10661	18	19	Supramarginal Gyrus, anterior division	cope	150.82629898190498	-6.673940297283439
10661	19	20	Supramarginal Gyrus, posterior division	cope	114.35347588320036	-4.193118355943462
10661	20	21	Angular Gyrus	cope	135.4657798819433	-1.4670040310563774
10661	21	22	Lateral Occipital Cortex, superior division	cope	51.970320966342676	0.20927407349034255
10661	22	23	Lateral Occipital Cortex, inferior division	cope	6.7882520817492855	0.7203124625681443
10661	23	24	Intracalcarine Cortex	cope	9.829118217707608	10.327291146469763
10661	24	25	Frontal Medial Cortex	cope	39.63682534994808	7.858069011783029
10661	25	26	Juxtapositional Lobule Cortex (formerly Supplementary Motor Cortex)	cope	-1.3754715154299866	-2.6791641329465485
10661	26	27	Subcallosal Cortex	cope	-77.64233079827748	3.810730573363029
10661	27	28	Paracingulate Gyrus	cope	86.08426131752154	-4.738839824793882
10661	28	29	Cingulate Gyrus, anterior division	cope	46.373605545436554	1.7029315204452329
10661	29	30	Cingulate Gyrus, posterior division	cope	38.058847443308146	-0.20194176947418602
10661	30	31	Precuneous Cortex	cope	38.67738151926139	2.3715049931624024
10661	31	32	Cuneal Cortex	cope	-68.81062327070934	0.20898777747861297
10661	32	33	Frontal Orbital Cortex	cope	244.56749802637782	0.09276890085150218
10661	33	34	Parahippocampal Gyrus, anterior division	cope	107.9707702361377	-1.023368872932892
10661	34	35	Parahippocampal Gyrus, posterior division	cope	122.96004563525038	-4.258594111985755
10661	35	36	Lingual Gyrus	cope	-43.19623591619947	-0.03916925108701232
10661	36	37	Temporal Fusiform Cortex, anterior division	cope	189.06794103663017	0.23294289970228857
10661	37	38	Temporal Fusiform Cortex, posterior division	cope	122.15625889453133	-1.0474384732627777
10661	38	39	Temporal Occipital Fusiform Cortex	cope	3.483272790558515	3.3005903519043334
10661	39	40	Occipital Fusiform Gyrus	cope	18.454129232725965	3.712326485820297
10661	40	41	Frontal Operculum Cortex	cope	63.642483510890926	-4.196940712630749
10661	41	42	Central Opercular Cortex	cope	73.49466687550118	-3.2796419778165524
10661	42	43	Parietal Operculum Cortex	cope	28.02165096135914	-6.958066270880515
10661	43	44	Planum Polare	cope	159.88281274023856	-0.42630611549181335
10661	44	45	Heschl's Gyrus (includes H1 and H2)	cope	139.8502029439237	-0.9710511033968304
10661	45	46	Planum Temporale	cope	111.62166654535278	-4.435942527247268
10661	46	47	Supracalcarine Cortex	cope	-125.440387842503	9.827206462938735
10661	47	48	Occipital Pole	cope	45.38140370498542	1.6071445963073325
10663	0	1	Frontal Pole	cope	4.460460281924851	6.014248845212955
10663	1	2	Insular Cortex	cope	-136.22944059222937	2.29496679960876
10663	2	3	Superior Frontal Gyrus	cope	-96.41172704560697	7.2890249321072424
10663	3	4	Middle Frontal Gyrus	cope	-7.827475452200716	8.908261647224721
10663	4	5	Inferior Frontal Gyrus, pars triangularis	cope	-87.40142498169641	0.14361510347199002
10663	5	6	Inferior Frontal Gyrus, pars opercularis	cope	-101.06727780746539	2.2400414501784236
10663	6	7	Precentral Gyrus	cope	-80.76637910137262	4.545002150608448
10663	7	8	Temporal Pole	cope	-137.27195654172456	-4.233334964043616
10663	8	9	Superior Temporal Gyrus, anterior division	cope	-110.75729473431905	-0.5592547114460896
10663	9	10	Superior Temporal Gyrus, posterior division	cope	-147.47374877159473	-0.23968926312813124
10663	10	11	Middle Temporal Gyrus, anterior division	cope	-123.99303128078802	-2.8983737613171785
10663	11	12	Middle Temporal Gyrus, posterior division	cope	-73.95332485784891	2.8517756895792554
10663	12	13	Middle Temporal Gyrus, temporooccipital part	cope	-111.88163837679807	6.878801887314972
10663	13	14	Inferior Temporal Gyrus, anterior division	cope	-104.92323195581605	-7.644366733685753
10663	14	15	Inferior Temporal Gyrus, posterior division	cope	-52.449760878198425	-7.603701130794712
10663	15	16	Inferior Temporal Gyrus, temporooccipital part	cope	-52.75174725311461	6.028657841454469
10663	16	17	Postcentral Gyrus	cope	-145.07467775730336	5.877035783418333
10663	17	18	Superior Parietal Lobule	cope	-7.885356016202862	3.1478063140426253
10663	18	19	Supramarginal Gyrus, anterior division	cope	-222.13470843627496	6.2435406502957145
10663	19	20	Supramarginal Gyrus, posterior division	cope	-111.67477246764544	2.1790144274313303
10663	20	21	Angular Gyrus	cope	-121.11082907073994	2.7512079174222595
10663	21	22	Lateral Occipital Cortex, superior division	cope	46.49427003980374	8.617438127803277
10663	22	23	Lateral Occipital Cortex, inferior division	cope	43.40474672701782	11.551212169897145
10663	23	24	Intracalcarine Cortex	cope	-19.40240061213534	13.534491240470906
10663	24	25	Frontal Medial Cortex	cope	-54.494741225073525	10.39132836820386
10663	25	26	Juxtapositional Lobule Cortex (formerly Supplementary Motor Cortex)	cope	-155.2839469933832	3.2546075718175316
10663	26	27	Subcallosal Cortex	cope	104.91476481235944	0.5028014707450683
10663	27	28	Paracingulate Gyrus	cope	58.689574370631206	6.034416485020967
10663	28	29	Cingulate Gyrus, anterior division	cope	3.6205978827645717	3.8417533686723937
10663	29	30	Cingulate Gyrus, posterior division	cope	11.328597863435744	5.827488815861621
10663	30	31	Precuneous Cortex	cope	18.886863477358105	6.13970449212555
10663	31	32	Cuneal Cortex	cope	-31.128562068727753	8.552790162846355
10663	32	33	Frontal Orbital Cortex	cope	-72.24332785728265	-2.481292677564674
10663	33	34	Parahippocampal Gyrus, anterior division	cope	-30.243047085483518	-9.644769981635354
10663	34	35	Parahippocampal Gyrus, posterior division	cope	-215.22220290202014	-6.791700666468098
10663	35	36	Lingual Gyrus	cope	-65.83340720851653	8.339711949150812
10663	36	37	Temporal Fusiform Cortex, anterior division	cope	83.77673569131404	-6.668557760034893
10663	37	38	Temporal Fusiform Cortex, posterior division	cope	-88.4133883494108	-1.5255377169605504
10663	38	39	Temporal Occipital Fusiform Cortex	cope	-17.2617641395837	9.639684660706095
10663	39	40	Occipital Fusiform Gyrus	cope	158.10203264586468	16.890283387177124
10663	40	41	Frontal Operculum Cortex	cope	-247.31686342225856	-3.584784197077124
10663	41	42	Central Opercular Cortex	cope	-135.14069164708212	4.76990126598834
10663	42	43	Parietal Operculum Cortex	cope	-214.2313203803325	1.2221508887809167
10663	43	44	Planum Polare	cope	-123.24982752281291	-7.696691487261755
10663	44	45	Heschl's Gyrus (includes H1 and H2)	cope	-219.86514663373546	-0.6754325191374473
10663	45	46	Planum Temporale	cope	-168.9238757214553	1.1373321782498313
10663	46	47	Supracalcarine Cortex	cope	79.51771172690898	18.305802387125947
10663	47	48	Occipital Pole	cope	147.20917053680364	1.4012775947045295
10668	0	1	Frontal Pole	cope	22.85646876248909	-8.062970328405589
10668	1	2	Insular Cortex	cope	-26.709963439314887	10.48936716186982
10668	2	3	Superior Frontal Gyrus	cope	-93.2300801145467	-3.6762703782204356
10668	3	4	Middle Frontal Gyrus	cope	-142.71014168093254	-6.454880080681237
10668	4	5	Inferior Frontal Gyrus, pars triangularis	cope	-209.0922675023385	-3.171583516873556
10668	5	6	Inferior Frontal Gyrus, pars opercularis	cope	-254.90835876430498	-1.7412626318405053
10668	6	7	Precentral Gyrus	cope	-27.375527743120156	5.595022565174665
10668	7	8	Temporal Pole	cope	-9.467019893214976	6.239648831421599
10668	8	9	Superior Temporal Gyrus, anterior division	cope	-126.65059975324533	9.798371290549253
10668	9	10	Superior Temporal Gyrus, posterior division	cope	-174.55625710123545	1.2249857013857646
10668	10	11	Middle Temporal Gyrus, anterior division	cope	30.174456186081045	0.01591003623916142
10668	11	12	Middle Temporal Gyrus, posterior division	cope	-155.59628101836213	-3.1459703291407437
10668	12	13	Middle Temporal Gyrus, temporooccipital part	cope	-129.42557744113563	5.526450940360414
10668	13	14	Inferior Temporal Gyrus, anterior division	cope	73.33709547505576	-8.098948992127497
10668	14	15	Inferior Temporal Gyrus, posterior division	cope	13.56413788541722	-3.9919982889786922
10668	15	16	Inferior Temporal Gyrus, temporooccipital part	cope	37.22334065624259	2.1529886317706524
10668	16	17	Postcentral Gyrus	cope	42.28900212748543	5.361203866645127
10668	17	18	Superior Parietal Lobule	cope	-19.534312472294946	0.7040476352563054
10668	18	19	Supramarginal Gyrus, anterior division	cope	-4.74256853527493	9.105565709684527
10668	19	20	Supramarginal Gyrus, posterior division	cope	-124.53460365880683	3.4355842865028143
10668	20	21	Angular Gyrus	cope	-96.17042394110999	4.433857299885027
10668	21	22	Lateral Occipital Cortex, superior division	cope	16.518065944802483	5.108645199252206
10668	22	23	Lateral Occipital Cortex, inferior division	cope	-31.15406784706725	4.710706464085587
10668	23	24	Intracalcarine Cortex	cope	39.04235755110065	20.172189502996765
10668	24	25	Frontal Medial Cortex	cope	-22.295331709773826	-7.778882200598505
10668	25	26	Juxtapositional Lobule Cortex (formerly Supplementary Motor Cortex)	cope	22.815519118832576	10.804873981060007
10668	26	27	Subcallosal Cortex	cope	153.05144822964303	5.463032021975288
10668	27	28	Paracingulate Gyrus	cope	70.04321103143376	-5.757343019675129
10668	28	29	Cingulate Gyrus, anterior division	cope	30.936891273942667	-1.6545313186114812
10668	29	30	Cingulate Gyrus, posterior division	cope	78.0808073185512	-7.366303229110581
10668	30	31	Precuneous Cortex	cope	62.73413177855358	-1.207481768931188
10668	31	32	Cuneal Cortex	cope	176.38015699531974	10.227161031546785
10668	32	33	Frontal Orbital Cortex	cope	68.86847381905933	-3.5786199403699492
10668	33	34	Parahippocampal Gyrus, anterior division	cope	48.92421731404936	5.9618268499500635
10668	34	35	Parahippocampal Gyrus, posterior division	cope	-4.138644812691886	7.1471194556931845
10668	35	36	Lingual Gyrus	cope	96.9772141659308	14.48301587351843
10668	36	37	Temporal Fusiform Cortex, anterior division	cope	123.21792775688442	8.127991523091675
10668	37	38	Temporal Fusiform Cortex, posterior division	cope	-24.278135099395367	1.2214973616748792
10668	38	39	Temporal Occipital Fusiform Cortex	cope	70.87604163676015	4.9918817255922185
10668	39	40	Occipital Fusiform Gyrus	cope	13.082848560828317	4.137502077072631
10668	40	41	Frontal Operculum Cortex	cope	65.81175824063791	7.6782245923991965
10668	41	42	Central Opercular Cortex	cope	-78.96291203801233	13.238074008113216
10668	42	43	Parietal Operculum Cortex	cope	-38.863656498000104	14.089911947045758
10668	43	44	Planum Polare	cope	-255.10208024209692	9.679211617241265
10668	44	45	Heschl's Gyrus (includes H1 and H2)	cope	-138.36992555170016	6.878619375488451
10668	45	46	Planum Temporale	cope	-134.08472696541088	7.6737316157101265
10668	46	47	Supracalcarine Cortex	cope	161.14452145962005	23.62571949654437
10668	47	48	Occipital Pole	cope	93.34285280770553	-0.923238370824611
10673	0	1	Frontal Pole	cope	-69.59590443147495	1.9547292736872757
10673	1	2	Insular Cortex	cope	62.92823850336011	-4.786320047271266
10673	2	3	Superior Frontal Gyrus	cope	-104.03039562709934	-2.0663479477666313
10673	3	4	Middle Frontal Gyrus	cope	-28.724376403667147	2.76098872823646
10673	4	5	Inferior Frontal Gyrus, pars triangularis	cope	-155.0162097292209	-1.2763385885147327
10673	5	6	Inferior Frontal Gyrus, pars opercularis	cope	-99.80969669678176	0.5927656627990233
10673	6	7	Precentral Gyrus	cope	32.435969621533474	-2.336671101508771
10673	7	8	Temporal Pole	cope	-103.0630665692382	-2.211660496425176
10673	8	9	Superior Temporal Gyrus, anterior division	cope	-162.28715836752494	-2.3276282211885047
10673	9	10	Superior Temporal Gyrus, posterior division	cope	-25.952750125488677	-1.2265517850067804
10673	10	11	Middle Temporal Gyrus, anterior division	cope	-178.45819839719516	-2.0446878257304877
10673	11	12	Middle Temporal Gyrus, posterior division	cope	-80.86644477831575	-0.36563219451216666
10673	12	13	Middle Temporal Gyrus, temporooccipital part	cope	-177.40292725790974	-1.6070758366852902
10673	13	14	Inferior Temporal Gyrus, anterior division	cope	-137.8702645400572	-5.373228461837076
10673	14	15	Inferior Temporal Gyrus, posterior division	cope	-30.54574205112662	-1.9429237498242786
10673	15	16	Inferior Temporal Gyrus, temporooccipital part	cope	-110.96652712500584	-0.4503147377208598
10673	16	17	Postcentral Gyrus	cope	-20.281815939926663	-3.875970813418212
10673	17	18	Superior Parietal Lobule	cope	8.128050783096649	-1.5173018168843795
10673	18	19	Supramarginal Gyrus, anterior division	cope	44.868534709678755	-1.50188125790791
10673	19	20	Supramarginal Gyrus, posterior division	cope	8.217577759478543	-0.9521063313912286
10673	20	21	Angular Gyrus	cope	-109.79489180596006	1.6442803855096628
10673	21	22	Lateral Occipital Cortex, superior division	cope	-53.71594941069353	0.5722703824502853
10673	22	23	Lateral Occipital Cortex, inferior division	cope	-103.34656765990589	-1.9029932125627682
10673	23	24	Intracalcarine Cortex	cope	296.4399386211244	-4.792961490169305
10673	24	25	Frontal Medial Cortex	cope	-87.30126756133762	-1.2886354607333437
10673	25	26	Juxtapositional Lobule Cortex (formerly Supplementary Motor Cortex)	cope	113.80002545263316	-4.064213533306846
10673	26	27	Subcallosal Cortex	cope	-4.643878724024846	0.12107147989937893
10673	27	28	Paracingulate Gyrus	cope	-3.412539125954981	-3.3691116209147856
10673	28	29	Cingulate Gyrus, anterior division	cope	113.18831669537634	-8.218560144559271
10673	29	30	Cingulate Gyrus, posterior division	cope	-48.697975858211514	-1.3850950265739645
10673	30	31	Precuneous Cortex	cope	-2.26842348321725	-1.230977399527523
10673	31	32	Cuneal Cortex	cope	67.5676264811778	-2.3478720336450376
10673	32	33	Frontal Orbital Cortex	cope	-21.955582861594042	-1.5656767732868675
10673	33	34	Parahippocampal Gyrus, anterior division	cope	-32.14802259734247	-3.655973843088687
10673	34	35	Parahippocampal Gyrus, posterior division	cope	20.51911194796832	-6.779290665067592
10673	35	36	Lingual Gyrus	cope	65.79921252682865	-3.399333237509737
10673	36	37	Temporal Fusiform Cortex, anterior division	cope	-166.61334168995526	-0.9734664901773981
10673	37	38	Temporal Fusiform Cortex, posterior division	cope	-68.93291120469672	-0.19219018565731286
10673	38	39	Temporal Occipital Fusiform Cortex	cope	-34.913340368441176	-7.582975852015221
10673	39	40	Occipital Fusiform Gyrus	cope	68.43045181441562	-5.535293348925331
10673	40	41	Frontal Operculum Cortex	cope	93.11461711530926	-3.759898783592116
10673	41	42	Central Opercular Cortex	cope	13.058574503642722	-7.390263943975966
10673	42	43	Parietal Operculum Cortex	cope	-95.74754506016745	-3.5152658694116448
10673	43	44	Planum Polare	cope	-88.80348947939981	-4.847051348139084
10673	44	45	Heschl's Gyrus (includes H1 and H2)	cope	-81.78722874634826	-6.947671986086303
10673	45	46	Planum Temporale	cope	-27.99263718757273	-6.609821954767872
10673	46	47	Supracalcarine Cortex	cope	226.52848294440736	-2.2530067748528846
10673	47	48	Occipital Pole	cope	22.965067114558323	-1.2768563282648366
10674	0	1	Frontal Pole	cope	-4.970976241367408	0.2820365712426406
10674	1	2	Insular Cortex	cope	104.18577126465493	-8.222181278889709
10674	2	3	Superior Frontal Gyrus	cope	-41.14317492164949	2.193245860667219
10674	3	4	Middle Frontal Gyrus	cope	-48.21876140149208	1.9728548276003075
10674	4	5	Inferior Frontal Gyrus, pars triangularis	cope	-130.1184987797137	0.1972218115745676
10674	5	6	Inferior Frontal Gyrus, pars opercularis	cope	-58.539557237385814	-4.0837027233190915
10674	6	7	Precentral Gyrus	cope	-13.64157271322407	-0.6490283620809241
10674	7	8	Temporal Pole	cope	12.851239097470094	-2.1383087581803477
10674	8	9	Superior Temporal Gyrus, anterior division	cope	132.8312362328554	-6.495965493031037
10674	9	10	Superior Temporal Gyrus, posterior division	cope	30.161474450842128	-5.5954878011585345
10674	10	11	Middle Temporal Gyrus, anterior division	cope	-39.783162725861395	-0.5376759996387496
10674	11	12	Middle Temporal Gyrus, posterior division	cope	7.539433650613538	-2.5019542869026754
10674	12	13	Middle Temporal Gyrus, temporooccipital part	cope	3.117764562081438	-1.3513221386948182
10674	13	14	Inferior Temporal Gyrus, anterior division	cope	-136.30349241629153	-6.502922423977471
10674	14	15	Inferior Temporal Gyrus, posterior division	cope	30.834871754017215	-2.19279522428954
10674	15	16	Inferior Temporal Gyrus, temporooccipital part	cope	41.64014033339362	4.3887525931306515
10674	16	17	Postcentral Gyrus	cope	-49.35246725411519	3.3167617192068746
10674	17	18	Superior Parietal Lobule	cope	-86.26773951810802	1.1101939579926607
10674	18	19	Supramarginal Gyrus, anterior division	cope	-7.478479015661611	-1.6462412720563373
10674	19	20	Supramarginal Gyrus, posterior division	cope	16.933707228569766	-3.443059387311931
10674	20	21	Angular Gyrus	cope	-71.13159386480822	-2.017079607578855
10674	21	22	Lateral Occipital Cortex, superior division	cope	-5.565638142071059	1.5096948291420234
10674	22	23	Lateral Occipital Cortex, inferior division	cope	62.2513818650947	0.41411101951648643
10674	23	24	Intracalcarine Cortex	cope	246.96594877883155	-3.3088033368868994
10674	24	25	Frontal Medial Cortex	cope	213.58162107662108	6.144614846348195
10674	25	26	Juxtapositional Lobule Cortex (formerly Supplementary Motor Cortex)	cope	-49.767256437926676	0.12242075078491424
10674	26	27	Subcallosal Cortex	cope	251.10967728403898	-1.5282490626496907
10674	27	28	Paracingulate Gyrus	cope	116.871154919383	-0.0038501378469844943
10674	28	29	Cingulate Gyrus, anterior division	cope	106.99954179953784	-0.35949603738105396
10674	29	30	Cingulate Gyrus, posterior division	cope	66.10420452330794	0.069351982531803
10674	30	31	Precuneous Cortex	cope	106.31929518313925	0.40695928237683404
10674	31	32	Cuneal Cortex	cope	173.21596463744893	-2.8665076642072123
10674	32	33	Frontal Orbital Cortex	cope	42.23809483555763	0.58737672196078
10674	33	34	Parahippocampal Gyrus, anterior division	cope	95.07855012360136	-3.9157258047417334
10674	34	35	Parahippocampal Gyrus, posterior division	cope	101.79978164985495	-0.9130496210436214
10674	35	36	Lingual Gyrus	cope	146.9695354978686	-1.2770245559283566
10674	36	37	Temporal Fusiform Cortex, anterior division	cope	-35.532667731562405	-1.9786287760692285
10674	37	38	Temporal Fusiform Cortex, posterior division	cope	-12.080584245504692	4.495172832077834
10674	38	39	Temporal Occipital Fusiform Cortex	cope	105.38357659091139	1.3533132806029609
10674	39	40	Occipital Fusiform Gyrus	cope	124.77606231631535	2.8714658830539874
10674	40	41	Frontal Operculum Cortex	cope	42.69271154426226	-3.4993516872910893
10674	41	42	Central Opercular Cortex	cope	73.44492049513062	-4.700271933095098
10674	42	43	Parietal Operculum Cortex	cope	2.6235057052584168	-6.126241618389178
10674	43	44	Planum Polare	cope	132.025470995721	-10.323198643150448
10674	44	45	Heschl's Gyrus (includes H1 and H2)	cope	36.73006598466003	-9.972690921748907
10674	45	46	Planum Temporale	cope	29.564551316924042	-7.237047776992632
10674	46	47	Supracalcarine Cortex	cope	188.57191583958078	-0.6983064144770516
10674	47	48	Occipital Pole	cope	153.53675885389862	-0.7834113891820934
10677	0	1	Frontal Pole	cope	14.786775751623248	0.8665608865573673
10677	1	2	Insular Cortex	cope	26.145693236259653	0.8078597028526004
10677	2	3	Superior Frontal Gyrus	cope	-44.86454474073023	-2.1752289271108154
10677	3	4	Middle Frontal Gyrus	cope	-54.241391422167005	1.5142143474846506
10677	4	5	Inferior Frontal Gyrus, pars triangularis	cope	30.61259894079845	-1.5280459572074063
10677	5	6	Inferior Frontal Gyrus, pars opercularis	cope	-29.747771861938737	1.4234220065370369
10677	6	7	Precentral Gyrus	cope	-65.53088790888549	-5.113786321292543
10677	7	8	Temporal Pole	cope	-85.33664292986087	0.4438065765220941
10677	8	9	Superior Temporal Gyrus, anterior division	cope	-8.533320624171159	6.69466181458571
10677	9	10	Superior Temporal Gyrus, posterior division	cope	-102.83355398321306	1.262330309518117
10677	10	11	Middle Temporal Gyrus, anterior division	cope	-97.97969675046295	3.4010687311861054
10677	11	12	Middle Temporal Gyrus, posterior division	cope	-105.41522666817096	4.85465920056868
10677	12	13	Middle Temporal Gyrus, temporooccipital part	cope	-164.56228691708435	1.0082366703823722
10677	13	14	Inferior Temporal Gyrus, anterior division	cope	-379.5898615171218	5.896268963108401
10677	14	15	Inferior Temporal Gyrus, posterior division	cope	-72.02823252001252	6.501108638446637
10677	15	16	Inferior Temporal Gyrus, temporooccipital part	cope	50.535553172897934	-6.051336975804697
10677	16	17	Postcentral Gyrus	cope	-77.12969514129279	-3.496828306933622
10677	17	18	Superior Parietal Lobule	cope	141.55895431719114	-3.7834717707165817
10677	18	19	Supramarginal Gyrus, anterior division	cope	-95.89593854921836	2.4224153401174893
10677	19	20	Supramarginal Gyrus, posterior division	cope	-73.1088692106508	3.289877945798877
10677	20	21	Angular Gyrus	cope	-128.62207013901872	3.4543276294335477
10677	21	22	Lateral Occipital Cortex, superior division	cope	0.7918259024866764	-1.8295549598464276
10677	22	23	Lateral Occipital Cortex, inferior division	cope	-22.991715935612234	-9.144474589048388
10677	23	24	Intracalcarine Cortex	cope	50.694732733520205	-1.2843375660638516
10677	24	25	Frontal Medial Cortex	cope	-171.1895383829185	8.386579705494727
10677	25	26	Juxtapositional Lobule Cortex (formerly Supplementary Motor Cortex)	cope	45.21501158540313	-8.903469230086115
10677	26	27	Subcallosal Cortex	cope	37.80442765607284	12.044621355845951
10677	27	28	Paracingulate Gyrus	cope	88.08900467854068	4.63645139677902
10677	28	29	Cingulate Gyrus, anterior division	cope	163.85477739610408	3.9567096811936655
10677	29	30	Cingulate Gyrus, posterior division	cope	45.25748393220561	10.209598979128259
10677	30	31	Precuneous Cortex	cope	70.73673002449843	0.8079703296609866
10677	31	32	Cuneal Cortex	cope	24.475565817958763	2.902548541696928
10677	32	33	Frontal Orbital Cortex	cope	-0.5569906999355323	0.10030005943088649
10677	33	34	Parahippocampal Gyrus, anterior division	cope	-112.10176262101241	4.5049041231879885
10677	34	35	Parahippocampal Gyrus, posterior division	cope	31.537416163480508	12.356401610599374
10677	35	36	Lingual Gyrus	cope	17.453389330190202	-0.4392376771980995
10677	36	37	Temporal Fusiform Cortex, anterior division	cope	-186.89536151184257	0.6461459627335376
10677	37	38	Temporal Fusiform Cortex, posterior division	cope	-91.5663575241775	5.953368906101625
10677	38	39	Temporal Occipital Fusiform Cortex	cope	0.656067932115541	-4.056891362602144
10677	39	40	Occipital Fusiform Gyrus	cope	118.86431726804203	-4.559120888335827
10677	40	41	Frontal Operculum Cortex	cope	-34.92682161351212	-7.210563190625746
10677	41	42	Central Opercular Cortex	cope	68.4598014046195	-4.761472774060481
10677	42	43	Parietal Operculum Cortex	cope	-1.9636174614356858	-9.859755116084656
10677	43	44	Planum Polare	cope	42.49369789298823	-2.1687717807429436
10677	44	45	Heschl's Gyrus (includes H1 and H2)	cope	75.16948325348339	9.178848014586531
10677	45	46	Planum Temporale	cope	7.591433221613602	-0.987491874753077
10677	46	47	Supracalcarine Cortex	cope	127.89380325155055	-5.941271823137365
10677	47	48	Occipital Pole	cope	-31.871501069478942	-6.112858232618511
10685	0	1	Frontal Pole	cope	53.50915707777539	0.9955361472656785
10685	1	2	Insular Cortex	cope	-54.01551242169665	-0.9986248709357795
10685	2	3	Superior Frontal Gyrus	cope	32.79470646329037	0.9631707455180853
10685	3	4	Middle Frontal Gyrus	cope	157.50913395813927	5.067822076700478
10685	4	5	Inferior Frontal Gyrus, pars triangularis	cope	-19.183195004496007	-0.9389347703315728
10685	5	6	Inferior Frontal Gyrus, pars opercularis	cope	56.246928569774205	1.6620164651382148
10685	6	7	Precentral Gyrus	cope	87.68260294207361	-2.98532833628156
10685	7	8	Temporal Pole	cope	-13.563465642745737	-1.6659809418128744
10685	8	9	Superior Temporal Gyrus, anterior division	cope	20.60741844849709	-0.7061986966775013
10685	9	10	Superior Temporal Gyrus, posterior division	cope	-23.525509163543777	0.15296920841974024
10685	10	11	Middle Temporal Gyrus, anterior division	cope	25.524566566143463	-0.4709412822600649
10685	11	12	Middle Temporal Gyrus, posterior division	cope	21.38750404239588	1.482590092638951
10685	12	13	Middle Temporal Gyrus, temporooccipital part	cope	65.32917924432348	2.7206253253616537
10685	13	14	Inferior Temporal Gyrus, anterior division	cope	0.49449261405764244	-3.865725274313484
10685	14	15	Inferior Temporal Gyrus, posterior division	cope	6.544324583727081	1.7901331682198014
10685	15	16	Inferior Temporal Gyrus, temporooccipital part	cope	185.98028161725787	5.44559066525683
10685	16	17	Postcentral Gyrus	cope	64.07314802884407	-3.363765723480155
10685	17	18	Superior Parietal Lobule	cope	108.76387353699039	1.7770425742235416
10685	18	19	Supramarginal Gyrus, anterior division	cope	105.67516700492965	4.039929575200572
10685	19	20	Supramarginal Gyrus, posterior division	cope	47.87059969249609	3.767092141610369
10685	20	21	Angular Gyrus	cope	69.88710493569943	4.994166424103214
10685	21	22	Lateral Occipital Cortex, superior division	cope	116.77010079633247	4.371665780178182
10685	22	23	Lateral Occipital Cortex, inferior division	cope	25.313393100745746	2.630777560226825
10685	23	24	Intracalcarine Cortex	cope	75.66748071360449	4.526244965354742
10685	24	25	Frontal Medial Cortex	cope	112.55533378534284	-4.547739270616303
10685	25	26	Juxtapositional Lobule Cortex (formerly Supplementary Motor Cortex)	cope	6.527852897909847	-5.983334410998568
10685	26	27	Subcallosal Cortex	cope	10.435526777230777	-5.175245483420216
10685	27	28	Paracingulate Gyrus	cope	-120.08322288196044	3.8034907943474847
10685	28	29	Cingulate Gyrus, anterior division	cope	-105.24944800649912	0.7563461367190955
10685	29	30	Cingulate Gyrus, posterior division	cope	-109.076777920178	-2.0027799345042023
10685	30	31	Precuneous Cortex	cope	66.47561527631086	2.3025176975848303
10685	31	32	Cuneal Cortex	cope	40.9532608469275	0.5921324052973888
10685	32	33	Frontal Orbital Cortex	cope	-46.009775096230385	-2.9392788583074414
10685	33	34	Parahippocampal Gyrus, anterior division	cope	17.627401410280605	-0.07486534714740001
10685	34	35	Parahippocampal Gyrus, posterior division	cope	34.11929127225336	-2.3971976519404157
10685	35	36	Lingual Gyrus	cope	61.71746473364562	0.7462297591203559
10685	36	37	Temporal Fusiform Cortex, anterior division	cope	113.53272633518733	1.8436499875276646
10685	37	38	Temporal Fusiform Cortex, posterior division	cope	23.062549447054092	0.9414215255729059
10685	38	39	Temporal Occipital Fusiform Cortex	cope	28.278378664962208	4.169807704512508
10685	39	40	Occipital Fusiform Gyrus	cope	40.92784520598635	4.037322502046402
10685	40	41	Frontal Operculum Cortex	cope	-12.441289683349995	3.315200299118497
10685	41	42	Central Opercular Cortex	cope	-8.39725947171679	-3.888409397383207
10685	42	43	Parietal Operculum Cortex	cope	-55.03598684193519	-4.609240752174448
10685	43	44	Planum Polare	cope	-111.71434891678905	-4.2002288022768175
10685	44	45	Heschl's Gyrus (includes H1 and H2)	cope	-35.549104422880205	-8.87979700872975
10685	45	46	Planum Temporale	cope	-56.685222115604994	-5.035268993031781
10685	46	47	Supracalcarine Cortex	cope	70.05701176536844	3.455591558855265
10685	47	48	Occipital Pole	cope	83.46671386237047	3.6063507897867586
10700	0	1	Frontal Pole	cope	97.10825559137791	-3.141368764619085
10700	1	2	Insular Cortex	cope	-25.65135463925659	0.8960988247396375
10700	2	3	Superior Frontal Gyrus	cope	82.28815703131485	-0.47578304954816597
10700	3	4	Middle Frontal Gyrus	cope	-16.68897650183119	0.2544197742924633
10700	4	5	Inferior Frontal Gyrus, pars triangularis	cope	18.792201841916512	-2.3453778610692932
10700	5	6	Inferior Frontal Gyrus, pars opercularis	cope	-44.45094790334595	4.827983537176235
10700	6	7	Precentral Gyrus	cope	-29.57548615866242	1.4227783289294094
10700	7	8	Temporal Pole	cope	70.40118568005684	-2.7954856193363105
10700	8	9	Superior Temporal Gyrus, anterior division	cope	35.63509716009482	-1.2296937642284693
10700	9	10	Superior Temporal Gyrus, posterior division	cope	-82.38335498315948	-2.181341744040127
10700	10	11	Middle Temporal Gyrus, anterior division	cope	12.036178861803084	-3.238289281133729
10700	11	12	Middle Temporal Gyrus, posterior division	cope	56.035357774555564	-0.7024751724822542
10700	12	13	Middle Temporal Gyrus, temporooccipital part	cope	-20.546936971203333	-0.17718997764486968
10700	13	14	Inferior Temporal Gyrus, anterior division	cope	-142.46209163760997	-7.59617597705646
10700	14	15	Inferior Temporal Gyrus, posterior division	cope	25.746899390696424	0.4202360497775205
10700	15	16	Inferior Temporal Gyrus, temporooccipital part	cope	-33.66568647213836	10.190904469215814
10700	16	17	Postcentral Gyrus	cope	-11.160408499992412	-0.06738408740589638
10700	17	18	Superior Parietal Lobule	cope	-81.25863074501513	5.2452167834722365
10700	18	19	Supramarginal Gyrus, anterior division	cope	102.0236058074567	5.761312787531427
10700	19	20	Supramarginal Gyrus, posterior division	cope	-46.6218868485375	-0.717028713688204
10700	20	21	Angular Gyrus	cope	-39.151075300528916	-5.8373845516223
10700	21	22	Lateral Occipital Cortex, superior division	cope	27.827832069489734	-0.1357228804553168
10700	22	23	Lateral Occipital Cortex, inferior division	cope	-34.170099921004024	4.034358893952711
10700	23	24	Intracalcarine Cortex	cope	57.34575597765033	-0.4821434600001513
10700	24	25	Frontal Medial Cortex	cope	196.79793669431345	0.39617862285949546
10700	25	26	Juxtapositional Lobule Cortex (formerly Supplementary Motor Cortex)	cope	87.16649701506705	4.793516066592388
10700	26	27	Subcallosal Cortex	cope	82.43521076601286	-3.3934866309165956
10700	27	28	Paracingulate Gyrus	cope	74.12565496109968	0.7446278522624621
10700	28	29	Cingulate Gyrus, anterior division	cope	96.19955866184023	-1.8807681190990448
10700	29	30	Cingulate Gyrus, posterior division	cope	71.58630088099412	-9.418746926248074
10700	30	31	Precuneous Cortex	cope	169.069147464429	-7.410576144176143
10700	31	32	Cuneal Cortex	cope	47.44187155359336	-0.2032154446463627
10700	32	33	Frontal Orbital Cortex	cope	116.376859596278	-4.31964855453657
10700	33	34	Parahippocampal Gyrus, anterior division	cope	-76.68223616395113	0.7989472077450658
10700	34	35	Parahippocampal Gyrus, posterior division	cope	-110.13190391288613	-4.687013387019342
10700	35	36	Lingual Gyrus	cope	-48.079729826102856	0.04346629132626028
10700	36	37	Temporal Fusiform Cortex, anterior division	cope	-132.21582239232166	5.681834242868085
10700	37	38	Temporal Fusiform Cortex, posterior division	cope	-95.63174939227392	-0.7259378645620381
10700	38	39	Temporal Occipital Fusiform Cortex	cope	-55.18905208824341	1.1195470060661408
10700	39	40	Occipital Fusiform Gyrus	cope	-4.0481909464258665	1.6865503704353357
10700	40	41	Frontal Operculum Cortex	cope	-133.02833479242165	-1.6721082875865096
10700	41	42	Central Opercular Cortex	cope	-26.209183237933257	-0.23075174092201794
10700	42	43	Parietal Operculum Cortex	cope	74.34791384463382	1.3913184437643131
10700	43	44	Planum Polare	cope	126.7428133540026	-1.5489406793285871
10700	44	45	Heschl's Gyrus (includes H1 and H2)	cope	-149.9846598321941	-8.213285103466035
10700	45	46	Planum Temporale	cope	-69.80629989447026	-1.4216336119311173
10700	46	47	Supracalcarine Cortex	cope	52.93549722306272	-5.537578952875226
10700	47	48	Occipital Pole	cope	100.96334987101166	-2.3020483606134214
10701	0	1	Frontal Pole	cope	-92.45782304839085	1.095974973602651
10701	1	2	Insular Cortex	cope	40.21634575272681	-5.23515870424081
10701	2	3	Superior Frontal Gyrus	cope	-215.6513566511771	-0.5484620540048233
10701	3	4	Middle Frontal Gyrus	cope	-75.45670053131464	0.7463965993963573
10701	4	5	Inferior Frontal Gyrus, pars triangularis	cope	-163.94338893451206	-1.6349890110987546
10701	5	6	Inferior Frontal Gyrus, pars opercularis	cope	-162.74897018688486	-4.40665194148814
10701	6	7	Precentral Gyrus	cope	-76.74609804417804	1.2217210848641702
10701	7	8	Temporal Pole	cope	-177.7560323714761	-1.6089206587783969
10701	8	9	Superior Temporal Gyrus, anterior division	cope	-141.69880752318946	3.278523780252689
10701	9	10	Superior Temporal Gyrus, posterior division	cope	-163.24008630506404	-0.3306390301312332
10701	10	11	Middle Temporal Gyrus, anterior division	cope	-106.4467324527342	1.6212666768184516
10701	11	12	Middle Temporal Gyrus, posterior division	cope	-158.83079409086892	-1.471566720750632
10701	12	13	Middle Temporal Gyrus, temporooccipital part	cope	-48.66664001539329	0.19519531293522357
10701	13	14	Inferior Temporal Gyrus, anterior division	cope	-152.7261386079901	-2.350889602290279
10701	14	15	Inferior Temporal Gyrus, posterior division	cope	-54.159331540376805	0.5588757296437666
10701	15	16	Inferior Temporal Gyrus, temporooccipital part	cope	-89.07959861197133	1.701437808882963
10701	16	17	Postcentral Gyrus	cope	82.86763533568414	3.546345894553739
10701	17	18	Superior Parietal Lobule	cope	37.33164325004488	1.7758108805217279
10701	18	19	Supramarginal Gyrus, anterior division	cope	174.63022126682378	3.1527554897160304
10701	19	20	Supramarginal Gyrus, posterior division	cope	-5.100189115751434	0.7950667767244316
10701	20	21	Angular Gyrus	cope	-47.978807609736315	0.8372099591734663
10701	21	22	Lateral Occipital Cortex, superior division	cope	-120.03467742297428	6.4937612211560705
10701	22	23	Lateral Occipital Cortex, inferior division	cope	-98.59096829532704	3.2107482722784435
10701	23	24	Intracalcarine Cortex	cope	-174.01424969077573	10.683416939942992
10701	24	25	Frontal Medial Cortex	cope	-146.8895202976592	9.676411402061687
10701	25	26	Juxtapositional Lobule Cortex (formerly Supplementary Motor Cortex)	cope	-2.587987473888977	-6.810659040231258
10701	26	27	Subcallosal Cortex	cope	-10.308683219781289	10.49357972712471
10701	27	28	Paracingulate Gyrus	cope	-225.5591739247762	-0.04255058111044928
10701	28	29	Cingulate Gyrus, anterior division	cope	-137.20680203793918	-4.416625227037249
10701	29	30	Cingulate Gyrus, posterior division	cope	-315.86274235207696	4.873551051432001
10701	30	31	Precuneous Cortex	cope	-170.3229609487053	6.170004722004592
10701	31	32	Cuneal Cortex	cope	-158.1325985497223	11.816270395593012
10701	32	33	Frontal Orbital Cortex	cope	-160.4529112064574	-2.8655595714154276
10701	33	34	Parahippocampal Gyrus, anterior division	cope	-237.8349158025421	4.328312617842009
10701	34	35	Parahippocampal Gyrus, posterior division	cope	-361.18923183465904	4.44170807486154
10701	35	36	Lingual Gyrus	cope	-187.78958859472925	11.384332177887561
10701	36	37	Temporal Fusiform Cortex, anterior division	cope	-55.35555395505107	2.109729604168088
10701	37	38	Temporal Fusiform Cortex, posterior division	cope	-98.72497256774706	1.921315902585994
10701	38	39	Temporal Occipital Fusiform Cortex	cope	-180.75133548916787	-2.8082904095540857
10701	39	40	Occipital Fusiform Gyrus	cope	-253.87807948636717	8.28417201429913
10701	40	41	Frontal Operculum Cortex	cope	-84.24651279719937	-14.985573532717194
10701	41	42	Central Opercular Cortex	cope	179.01135049132176	1.2500587919033255
10701	42	43	Parietal Operculum Cortex	cope	-57.38377303293514	2.7342485924899047
10701	43	44	Planum Polare	cope	50.77290314936456	-1.6311347095139381
10701	44	45	Heschl's Gyrus (includes H1 and H2)	cope	7.466505301712845	0.4065825045279126
10701	45	46	Planum Temporale	cope	-163.81905723476675	0.9707474157245123
10701	46	47	Supracalcarine Cortex	cope	-146.08732986703833	15.418015097049956
10701	47	48	Occipital Pole	cope	-131.89303733639017	8.422486608635227
10718	0	1	Frontal Pole	cope	58.7280401745844	-8.729911408760659
10718	1	2	Insular Cortex	cope	69.00906107290724	-1.8541638420338429
10718	2	3	Superior Frontal Gyrus	cope	-54.34709873945425	-8.522045699578241
10718	3	4	Middle Frontal Gyrus	cope	39.63979887477148	-2.328707269083344
10718	4	5	Inferior Frontal Gyrus, pars triangularis	cope	99.1071292732697	-13.241110847904048
10718	5	6	Inferior Frontal Gyrus, pars opercularis	cope	49.99057703625868	-1.9815251193124868
10718	6	7	Precentral Gyrus	cope	62.890432526459364	-0.3696325988476955
10718	7	8	Temporal Pole	cope	-9.208460461098072	-3.6783773380086733
10718	8	9	Superior Temporal Gyrus, anterior division	cope	147.88419879873592	-3.6551502554080426
10718	9	10	Superior Temporal Gyrus, posterior division	cope	61.9443922350546	-3.0142617629139457
10718	10	11	Middle Temporal Gyrus, anterior division	cope	9.050461619202771	-6.6148915933778705
10718	11	12	Middle Temporal Gyrus, posterior division	cope	107.41934079388267	-6.044756594677216
10718	12	13	Middle Temporal Gyrus, temporooccipital part	cope	30.307274759328184	0.8964361331157868
10718	13	14	Inferior Temporal Gyrus, anterior division	cope	-263.5534261415696	0.34322487284049125
10718	14	15	Inferior Temporal Gyrus, posterior division	cope	-37.74255178746522	-2.594035211748169
10718	15	16	Inferior Temporal Gyrus, temporooccipital part	cope	162.94465120564868	-8.331355599033188
10718	16	17	Postcentral Gyrus	cope	34.4774936869449	-0.8240470822576595
10718	17	18	Superior Parietal Lobule	cope	229.78611490200825	1.8803217238538807
10718	18	19	Supramarginal Gyrus, anterior division	cope	-15.88743244909371	3.451395177741156
10718	19	20	Supramarginal Gyrus, posterior division	cope	-12.719575999959096	2.378697456021768
10718	20	21	Angular Gyrus	cope	35.296926846207704	-5.88589779387863
10718	21	22	Lateral Occipital Cortex, superior division	cope	209.22277128798086	-6.52637623493141
10718	22	23	Lateral Occipital Cortex, inferior division	cope	157.1732622498048	-1.3728235986391089
10718	23	24	Intracalcarine Cortex	cope	300.59533713439095	-9.520147513772146
10718	24	25	Frontal Medial Cortex	cope	52.00850834491405	-18.82112912532497
10718	25	26	Juxtapositional Lobule Cortex (formerly Supplementary Motor Cortex)	cope	56.23910144333904	1.958435306659069
10718	26	27	Subcallosal Cortex	cope	114.13189340210877	-10.02120965696298
10718	27	28	Paracingulate Gyrus	cope	-50.71786347389672	-10.31468713923746
10718	28	29	Cingulate Gyrus, anterior division	cope	35.066325848495936	-8.370503146206305
10718	29	30	Cingulate Gyrus, posterior division	cope	178.42353631721224	-11.5347253617164
10718	30	31	Precuneous Cortex	cope	276.59618888728625	-6.644113892610312
10718	31	32	Cuneal Cortex	cope	123.66168147781471	-7.330089042198631
10718	32	33	Frontal Orbital Cortex	cope	3.3447111416573665	-12.218419866887732
10718	33	34	Parahippocampal Gyrus, anterior division	cope	-61.29291877704384	-1.1559418528258338
10718	34	35	Parahippocampal Gyrus, posterior division	cope	95.2734797135839	-3.7189793494776033
10718	35	36	Lingual Gyrus	cope	162.10822490424763	-6.366959286232286
10718	36	37	Temporal Fusiform Cortex, anterior division	cope	-68.58918908470912	-1.1246296117769172
10718	37	38	Temporal Fusiform Cortex, posterior division	cope	20.442436758550638	0.12817418424928761
10718	38	39	Temporal Occipital Fusiform Cortex	cope	193.75266734406918	-2.592554553305801
10718	39	40	Occipital Fusiform Gyrus	cope	387.01681464272536	-3.8339189361472577
10718	40	41	Frontal Operculum Cortex	cope	-48.650404605544914	-4.45692627938433
10718	41	42	Central Opercular Cortex	cope	109.21798927310712	1.3416397928525188
10718	42	43	Parietal Operculum Cortex	cope	146.07884101486448	-0.002348815029496469
10718	43	44	Planum Polare	cope	1.8042672243793958	-1.19547356408843
10718	44	45	Heschl's Gyrus (includes H1 and H2)	cope	91.51045769205841	-3.6123745475427897
10718	45	46	Planum Temporale	cope	104.43934114454856	-0.050368974470324464
10718	46	47	Supracalcarine Cortex	cope	277.13799785045865	-10.727486800640188
10718	47	48	Occipital Pole	cope	211.58537793911555	-6.029762045840571
10720	0	1	Frontal Pole	cope	53.027754220063706	-1.7784148451870385
10720	1	2	Insular Cortex	cope	-23.578235198789443	-1.3990136828954851
10720	2	3	Superior Frontal Gyrus	cope	75.07093409365528	1.0655317845086325
10720	3	4	Middle Frontal Gyrus	cope	71.83318706288715	-1.665313445129961
10720	4	5	Inferior Frontal Gyrus, pars triangularis	cope	11.28737526044352	-0.3661736405909557
10720	5	6	Inferior Frontal Gyrus, pars opercularis	cope	2.40184684003596	-2.9393728052986074
10720	6	7	Precentral Gyrus	cope	-21.19332120067367	-2.645250722610335
10720	7	8	Temporal Pole	cope	-5.792812505997694	0.04448216427813301
10720	8	9	Superior Temporal Gyrus, anterior division	cope	-36.55367779575097	-1.62020066089164
10720	9	10	Superior Temporal Gyrus, posterior division	cope	-25.503377956858316	-1.9748372942656762
10720	10	11	Middle Temporal Gyrus, anterior division	cope	39.49805956011388	-0.2621629437348291
10720	11	12	Middle Temporal Gyrus, posterior division	cope	29.9150623688143	-2.1786751876637642
10720	12	13	Middle Temporal Gyrus, temporooccipital part	cope	7.338152189981167	-2.3169047811556673
10720	13	14	Inferior Temporal Gyrus, anterior division	cope	36.542442680815974	-0.1428790224727089
10720	14	15	Inferior Temporal Gyrus, posterior division	cope	73.91214050739144	-1.2725978947581182
10720	15	16	Inferior Temporal Gyrus, temporooccipital part	cope	29.446421523752218	0.2778918241817893
10720	16	17	Postcentral Gyrus	cope	-44.83206069859474	-2.9608076486675796
10720	17	18	Superior Parietal Lobule	cope	47.54026307181267	-0.808897914668309
10720	18	19	Supramarginal Gyrus, anterior division	cope	34.8738385943351	-1.50318330531181
10720	19	20	Supramarginal Gyrus, posterior division	cope	5.359938968254908	-0.7411902659637162
10720	20	21	Angular Gyrus	cope	21.714665453436638	-0.7692959396340553
10720	21	22	Lateral Occipital Cortex, superior division	cope	79.62576729612215	-3.166854838467826
10720	22	23	Lateral Occipital Cortex, inferior division	cope	75.75581803427129	-0.9197648099368948
10720	23	24	Intracalcarine Cortex	cope	25.466506941783955	-2.0379890251600323
10720	24	25	Frontal Medial Cortex	cope	48.81775645980387	-2.3116111125902714
10720	25	26	Juxtapositional Lobule Cortex (formerly Supplementary Motor Cortex)	cope	44.15460424366835	-0.12720925854896573
10720	26	27	Subcallosal Cortex	cope	-4.011510963623341	-0.46669658185811175
10720	27	28	Paracingulate Gyrus	cope	38.865071430569735	1.4063153884848518
10720	28	29	Cingulate Gyrus, anterior division	cope	16.11696532829586	0.1289805715106491
10720	29	30	Cingulate Gyrus, posterior division	cope	123.62644244245121	-5.038088425355298
10720	30	31	Precuneous Cortex	cope	76.28771986435444	-7.2806492268975145
10720	31	32	Cuneal Cortex	cope	-11.980368588161046	-8.006219064217978
10720	32	33	Frontal Orbital Cortex	cope	-47.58467221703525	-1.0841062984251988
10720	33	34	Parahippocampal Gyrus, anterior division	cope	27.227473719985085	-4.134871594543956
10720	34	35	Parahippocampal Gyrus, posterior division	cope	19.26443813184522	-3.455816307062072
10720	35	36	Lingual Gyrus	cope	-25.51125978416997	-3.862303431057616
10720	36	37	Temporal Fusiform Cortex, anterior division	cope	17.311693238028397	0.8266626965280965
10720	37	38	Temporal Fusiform Cortex, posterior division	cope	47.95973543709275	-1.2451469306994338
10720	38	39	Temporal Occipital Fusiform Cortex	cope	-2.915415886243903	-2.62336071285884
10720	39	40	Occipital Fusiform Gyrus	cope	170.08373488554167	-0.888863059383068
10720	40	41	Frontal Operculum Cortex	cope	14.621824968950587	-1.8544931745669264
10720	41	42	Central Opercular Cortex	cope	-71.76083888484935	-3.3486094330328235
10720	42	43	Parietal Operculum Cortex	cope	-40.92895282335996	-2.593625674515887
10720	43	44	Planum Polare	cope	-92.74055555462837	-1.4883305567195853
10720	44	45	Heschl's Gyrus (includes H1 and H2)	cope	-18.97594217386114	-4.126751251561644
10720	45	46	Planum Temporale	cope	-65.93124097717767	-1.6800443496131996
10720	46	47	Supracalcarine Cortex	cope	-3.727843339138843	-4.249994368862083
10720	47	48	Occipital Pole	cope	100.20146991289135	-0.9456691339020377
10723	0	1	Frontal Pole	cope	27.08001598122111	5.158525636329782
10723	1	2	Insular Cortex	cope	58.40902695737657	2.9352908946600453
10723	2	3	Superior Frontal Gyrus	cope	-12.93508651216756	5.525954585638727
10723	3	4	Middle Frontal Gyrus	cope	34.310358160537064	5.617838665677962
10723	4	5	Inferior Frontal Gyrus, pars triangularis	cope	54.369142558186425	2.884181278517444
10723	5	6	Inferior Frontal Gyrus, pars opercularis	cope	130.17181077954052	4.107882061639115
10723	6	7	Precentral Gyrus	cope	78.10126307238353	1.769352383630175
10723	7	8	Temporal Pole	cope	-30.017451474404492	2.837683543423856
10723	8	9	Superior Temporal Gyrus, anterior division	cope	-37.967853991801924	5.22183131140012
10723	9	10	Superior Temporal Gyrus, posterior division	cope	43.73129473580652	2.0165314636368596
10723	10	11	Middle Temporal Gyrus, anterior division	cope	-84.53106412674065	4.721749521439909
10723	11	12	Middle Temporal Gyrus, posterior division	cope	-15.610567950890234	5.009334217335039
10723	12	13	Middle Temporal Gyrus, temporooccipital part	cope	-28.41363297566833	2.8083318147188288
10723	13	14	Inferior Temporal Gyrus, anterior division	cope	-197.1592566303953	2.738048147928168
10723	14	15	Inferior Temporal Gyrus, posterior division	cope	53.063622421013015	5.753413631471324
10723	15	16	Inferior Temporal Gyrus, temporooccipital part	cope	-115.0078457432674	9.778653198012165
10723	16	17	Postcentral Gyrus	cope	46.10938124867075	1.2529618906098134
10723	17	18	Superior Parietal Lobule	cope	16.055331798989002	0.9523117797109457
10723	18	19	Supramarginal Gyrus, anterior division	cope	-45.57959200966482	1.2854479066147986
10723	19	20	Supramarginal Gyrus, posterior division	cope	22.597750491628776	2.421786011067043
10723	20	21	Angular Gyrus	cope	16.368489860731938	2.0774513973871027
10723	21	22	Lateral Occipital Cortex, superior division	cope	2.8798128419759257	5.3386146521833355
10723	22	23	Lateral Occipital Cortex, inferior division	cope	-117.7514732432758	5.657586121881481
10723	23	24	Intracalcarine Cortex	cope	-144.6716646637898	7.508877058585939
10723	24	25	Frontal Medial Cortex	cope	63.19053794475312	9.595260508185094
10723	25	26	Juxtapositional Lobule Cortex (formerly Supplementary Motor Cortex)	cope	57.66786052931	0.21473877265344601
10723	26	27	Subcallosal Cortex	cope	22.97308212702091	3.5645851804444995
10723	27	28	Paracingulate Gyrus	cope	-0.10706060236652955	4.2650618158014755
10723	28	29	Cingulate Gyrus, anterior division	cope	-11.052881074627324	3.9496764547389613
10723	29	30	Cingulate Gyrus, posterior division	cope	33.11374977005379	7.772958672591618
10723	30	31	Precuneous Cortex	cope	-10.659542527823032	6.212030341119013
10723	31	32	Cuneal Cortex	cope	-151.0425793276129	6.776849631762169
10723	32	33	Frontal Orbital Cortex	cope	6.187532358573898	4.228813857884375
10723	33	34	Parahippocampal Gyrus, anterior division	cope	85.18081324329945	-1.3829257880220092
10723	34	35	Parahippocampal Gyrus, posterior division	cope	-184.53317774646686	3.9293408743351836
10723	35	36	Lingual Gyrus	cope	-130.0341984250104	6.861038179501235
10723	36	37	Temporal Fusiform Cortex, anterior division	cope	142.9134160271773	0.6996099947826236
10723	37	38	Temporal Fusiform Cortex, posterior division	cope	-20.28915986690587	3.896080420205046
10723	38	39	Temporal Occipital Fusiform Cortex	cope	-156.00142971613525	7.508925711382417
10723	39	40	Occipital Fusiform Gyrus	cope	-60.08541037334545	9.781576853516064
10723	40	41	Frontal Operculum Cortex	cope	156.30240190104277	-2.0537179245010897
10723	41	42	Central Opercular Cortex	cope	-16.071533301730483	2.429452365441821
10723	42	43	Parietal Operculum Cortex	cope	58.40125161560659	-1.602447373653067
10723	43	44	Planum Polare	cope	-47.30795619551462	4.607601571941876
10723	44	45	Heschl's Gyrus (includes H1 and H2)	cope	9.69708503995623	-1.2227041953788376
10723	45	46	Planum Temporale	cope	94.6753500262456	0.9877909346666817
10723	46	47	Supracalcarine Cortex	cope	-330.9641354616652	12.438445890520482
10723	47	48	Occipital Pole	cope	-90.40031571783246	6.395768128275169
10741	0	1	Frontal Pole	cope	155.48795439314648	-0.24140675777733467
10741	1	2	Insular Cortex	cope	143.61866050216247	0.7862011052211976
10741	2	3	Superior Frontal Gyrus	cope	167.72903176056542	-0.9658400597336927
10741	3	4	Middle Frontal Gyrus	cope	162.05756122469396	-0.5113308774681162
10741	4	5	Inferior Frontal Gyrus, pars triangularis	cope	-51.54046658693104	-0.7180598209518085
10741	5	6	Inferior Frontal Gyrus, pars opercularis	cope	221.36369345312224	-2.374623808313895
10741	6	7	Precentral Gyrus	cope	164.65263004001343	0.5221454149359531
10741	7	8	Temporal Pole	cope	115.50292669398486	8.0358087140944
10741	8	9	Superior Temporal Gyrus, anterior division	cope	112.94111098677683	2.1217781870410994
10741	9	10	Superior Temporal Gyrus, posterior division	cope	198.89639669153598	-0.3636532810187064
10741	10	11	Middle Temporal Gyrus, anterior division	cope	97.55340754528349	5.226847345815666
10741	11	12	Middle Temporal Gyrus, posterior division	cope	45.58000114819278	2.979096513150422
10741	12	13	Middle Temporal Gyrus, temporooccipital part	cope	90.82893802205605	0.8071950050826701
10741	13	14	Inferior Temporal Gyrus, anterior division	cope	330.55098279693425	16.740765796698764
10741	14	15	Inferior Temporal Gyrus, posterior division	cope	331.5195937941714	12.366839729468369
10741	15	16	Inferior Temporal Gyrus, temporooccipital part	cope	75.62380203849344	5.436767433861222
10741	16	17	Postcentral Gyrus	cope	169.91181203471578	1.209088537796684
10741	17	18	Superior Parietal Lobule	cope	65.32838959495227	1.193178754605431
10741	18	19	Supramarginal Gyrus, anterior division	cope	159.32129326142646	0.128564914336635
10741	19	20	Supramarginal Gyrus, posterior division	cope	209.76518669982215	0.414828039999938
10741	20	21	Angular Gyrus	cope	182.48411968829072	-0.895766399187381
10741	21	22	Lateral Occipital Cortex, superior division	cope	167.0037360325653	-0.7358926769793157
10741	22	23	Lateral Occipital Cortex, inferior division	cope	168.41657176027874	3.9836671931582908
10741	23	24	Intracalcarine Cortex	cope	221.08497783066233	-1.0063725650158315
10741	24	25	Frontal Medial Cortex	cope	38.56992072923809	3.235185618769932
10741	25	26	Juxtapositional Lobule Cortex (formerly Supplementary Motor Cortex)	cope	336.5344923035921	-2.502995841154778
10741	26	27	Subcallosal Cortex	cope	-60.26089341640473	-5.021750685687248
10741	27	28	Paracingulate Gyrus	cope	110.83058319806827	0.038525819000431186
10741	28	29	Cingulate Gyrus, anterior division	cope	126.56019238673024	3.8070659685911514
10741	29	30	Cingulate Gyrus, posterior division	cope	99.40803308872665	2.218384783704366
10741	30	31	Precuneous Cortex	cope	231.1833079847205	-1.2364414885353026
10741	31	32	Cuneal Cortex	cope	203.6331371875137	-0.5559006225696648
10741	32	33	Frontal Orbital Cortex	cope	48.80245729713475	0.8328529519085771
10741	33	34	Parahippocampal Gyrus, anterior division	cope	219.4507638227722	23.173816827430795
10741	34	35	Parahippocampal Gyrus, posterior division	cope	71.94160752822205	9.698017835617065
10741	35	36	Lingual Gyrus	cope	164.8054199030223	2.4422102518875515
10741	36	37	Temporal Fusiform Cortex, anterior division	cope	43.731499530533526	14.55062651759177
10741	37	38	Temporal Fusiform Cortex, posterior division	cope	281.1774606023516	9.266640972075166
10741	38	39	Temporal Occipital Fusiform Cortex	cope	218.87874752574115	7.108179892660885
10741	39	40	Occipital Fusiform Gyrus	cope	278.1577080231194	2.4603847589241257
10741	40	41	Frontal Operculum Cortex	cope	111.01788842978598	-2.2763487530418303
10741	41	42	Central Opercular Cortex	cope	171.96226267442324	-0.5867041257282452
10741	42	43	Parietal Operculum Cortex	cope	383.5718107362689	-2.5072405717056716
10741	43	44	Planum Polare	cope	322.69551206363064	-0.08103451141305552
10741	44	45	Heschl's Gyrus (includes H1 and H2)	cope	313.35719204937806	0.47946289141366283
10741	45	46	Planum Temporale	cope	329.1484027984565	1.9160161494352232
10741	46	47	Supracalcarine Cortex	cope	216.14868735062316	-4.341535651303352
10741	47	48	Occipital Pole	cope	24.16327713217666	5.977963851366564
10748	0	1	Frontal Pole	cope	8.5990519062926	2.1023963778746344
10748	1	2	Insular Cortex	cope	-9.469248340144508	-0.30256850662742374
10748	2	3	Superior Frontal Gyrus	cope	21.118730180559993	1.866982042466364
10748	3	4	Middle Frontal Gyrus	cope	-27.642623761806735	2.5054389841690643
10748	4	5	Inferior Frontal Gyrus, pars triangularis	cope	-50.11384196244522	2.2887691899988836
10748	5	6	Inferior Frontal Gyrus, pars opercularis	cope	-71.80393681290202	3.902834240347147
10748	6	7	Precentral Gyrus	cope	15.434480165359952	-0.8468948994545958
10748	7	8	Temporal Pole	cope	-58.443974802437154	1.8126787676340599
10748	8	9	Superior Temporal Gyrus, anterior division	cope	-9.555125726186311	-0.7901540036193836
10748	9	10	Superior Temporal Gyrus, posterior division	cope	1.9546371158454325	0.6892535371869174
10748	10	11	Middle Temporal Gyrus, anterior division	cope	-39.98695865317957	-0.9261954078659304
10748	11	12	Middle Temporal Gyrus, posterior division	cope	-28.784863448163435	0.3519136726270934
10748	12	13	Middle Temporal Gyrus, temporooccipital part	cope	-56.43588119284077	1.9708210765915772
10748	13	14	Inferior Temporal Gyrus, anterior division	cope	-49.64295593909258	1.526416649379955
10748	14	15	Inferior Temporal Gyrus, posterior division	cope	-87.8981185077035	1.3832180723217533
10748	15	16	Inferior Temporal Gyrus, temporooccipital part	cope	-55.97828228532601	3.781793304593059
10748	16	17	Postcentral Gyrus	cope	8.99270021914788	-1.3699143002409002
10748	17	18	Superior Parietal Lobule	cope	-34.4514881941903	2.531332627285927
10748	18	19	Supramarginal Gyrus, anterior division	cope	-71.20405160817835	-3.3875260602406883
10748	19	20	Supramarginal Gyrus, posterior division	cope	-66.34744346913051	0.36033589546442835
10748	20	21	Angular Gyrus	cope	-50.95562915178725	3.1184717982326076
10748	21	22	Lateral Occipital Cortex, superior division	cope	-20.01641478715047	2.6871715320584584
10748	22	23	Lateral Occipital Cortex, inferior division	cope	-49.67879196350089	1.627822572805313
10748	23	24	Intracalcarine Cortex	cope	68.21340433718339	0.13797265487308125
10748	24	25	Frontal Medial Cortex	cope	136.74072904451518	3.7549048938081726
10748	25	26	Juxtapositional Lobule Cortex (formerly Supplementary Motor Cortex)	cope	-21.931919352151453	0.439181273148672
10748	26	27	Subcallosal Cortex	cope	119.08141566973467	3.0359968696577617
10748	27	28	Paracingulate Gyrus	cope	192.55082046175013	2.63406445040868
10748	28	29	Cingulate Gyrus, anterior division	cope	58.455873488450536	1.417467221513122
10748	29	30	Cingulate Gyrus, posterior division	cope	18.297417072457925	2.1692564691970393
10748	30	31	Precuneous Cortex	cope	54.818365976239285	-0.3230878917358372
10748	31	32	Cuneal Cortex	cope	62.62140671720526	-0.8597114112335535
10748	32	33	Frontal Orbital Cortex	cope	32.114746157320944	3.6370259733877512
10748	33	34	Parahippocampal Gyrus, anterior division	cope	-61.81092620176156	3.785990622860948
10748	34	35	Parahippocampal Gyrus, posterior division	cope	-20.672921160482012	6.343086618564601
10748	35	36	Lingual Gyrus	cope	-6.719070033585796	1.7355840563943783
10748	36	37	Temporal Fusiform Cortex, anterior division	cope	-88.21993337413097	1.9460201103847923
10748	37	38	Temporal Fusiform Cortex, posterior division	cope	-41.852219430165505	2.98894499332713
10748	38	39	Temporal Occipital Fusiform Cortex	cope	0.9669221438076785	5.0084561689068
10748	39	40	Occipital Fusiform Gyrus	cope	58.94065795045927	3.2188996245987735
10748	40	41	Frontal Operculum Cortex	cope	-42.504089239515174	1.794339729801697
10748	41	42	Central Opercular Cortex	cope	22.845356101689102	-3.0639981061187394
10748	42	43	Parietal Operculum Cortex	cope	25.860619688850974	-5.7361904082224155
10748	43	44	Planum Polare	cope	-35.11036399757589	-1.6179414273858184
10748	44	45	Heschl's Gyrus (includes H1 and H2)	cope	-81.38401654239074	0.22168159919194363
10748	45	46	Planum Temporale	cope	2.3742420166483216	-1.2545244442556993
10748	46	47	Supracalcarine Cortex	cope	108.76917708332235	-0.8135009430982965
10748	47	48	Occipital Pole	cope	25.457523509863933	0.23056131503284288
10767	0	1	Frontal Pole	cope	-68.37875572457922	-3.7003269353432824
10767	1	2	Insular Cortex	cope	-214.22320087443364	-4.419299065112518
10767	2	3	Superior Frontal Gyrus	cope	-85.42687469724395	-2.522844327596345
10767	3	4	Middle Frontal Gyrus	cope	-95.08181329975363	-1.8976141934927278
10767	4	5	Inferior Frontal Gyrus, pars triangularis	cope	-13.93851283876174	0.4081598601235641
10767	5	6	Inferior Frontal Gyrus, pars opercularis	cope	-201.38403052867125	-1.0801677996661432
10767	6	7	Precentral Gyrus	cope	-94.88614396824728	3.000555977437068
10767	7	8	Temporal Pole	cope	-69.87358290200488	1.9188286894096362
10767	8	9	Superior Temporal Gyrus, anterior division	cope	-12.946893141705257	3.705068817620094
10767	9	10	Superior Temporal Gyrus, posterior division	cope	-102.30047794828167	3.553558185672412
10767	10	11	Middle Temporal Gyrus, anterior division	cope	16.56962137231186	4.232891832492244
10767	11	12	Middle Temporal Gyrus, posterior division	cope	-36.77966844311109	5.463355966937534
10767	12	13	Middle Temporal Gyrus, temporooccipital part	cope	-73.92284575625332	3.2272296968080165
10767	13	14	Inferior Temporal Gyrus, anterior division	cope	-102.16678567186615	-2.5968286906253306
10767	14	15	Inferior Temporal Gyrus, posterior division	cope	-59.58867733329204	-1.094250482763112
10767	15	16	Inferior Temporal Gyrus, temporooccipital part	cope	-71.3701458561665	1.2006199488178468
10767	16	17	Postcentral Gyrus	cope	-129.63088665024094	5.64677946491167
10767	17	18	Superior Parietal Lobule	cope	-121.66934588293391	0.934204317739336
10767	18	19	Supramarginal Gyrus, anterior division	cope	3.27605606549316	0.6080199168201674
10767	19	20	Supramarginal Gyrus, posterior division	cope	-112.36443390838198	2.7077254604607996
10767	20	21	Angular Gyrus	cope	-92.14787828795573	2.8117729185721103
10767	21	22	Lateral Occipital Cortex, superior division	cope	-2.1119989600377957	1.3539510836591944
10767	22	23	Lateral Occipital Cortex, inferior division	cope	-38.20927893083372	3.722286861326304
10767	23	24	Intracalcarine Cortex	cope	-88.86325540068897	7.000290844415528
10767	24	25	Frontal Medial Cortex	cope	-17.29888076393317	3.260861066123801
10767	25	26	Juxtapositional Lobule Cortex (formerly Supplementary Motor Cortex)	cope	13.483432229759323	0.650784693738584
10767	26	27	Subcallosal Cortex	cope	175.47660467441264	3.6598728770963276
10767	27	28	Paracingulate Gyrus	cope	-120.86012609379478	-9.51112967070682
10767	28	29	Cingulate Gyrus, anterior division	cope	-51.02893830767943	-5.4253453048985945
10767	29	30	Cingulate Gyrus, posterior division	cope	83.92808715530805	2.2341873483040504
10767	30	31	Precuneous Cortex	cope	19.020226900925486	-1.2503988385408065
10767	31	32	Cuneal Cortex	cope	-32.110207307398184	1.7390518648417754
10767	32	33	Frontal Orbital Cortex	cope	-147.05144498898008	-3.8054168061191875
10767	33	34	Parahippocampal Gyrus, anterior division	cope	28.505472296634608	-0.11651737276110304
10767	34	35	Parahippocampal Gyrus, posterior division	cope	-10.567553101620584	0.015671217258808746
10767	35	36	Lingual Gyrus	cope	-144.08652724511168	4.902951775416204
10767	36	37	Temporal Fusiform Cortex, anterior division	cope	38.2433392587283	-1.1217549365568669
10767	37	38	Temporal Fusiform Cortex, posterior division	cope	-41.68223055807325	-2.332616282546838
10767	38	39	Temporal Occipital Fusiform Cortex	cope	-60.12522629269855	2.5513460567258095
10767	39	40	Occipital Fusiform Gyrus	cope	-97.70852554304702	4.232785092752188
10767	40	41	Frontal Operculum Cortex	cope	-224.97049822126115	-12.41719790717133
10767	41	42	Central Opercular Cortex	cope	-97.30332437065864	4.298219125127053
10767	42	43	Parietal Operculum Cortex	cope	-104.6407672358951	3.406332847721364
10767	43	44	Planum Polare	cope	-130.07230853306427	1.145191980774678
10767	44	45	Heschl's Gyrus (includes H1 and H2)	cope	-167.96791080945098	-2.056961727251346
10767	45	46	Planum Temporale	cope	-87.67847166266138	-0.9213087543680066
10767	46	47	Supracalcarine Cortex	cope	-134.44659531877397	7.122652838204769
10767	47	48	Occipital Pole	cope	-3.813453021282559	3.7221111442294443
10777	0	1	Frontal Pole	cope	-96.75653895234676	5.429107475974621
10777	1	2	Insular Cortex	cope	-122.3114515674896	6.856017155709703
10777	2	3	Superior Frontal Gyrus	cope	-57.05784368140224	3.3380941744273445
10777	3	4	Middle Frontal Gyrus	cope	-247.84180955626724	11.507204341217285
10777	4	5	Inferior Frontal Gyrus, pars triangularis	cope	-230.71032974123955	5.377477584184583
10777	5	6	Inferior Frontal Gyrus, pars opercularis	cope	-250.2537751436012	10.024584167455167
10777	6	7	Precentral Gyrus	cope	8.660517230532989	2.0894634692314495
10777	7	8	Temporal Pole	cope	-44.406123060824285	-0.5835863826585944
10777	8	9	Superior Temporal Gyrus, anterior division	cope	-192.03173905366506	-0.9614066831576519
10777	9	10	Superior Temporal Gyrus, posterior division	cope	-210.21747903777407	-1.4309339432193982
10777	10	11	Middle Temporal Gyrus, anterior division	cope	-5.032088662261393	-1.433919094797613
10777	11	12	Middle Temporal Gyrus, posterior division	cope	-106.65111208863173	-1.0015196380713447
10777	12	13	Middle Temporal Gyrus, temporooccipital part	cope	-131.47614738037694	4.268950439817906
10777	13	14	Inferior Temporal Gyrus, anterior division	cope	-94.25047730270927	-2.0854024291038513
10777	14	15	Inferior Temporal Gyrus, posterior division	cope	-61.870409648592876	2.760591869062833
10777	15	16	Inferior Temporal Gyrus, temporooccipital part	cope	-79.40496965258646	2.498264292409685
10777	16	17	Postcentral Gyrus	cope	186.31343593426374	-3.272933769153998
10777	17	18	Superior Parietal Lobule	cope	-174.77230908363822	10.811764762692857
10777	18	19	Supramarginal Gyrus, anterior division	cope	-99.65949795298555	-0.44602826506447013
10777	19	20	Supramarginal Gyrus, posterior division	cope	-252.8851349879761	6.9599061722414115
10777	20	21	Angular Gyrus	cope	-179.49582032170997	5.214157571744288
10777	21	22	Lateral Occipital Cortex, superior division	cope	1.938445244549422	4.136960065406816
10777	22	23	Lateral Occipital Cortex, inferior division	cope	-62.54378875152159	8.238764175661874
10777	23	24	Intracalcarine Cortex	cope	93.48675528057065	10.148085391090945
10777	24	25	Frontal Medial Cortex	cope	-32.8763505262686	3.0926115764965507
10777	25	26	Juxtapositional Lobule Cortex (formerly Supplementary Motor Cortex)	cope	59.83813903229059	-0.8496185498425385
10777	26	27	Subcallosal Cortex	cope	-7.432354123317278	5.569290529191494
10777	27	28	Paracingulate Gyrus	cope	-146.68066471894056	2.1497622543477606
10777	28	29	Cingulate Gyrus, anterior division	cope	-142.0502027119431	3.7153547121136907
10777	29	30	Cingulate Gyrus, posterior division	cope	6.655311031614031	-4.215186747044325
10777	30	31	Precuneous Cortex	cope	-101.1012487906489	2.291833236587841
10777	31	32	Cuneal Cortex	cope	93.30084923074938	3.9526289117681546
10777	32	33	Frontal Orbital Cortex	cope	-154.83207813147698	5.976674186387065
10777	33	34	Parahippocampal Gyrus, anterior division	cope	-179.77378120949177	2.0222450689334357
10777	34	35	Parahippocampal Gyrus, posterior division	cope	129.3866477745884	-2.1107792505959293
10777	35	36	Lingual Gyrus	cope	101.91687420544173	4.86429289986534
10777	36	37	Temporal Fusiform Cortex, anterior division	cope	152.93534463855391	-0.9526973443885222
10777	37	38	Temporal Fusiform Cortex, posterior division	cope	-114.40767988442683	2.800244222223605
10777	38	39	Temporal Occipital Fusiform Cortex	cope	-33.614466302110316	7.23078828642842
10777	39	40	Occipital Fusiform Gyrus	cope	-62.837244406957694	12.21665011884058
10777	40	41	Frontal Operculum Cortex	cope	-380.7722738290033	12.756173533784663
10777	41	42	Central Opercular Cortex	cope	11.443059480708103	1.0906958016498653
10777	42	43	Parietal Operculum Cortex	cope	9.861724365786248	-1.1084985379933328
10777	43	44	Planum Polare	cope	-114.82566042437809	8.114369704644018
10777	44	45	Heschl's Gyrus (includes H1 and H2)	cope	-34.11840078825225	5.308811087069029
10777	45	46	Planum Temporale	cope	-74.63812500486084	3.600550787760734
10777	46	47	Supracalcarine Cortex	cope	161.37622622226147	11.496183651875942
10777	47	48	Occipital Pole	cope	142.70535386587122	4.758907368498605
10781	0	1	Frontal Pole	cope	-22.798642181692895	4.765785696782531
10781	1	2	Insular Cortex	cope	72.08725484889611	2.156397782138274
10781	2	3	Superior Frontal Gyrus	cope	-6.7463002333099285	0.7679195932636856
10781	3	4	Middle Frontal Gyrus	cope	-150.1559952408446	3.7182190661263848
10781	4	5	Inferior Frontal Gyrus, pars triangularis	cope	185.8713313691113	-1.0056211276133673
10781	5	6	Inferior Frontal Gyrus, pars opercularis	cope	47.431665351455095	-1.1202521160726182
10781	6	7	Precentral Gyrus	cope	70.70370558386428	-0.7225235014726226
10781	7	8	Temporal Pole	cope	47.2253506763488	-1.3108832692715096
10781	8	9	Superior Temporal Gyrus, anterior division	cope	51.405217523146895	2.7198548985310853
10781	9	10	Superior Temporal Gyrus, posterior division	cope	21.578550730202977	0.36982638628355097
10781	10	11	Middle Temporal Gyrus, anterior division	cope	113.38398989901614	1.656903194402581
10781	11	12	Middle Temporal Gyrus, posterior division	cope	-20.468127914417256	2.1933313838953152
10781	12	13	Middle Temporal Gyrus, temporooccipital part	cope	36.79049495070599	2.0256573782600924
10781	13	14	Inferior Temporal Gyrus, anterior division	cope	87.92783599562898	-0.2409888403407524
10781	14	15	Inferior Temporal Gyrus, posterior division	cope	-80.8425020196221	2.334652259029002
10781	15	16	Inferior Temporal Gyrus, temporooccipital part	cope	-32.12611554796571	0.12399832706606544
10781	16	17	Postcentral Gyrus	cope	34.664758396232905	-0.5932678433396327
10781	17	18	Superior Parietal Lobule	cope	-56.23241756093783	-2.9606163147553524
10781	18	19	Supramarginal Gyrus, anterior division	cope	63.718917442030374	2.1134870970181914
10781	19	20	Supramarginal Gyrus, posterior division	cope	24.884514540594978	4.359916738282285
10781	20	21	Angular Gyrus	cope	-68.07202678979351	3.004350787708548
10781	21	22	Lateral Occipital Cortex, superior division	cope	-33.38464570886992	2.414319899432139
10781	22	23	Lateral Occipital Cortex, inferior division	cope	-3.1354981741148555	0.938841043830975
10781	23	24	Intracalcarine Cortex	cope	139.97941875272224	3.6939381931850446
10781	24	25	Frontal Medial Cortex	cope	214.31379617877462	-0.7439050653500231
10781	25	26	Juxtapositional Lobule Cortex (formerly Supplementary Motor Cortex)	cope	76.03135848971638	0.9736618739615723
10781	26	27	Subcallosal Cortex	cope	87.28580090586956	3.6843385498684187
10781	27	28	Paracingulate Gyrus	cope	112.99601456308658	3.9639547210408757
10781	28	29	Cingulate Gyrus, anterior division	cope	122.83052457382871	1.6078318671909875
10781	29	30	Cingulate Gyrus, posterior division	cope	104.95122735459464	8.601002609389036
10781	30	31	Precuneous Cortex	cope	91.92737849554256	5.826623660668347
10781	31	32	Cuneal Cortex	cope	58.57962011894471	3.4776331340097006
10781	32	33	Frontal Orbital Cortex	cope	50.02489715032348	-1.1984297641666604
10781	33	34	Parahippocampal Gyrus, anterior division	cope	-23.43797212469894	-1.4990053726525037
10781	34	35	Parahippocampal Gyrus, posterior division	cope	122.9478374625152	2.169866415845968
10781	35	36	Lingual Gyrus	cope	42.127910914311286	1.97554833532032
10781	36	37	Temporal Fusiform Cortex, anterior division	cope	-0.4220653603262935	-7.912582660767626
10781	37	38	Temporal Fusiform Cortex, posterior division	cope	21.206966045237245	-3.036927884133619
10781	38	39	Temporal Occipital Fusiform Cortex	cope	52.94243401813255	-0.35219934638960126
10781	39	40	Occipital Fusiform Gyrus	cope	1.137137397736402	0.5559834642022483
10781	40	41	Frontal Operculum Cortex	cope	93.2830956460548	0.8057526765438188
10781	41	42	Central Opercular Cortex	cope	91.31577152468242	3.854873997732844
10781	42	43	Parietal Operculum Cortex	cope	55.80701171839373	2.2812382842693006
10781	43	44	Planum Polare	cope	-27.60609480437204	0.566468809183886
10781	44	45	Heschl's Gyrus (includes H1 and H2)	cope	-13.534686834856112	2.37439639512707
10781	45	46	Planum Temporale	cope	19.157358479631906	2.5073597533396157
10781	46	47	Supracalcarine Cortex	cope	175.01318343142245	6.991247769682966
10781	47	48	Occipital Pole	cope	45.4820930971192	4.0641337471969825
10783	0	1	Frontal Pole	cope	64.18898899176574	0.08584785375138444
10783	1	2	Insular Cortex	cope	28.771213145834988	2.278542325455031
10783	2	3	Superior Frontal Gyrus	cope	-45.581257742638186	-1.1503519209937352
10783	3	4	Middle Frontal Gyrus	cope	-78.97937293395762	0.5504075187060207
10783	4	5	Inferior Frontal Gyrus, pars triangularis	cope	-42.67779601713933	-2.414957294569547
10783	5	6	Inferior Frontal Gyrus, pars opercularis	cope	25.48946975110632	3.2354238416971883
10783	6	7	Precentral Gyrus	cope	79.89247914093659	1.5320506516495958
10783	7	8	Temporal Pole	cope	21.14253121861479	3.1581568151843378
10783	8	9	Superior Temporal Gyrus, anterior division	cope	71.12888476825677	6.668019164105257
10783	9	10	Superior Temporal Gyrus, posterior division	cope	73.73454250985539	5.123305052276943
10783	10	11	Middle Temporal Gyrus, anterior division	cope	43.82896928573722	0.33386379241276143
10783	11	12	Middle Temporal Gyrus, posterior division	cope	38.8714032277995	1.849358448466993
10783	12	13	Middle Temporal Gyrus, temporooccipital part	cope	22.04474349637635	3.9349238441660077
10783	13	14	Inferior Temporal Gyrus, anterior division	cope	7.104412022426989	0.6158411825549673
10783	14	15	Inferior Temporal Gyrus, posterior division	cope	90.60226046219633	-2.8639086766835478
10783	15	16	Inferior Temporal Gyrus, temporooccipital part	cope	66.59986479344097	-0.23746011752475388
10783	16	17	Postcentral Gyrus	cope	127.5576426839051	1.6576812537567205
10783	17	18	Superior Parietal Lobule	cope	-1.9539128962581551	2.0062449782637004
10783	18	19	Supramarginal Gyrus, anterior division	cope	31.849091412127017	-1.8210759746686866
10783	19	20	Supramarginal Gyrus, posterior division	cope	31.75401497060886	3.2676463834157943
10783	20	21	Angular Gyrus	cope	-2.4875921440986812	3.0401570240276756
10783	21	22	Lateral Occipital Cortex, superior division	cope	104.14223232114354	4.224315598038363
10783	22	23	Lateral Occipital Cortex, inferior division	cope	121.00344525713099	3.4547011507620833
10783	23	24	Intracalcarine Cortex	cope	114.53174029487812	6.45505089392516
10783	24	25	Frontal Medial Cortex	cope	201.20014293301614	4.055942657671156
10783	25	26	Juxtapositional Lobule Cortex (formerly Supplementary Motor Cortex)	cope	91.38552568742149	1.938051896452954
10783	26	27	Subcallosal Cortex	cope	-105.79146958039357	2.6192907106991
10783	27	28	Paracingulate Gyrus	cope	-23.768968548319084	1.7322491953271029
10783	28	29	Cingulate Gyrus, anterior division	cope	70.64767640879599	0.7619151843576574
10783	29	30	Cingulate Gyrus, posterior division	cope	167.3275720279898	-0.28431439291685817
10783	30	31	Precuneous Cortex	cope	135.0090632738839	2.120643126757574
10783	31	32	Cuneal Cortex	cope	94.05032948432635	0.5700059145494899
10783	32	33	Frontal Orbital Cortex	cope	0.4726975662650991	-1.2185563528918886
10783	33	34	Parahippocampal Gyrus, anterior division	cope	26.88595961733202	5.82538099209232
10783	34	35	Parahippocampal Gyrus, posterior division	cope	131.9293847790304	-1.5712652826084281
10783	35	36	Lingual Gyrus	cope	210.67607765858955	4.365680337295705
10783	36	37	Temporal Fusiform Cortex, anterior division	cope	-28.032282777711856	5.345531169827103
10783	37	38	Temporal Fusiform Cortex, posterior division	cope	91.72619488296739	-0.6463705537946519
10783	38	39	Temporal Occipital Fusiform Cortex	cope	161.7671037856321	3.4189199454927475
10783	39	40	Occipital Fusiform Gyrus	cope	259.3904721631187	9.944144957582111
10783	40	41	Frontal Operculum Cortex	cope	-232.20804728780473	-1.1235909964497977
10783	41	42	Central Opercular Cortex	cope	78.67245160624428	2.8141123480286416
10783	42	43	Parietal Operculum Cortex	cope	91.36770311047721	3.2993361146335825
10783	43	44	Planum Polare	cope	69.56718895055411	6.760841190146695
10783	44	45	Heschl's Gyrus (includes H1 and H2)	cope	83.31496282011133	5.558809074423006
10783	45	46	Planum Temporale	cope	117.05568084426204	2.9396974537263616
10783	46	47	Supracalcarine Cortex	cope	172.52451524582315	4.574169438134166
10783	47	48	Occipital Pole	cope	132.44774139128427	3.434574905240843
10794	0	1	Frontal Pole	cope	-98.58596621869889	-1.8386411560092466
10794	1	2	Insular Cortex	cope	-23.498542566432572	3.6381789090638583
10794	2	3	Superior Frontal Gyrus	cope	-52.83946830820024	1.653249943956849
10794	3	4	Middle Frontal Gyrus	cope	-29.80707866319025	-1.5046676552602167
10794	4	5	Inferior Frontal Gyrus, pars triangularis	cope	0.2882262034973967	0.23991261947250694
10794	5	6	Inferior Frontal Gyrus, pars opercularis	cope	113.06172343224398	-1.722260934005571
10794	6	7	Precentral Gyrus	cope	22.541108680250137	2.3653101351670864
10794	7	8	Temporal Pole	cope	-85.62373747561087	2.209383348256761
10794	8	9	Superior Temporal Gyrus, anterior division	cope	-3.7732259658666756	1.4903719815019614
10794	9	10	Superior Temporal Gyrus, posterior division	cope	24.987178166384822	-1.5967776387409827
10794	10	11	Middle Temporal Gyrus, anterior division	cope	-64.02060036232223	0.7638104054076014
10794	11	12	Middle Temporal Gyrus, posterior division	cope	-69.72103087315446	-3.076886240757354
10794	12	13	Middle Temporal Gyrus, temporooccipital part	cope	-54.1101636023016	-2.113947086452546
10794	13	14	Inferior Temporal Gyrus, anterior division	cope	-173.02754026580845	1.5882825738799995
10794	14	15	Inferior Temporal Gyrus, posterior division	cope	-12.382907008781137	-1.3659265071624465
10794	15	16	Inferior Temporal Gyrus, temporooccipital part	cope	-90.94607947611097	0.0027359729987193842
10794	16	17	Postcentral Gyrus	cope	16.896213637979134	2.5165437398526977
10794	17	18	Superior Parietal Lobule	cope	56.566103327383836	3.3465930287362005
10794	18	19	Supramarginal Gyrus, anterior division	cope	56.12328867415587	8.793240633302506
10794	19	20	Supramarginal Gyrus, posterior division	cope	21.535101833282592	2.676000879335137
10794	20	21	Angular Gyrus	cope	-72.4151091931889	-1.8886506293065903
10794	21	22	Lateral Occipital Cortex, superior division	cope	-45.833326770458676	-2.119204489846208
10794	22	23	Lateral Occipital Cortex, inferior division	cope	-60.11433090465125	-0.018274807307995602
10794	23	24	Intracalcarine Cortex	cope	43.44487533970565	4.6012784555719275
10794	24	25	Frontal Medial Cortex	cope	37.30526115687181	1.120338420799755
10794	25	26	Juxtapositional Lobule Cortex (formerly Supplementary Motor Cortex)	cope	46.83787804298304	9.879124701954424
10794	26	27	Subcallosal Cortex	cope	-46.66847877869239	-1.3559837207341423
10794	27	28	Paracingulate Gyrus	cope	-37.12630428569241	5.686967176930625
10794	28	29	Cingulate Gyrus, anterior division	cope	-80.53336513790073	6.643770759580563
10794	29	30	Cingulate Gyrus, posterior division	cope	-165.47775061722314	0.5999528549403768
10794	30	31	Precuneous Cortex	cope	-174.3789664692078	6.210875494329442
10794	31	32	Cuneal Cortex	cope	10.60423538742996	3.2425597553521377
10794	32	33	Frontal Orbital Cortex	cope	-42.774990124190694	-2.4612203255457574
10794	33	34	Parahippocampal Gyrus, anterior division	cope	-179.46700085580878	1.2299705679307946
10794	34	35	Parahippocampal Gyrus, posterior division	cope	-86.26911205008345	10.40678337767439
10794	35	36	Lingual Gyrus	cope	6.322996463394358	7.689447788580468
10794	36	37	Temporal Fusiform Cortex, anterior division	cope	-159.98257978757223	5.780017497163293
10794	37	38	Temporal Fusiform Cortex, posterior division	cope	-100.27617380969393	1.3944021225097412
10794	38	39	Temporal Occipital Fusiform Cortex	cope	-106.68813447021016	-0.2562604742533078
10794	39	40	Occipital Fusiform Gyrus	cope	-17.920988819775506	2.1712092592468877
10794	40	41	Frontal Operculum Cortex	cope	-102.2284588443131	4.287115776660938
10794	41	42	Central Opercular Cortex	cope	29.821387071151538	5.393284511471118
10794	42	43	Parietal Operculum Cortex	cope	42.07459789045571	8.831073885150065
10794	43	44	Planum Polare	cope	112.08421771012189	4.261992597440613
10794	44	45	Heschl's Gyrus (includes H1 and H2)	cope	30.751082138257093	1.1834685399716351
10794	45	46	Planum Temporale	cope	9.424075444897126	1.8577749528032095
10794	46	47	Supracalcarine Cortex	cope	80.28212082386017	5.595932465601475
10794	47	48	Occipital Pole	cope	-45.451758517958204	2.8468506957825888
10800	0	1	Frontal Pole	cope	-16.570492496860478	4.432049929556888
10800	1	2	Insular Cortex	cope	-70.2367478452516	3.516184069909018
10800	2	3	Superior Frontal Gyrus	cope	-45.05062371257172	6.287932268532372
10800	3	4	Middle Frontal Gyrus	cope	-98.73940871832835	3.148756481554157
10800	4	5	Inferior Frontal Gyrus, pars triangularis	cope	-190.5269663372171	-0.7879854671511833
10800	5	6	Inferior Frontal Gyrus, pars opercularis	cope	-144.75326407421034	-0.04819666663510205
10800	6	7	Precentral Gyrus	cope	-68.47383497227347	2.569130687991277
10800	7	8	Temporal Pole	cope	-95.51548212646563	2.550738882059459
10800	8	9	Superior Temporal Gyrus, anterior division	cope	-124.2676615112867	4.1594402528248535
10800	9	10	Superior Temporal Gyrus, posterior division	cope	-75.55018001281982	6.595685282310882
10800	10	11	Middle Temporal Gyrus, anterior division	cope	-132.19718175441471	3.935743310135692
10800	11	12	Middle Temporal Gyrus, posterior division	cope	-62.272971601030335	4.994339580841366
10800	12	13	Middle Temporal Gyrus, temporooccipital part	cope	-87.34929391987714	3.2767924668556887
10800	13	14	Inferior Temporal Gyrus, anterior division	cope	-165.1538239173569	-2.5231489958737554
10800	14	15	Inferior Temporal Gyrus, posterior division	cope	-57.83854810340111	4.699498685025207
10800	15	16	Inferior Temporal Gyrus, temporooccipital part	cope	-38.36416273619702	4.23867497779429
10800	16	17	Postcentral Gyrus	cope	16.536266187358162	2.8235319958894474
10800	17	18	Superior Parietal Lobule	cope	-49.844737696366046	2.2732987772316484
10800	18	19	Supramarginal Gyrus, anterior division	cope	-57.151256089616155	0.09736080842558295
10800	19	20	Supramarginal Gyrus, posterior division	cope	-88.33653989216766	1.1304920665032507
10800	20	21	Angular Gyrus	cope	-127.39538324552441	3.6686844149542983
10800	21	22	Lateral Occipital Cortex, superior division	cope	-101.57914123055433	2.6401672374790177
10800	22	23	Lateral Occipital Cortex, inferior division	cope	-65.37797630471701	4.855557075176507
10800	23	24	Intracalcarine Cortex	cope	19.048311923032603	1.1367194833386154
10800	24	25	Frontal Medial Cortex	cope	-66.1640772713837	2.237180710895687
10800	25	26	Juxtapositional Lobule Cortex (formerly Supplementary Motor Cortex)	cope	20.876788407815873	1.0462000515765033
10800	26	27	Subcallosal Cortex	cope	78.54893090083048	-3.627672777217455
10800	27	28	Paracingulate Gyrus	cope	28.929805659173567	6.391900856423217
10800	28	29	Cingulate Gyrus, anterior division	cope	81.164270242392	3.406819216105436
10800	29	30	Cingulate Gyrus, posterior division	cope	-2.991745756285531	12.119807779929468
10800	30	31	Precuneous Cortex	cope	-60.20776905731801	8.408381433626658
10800	31	32	Cuneal Cortex	cope	48.651491696977295	4.271040787709724
10800	32	33	Frontal Orbital Cortex	cope	-63.751297553252364	2.4755516134438325
10800	33	34	Parahippocampal Gyrus, anterior division	cope	-36.99210384593601	1.325114130850189
10800	34	35	Parahippocampal Gyrus, posterior division	cope	-20.34549702248483	4.152356042364999
10800	35	36	Lingual Gyrus	cope	39.02816001554491	4.367278883833747
10800	36	37	Temporal Fusiform Cortex, anterior division	cope	-49.072016892703715	0.8523825071223662
10800	37	38	Temporal Fusiform Cortex, posterior division	cope	-82.35169961681773	1.6951785822192178
10800	38	39	Temporal Occipital Fusiform Cortex	cope	-119.38992334239414	3.0836263634618137
10800	39	40	Occipital Fusiform Gyrus	cope	0.2710513991363552	7.617664456088381
10800	40	41	Frontal Operculum Cortex	cope	-97.33694258808087	8.44188020503571
10800	41	42	Central Opercular Cortex	cope	-64.76750233778156	7.030088419377356
10800	42	43	Parietal Operculum Cortex	cope	-15.71264967057608	4.738464218947261
10800	43	44	Planum Polare	cope	-35.062503758732596	2.086114696091937
10800	44	45	Heschl's Gyrus (includes H1 and H2)	cope	-97.81405174759676	5.153590647023051
10800	45	46	Planum Temporale	cope	24.193535669853812	5.367523613509689
10800	46	47	Supracalcarine Cortex	cope	4.9614123118684645	1.8084737544364118
10800	47	48	Occipital Pole	cope	96.00352597829408	1.132839942085839
10801	0	1	Frontal Pole	cope	-118.32086155230147	3.1589159199666748
10801	1	2	Insular Cortex	cope	-47.862568900450974	1.1060880478650434
10801	2	3	Superior Frontal Gyrus	cope	-168.60534241048543	2.4484788380435636
10801	3	4	Middle Frontal Gyrus	cope	-130.98830053323977	3.5577142378299533
10801	4	5	Inferior Frontal Gyrus, pars triangularis	cope	-239.37633621043295	2.4252053358369943
10801	5	6	Inferior Frontal Gyrus, pars opercularis	cope	-123.52708624840669	4.0329925381616585
10801	6	7	Precentral Gyrus	cope	12.417710408079314	3.47339066781102
10801	7	8	Temporal Pole	cope	-54.19184070627502	4.136774591485369
10801	8	9	Superior Temporal Gyrus, anterior division	cope	-180.58019235059618	3.6011272387626843
10801	9	10	Superior Temporal Gyrus, posterior division	cope	-108.08578149093823	0.19795218618381044
10801	10	11	Middle Temporal Gyrus, anterior division	cope	-46.814735051411304	3.8067361434671416
10801	11	12	Middle Temporal Gyrus, posterior division	cope	-146.33506917551514	3.1941013581344024
10801	12	13	Middle Temporal Gyrus, temporooccipital part	cope	-173.91137524901157	4.683275858229193
10801	13	14	Inferior Temporal Gyrus, anterior division	cope	-89.28675782504166	-0.2092825824604232
10801	14	15	Inferior Temporal Gyrus, posterior division	cope	-71.66085266260772	0.2644518434737051
10801	15	16	Inferior Temporal Gyrus, temporooccipital part	cope	-133.42751072147	2.7155290872220004
10801	16	17	Postcentral Gyrus	cope	69.5290254844142	1.0267012343847233
10801	17	18	Superior Parietal Lobule	cope	66.05194192008162	3.7209734546480178
10801	18	19	Supramarginal Gyrus, anterior division	cope	56.23861042178339	-1.3679122170881817
10801	19	20	Supramarginal Gyrus, posterior division	cope	-89.12277462716038	5.000670900139989
10801	20	21	Angular Gyrus	cope	-247.9339385882852	6.587179392871097
10801	21	22	Lateral Occipital Cortex, superior division	cope	-115.25953575273273	4.008166344709917
10801	22	23	Lateral Occipital Cortex, inferior division	cope	-185.47301260941597	4.518868364458464
10801	23	24	Intracalcarine Cortex	cope	157.05352680414103	8.53893513683998
10801	24	25	Frontal Medial Cortex	cope	-96.65784212756664	6.945989422292072
10801	25	26	Juxtapositional Lobule Cortex (formerly Supplementary Motor Cortex)	cope	-107.75934835825417	4.360594918309535
10801	26	27	Subcallosal Cortex	cope	-61.025064450158524	3.0457527002780878
10801	27	28	Paracingulate Gyrus	cope	-228.17938438785336	5.726725442677758
10801	28	29	Cingulate Gyrus, anterior division	cope	-105.62759497913264	3.2689341191408103
10801	29	30	Cingulate Gyrus, posterior division	cope	-363.9145403301035	5.871643414117396
10801	30	31	Precuneous Cortex	cope	-245.3399793445633	0.8040375286270385
10801	31	32	Cuneal Cortex	cope	145.86170582284947	3.9634208242634017
10801	32	33	Frontal Orbital Cortex	cope	-73.27750643316567	2.062124204908389
10801	33	34	Parahippocampal Gyrus, anterior division	cope	-82.90620014345092	-3.816523832936598
10801	34	35	Parahippocampal Gyrus, posterior division	cope	-237.06453541179872	6.684616748173282
10801	35	36	Lingual Gyrus	cope	27.567986790685037	6.284509416631902
10801	36	37	Temporal Fusiform Cortex, anterior division	cope	-52.44516048194669	0.6725341331689282
10801	37	38	Temporal Fusiform Cortex, posterior division	cope	-135.98141935557487	-0.29905275425997124
10801	38	39	Temporal Occipital Fusiform Cortex	cope	-130.89397204760294	6.146858546700982
10801	39	40	Occipital Fusiform Gyrus	cope	-95.82760714092477	3.3600789220008247
10801	40	41	Frontal Operculum Cortex	cope	-129.8388126722905	3.0952765118455936
10801	41	42	Central Opercular Cortex	cope	44.978256642425166	-1.5960253482886597
10801	42	43	Parietal Operculum Cortex	cope	54.79523423783065	-0.3880843243462407
10801	43	44	Planum Polare	cope	-85.05594077592588	-1.134987562281197
10801	44	45	Heschl's Gyrus (includes H1 and H2)	cope	-89.74856002374729	1.6357492354144836
10801	45	46	Planum Temporale	cope	-26.82381666994491	0.3805068335663579
10801	46	47	Supracalcarine Cortex	cope	174.95445798305755	6.532586301340068
10801	47	48	Occipital Pole	cope	-42.30181165321516	5.93303775662099
10802	0	1	Frontal Pole	cope	-10.638865274976814	-0.3730508580657201
10802	1	2	Insular Cortex	cope	-96.87136621085439	8.147062906383281
10802	2	3	Superior Frontal Gyrus	cope	-4.376069769825453	-1.2218099478818876
10802	3	4	Middle Frontal Gyrus	cope	49.144748442693114	3.470089584319321
10802	4	5	Inferior Frontal Gyrus, pars triangularis	cope	-43.70850807166906	-3.2695754850977483
10802	5	6	Inferior Frontal Gyrus, pars opercularis	cope	-72.14582471599365	5.482523846595814
10802	6	7	Precentral Gyrus	cope	-3.589311985165709	4.667799023179063
10802	7	8	Temporal Pole	cope	-82.26761368867501	0.5728000024753364
10802	8	9	Superior Temporal Gyrus, anterior division	cope	-25.67202317516009	2.8471000858367637
10802	9	10	Superior Temporal Gyrus, posterior division	cope	53.27627443725412	-0.6456772694878232
10802	10	11	Middle Temporal Gyrus, anterior division	cope	-38.8274278149676	-5.17579877939381
10802	11	12	Middle Temporal Gyrus, posterior division	cope	-14.191657931628553	-1.3516578915480177
10802	12	13	Middle Temporal Gyrus, temporooccipital part	cope	-49.32749732595035	1.383193142766561
10802	13	14	Inferior Temporal Gyrus, anterior division	cope	-51.9835952933018	-3.2938693487388497
10802	14	15	Inferior Temporal Gyrus, posterior division	cope	4.717462038121572	-2.8082122793631523
10802	15	16	Inferior Temporal Gyrus, temporooccipital part	cope	-22.126364294217147	0.9048339248975433
10802	16	17	Postcentral Gyrus	cope	68.4598979513088	3.133708352689105
10802	17	18	Superior Parietal Lobule	cope	43.11631110560863	6.927871712510354
10802	18	19	Supramarginal Gyrus, anterior division	cope	9.543369351824124	4.602126829540012
10802	19	20	Supramarginal Gyrus, posterior division	cope	-33.179422599036954	7.1562912631427515
10802	20	21	Angular Gyrus	cope	-65.48062786906202	3.4383708348327557
10802	21	22	Lateral Occipital Cortex, superior division	cope	26.90727789090786	3.9845995821416476
10802	22	23	Lateral Occipital Cortex, inferior division	cope	-33.354928770256855	2.1440778850179343
10802	23	24	Intracalcarine Cortex	cope	-273.6171473603304	1.7424914959115103
10802	24	25	Frontal Medial Cortex	cope	28.40252238617721	-11.215899229885231
10802	25	26	Juxtapositional Lobule Cortex (formerly Supplementary Motor Cortex)	cope	26.02569001867763	4.684301582268892
10802	26	27	Subcallosal Cortex	cope	61.57064895721582	-4.921204199502244
10802	27	28	Paracingulate Gyrus	cope	-61.66719267660419	1.83704534034591
10802	28	29	Cingulate Gyrus, anterior division	cope	-179.38993159555278	6.695221211744094
10802	29	30	Cingulate Gyrus, posterior division	cope	-97.35214122104645	-2.376423867117081
10802	30	31	Precuneous Cortex	cope	-93.45136636473512	-2.114287887681212
10802	31	32	Cuneal Cortex	cope	-195.58778154255282	0.49954592212849425
10802	32	33	Frontal Orbital Cortex	cope	-12.308708895472964	0.7771510230209472
10802	33	34	Parahippocampal Gyrus, anterior division	cope	-52.87115280897216	-0.2349696470047471
10802	34	35	Parahippocampal Gyrus, posterior division	cope	-124.40189931257716	0.7522678717513973
10802	35	36	Lingual Gyrus	cope	-187.00255279983827	1.0382042286949618
10802	36	37	Temporal Fusiform Cortex, anterior division	cope	-150.67869045083404	-5.779231822448419
10802	37	38	Temporal Fusiform Cortex, posterior division	cope	-87.004788482716	-0.25046612611825925
10802	38	39	Temporal Occipital Fusiform Cortex	cope	-147.3214907769592	1.26368378285002
10802	39	40	Occipital Fusiform Gyrus	cope	-116.5077535252141	2.9517780291486178
10802	40	41	Frontal Operculum Cortex	cope	-260.84686716464387	9.807741067176606
10802	41	42	Central Opercular Cortex	cope	-4.40857473961856	6.41927276747547
10802	42	43	Parietal Operculum Cortex	cope	41.922101832585895	2.9432624683048823
10802	43	44	Planum Polare	cope	-57.27893303118589	4.546905987078452
10802	44	45	Heschl's Gyrus (includes H1 and H2)	cope	-46.17689047101456	-0.15969334887244224
10802	45	46	Planum Temporale	cope	27.205713203034964	-0.4959070135767048
10802	46	47	Supracalcarine Cortex	cope	-281.85985780776815	1.6987660671708154
10802	47	48	Occipital Pole	cope	-93.11704454384062	1.6579041001401547
10803	0	1	Frontal Pole	cope	113.2160203491636	2.6787207082631244
10803	1	2	Insular Cortex	cope	-184.31953903431165	5.204806952008244
10803	2	3	Superior Frontal Gyrus	cope	164.83307512726148	5.885772458902832
10803	3	4	Middle Frontal Gyrus	cope	174.4536229717114	6.341552283741226
10803	4	5	Inferior Frontal Gyrus, pars triangularis	cope	92.91418688528992	4.532003306459054
10803	5	6	Inferior Frontal Gyrus, pars opercularis	cope	-100.1565230972788	-0.7125029886491098
10803	6	7	Precentral Gyrus	cope	-98.82391845036159	-3.119017392493515
10803	7	8	Temporal Pole	cope	-30.197421851580202	4.436823739837423
10803	8	9	Superior Temporal Gyrus, anterior division	cope	-40.10414551710471	5.419166525969138
10803	9	10	Superior Temporal Gyrus, posterior division	cope	-4.622592117105212	7.7716684828500275
10803	10	11	Middle Temporal Gyrus, anterior division	cope	23.8257184810158	6.958146584053426
10803	11	12	Middle Temporal Gyrus, posterior division	cope	79.8700592442758	4.5253039369011745
10803	12	13	Middle Temporal Gyrus, temporooccipital part	cope	-129.6613185134405	5.512422813536879
10803	13	14	Inferior Temporal Gyrus, anterior division	cope	-50.422519630228976	4.981225912591453
10803	14	15	Inferior Temporal Gyrus, posterior division	cope	9.98316874498803	-1.9904510645823608
10803	15	16	Inferior Temporal Gyrus, temporooccipital part	cope	197.7189749536007	7.351056273494076
10803	16	17	Postcentral Gyrus	cope	-180.6800285393259	-2.5337931214692073
10803	17	18	Superior Parietal Lobule	cope	49.75796276221438	4.614060070600331
10803	18	19	Supramarginal Gyrus, anterior division	cope	-144.24165872898368	-2.162823834239195
10803	19	20	Supramarginal Gyrus, posterior division	cope	-143.6334057232818	2.9181841690332404
10803	20	21	Angular Gyrus	cope	-73.48799928479123	6.748044725899883
10803	21	22	Lateral Occipital Cortex, superior division	cope	191.70264199164924	11.223626324069988
10803	22	23	Lateral Occipital Cortex, inferior division	cope	137.80885808775605	6.552955643118825
10803	23	24	Intracalcarine Cortex	cope	-92.5414685500851	19.42356855709265
10803	24	25	Frontal Medial Cortex	cope	166.36498889940006	0.5611241150462458
10803	25	26	Juxtapositional Lobule Cortex (formerly Supplementary Motor Cortex)	cope	-243.65976871952816	0.20720316978750397
10803	26	27	Subcallosal Cortex	cope	210.51827856898308	3.185891205853281
10803	27	28	Paracingulate Gyrus	cope	183.5202717651087	3.4755032750955883
10803	28	29	Cingulate Gyrus, anterior division	cope	-61.46899753903686	5.373079313024468
10803	29	30	Cingulate Gyrus, posterior division	cope	173.95396764707564	2.7726583574190737
10803	30	31	Precuneous Cortex	cope	157.05962597751036	6.527180802828167
10803	31	32	Cuneal Cortex	cope	-176.32640783696905	18.034738011146068
10803	32	33	Frontal Orbital Cortex	cope	60.761266592552616	3.3603905190467533
10803	33	34	Parahippocampal Gyrus, anterior division	cope	54.658225715770264	-2.7235827251642415
10803	34	35	Parahippocampal Gyrus, posterior division	cope	53.91448341360632	3.2920259907841682
10803	35	36	Lingual Gyrus	cope	-103.5424387491425	13.233760325001318
10803	36	37	Temporal Fusiform Cortex, anterior division	cope	-94.45669917815121	11.882737417910116
10803	37	38	Temporal Fusiform Cortex, posterior division	cope	125.21450186778571	-3.0000668383762883
10803	38	39	Temporal Occipital Fusiform Cortex	cope	187.25881650855268	7.398265390106179
10803	39	40	Occipital Fusiform Gyrus	cope	351.4339639883978	5.729789112321463
10803	40	41	Frontal Operculum Cortex	cope	-300.3262068792051	-2.8129915193098936
10803	41	42	Central Opercular Cortex	cope	-253.02892874727502	-0.17058243341416207
10803	42	43	Parietal Operculum Cortex	cope	-334.0805357163252	0.6855149664041505
10803	43	44	Planum Polare	cope	-164.80423310694803	4.5196485590111495
10803	44	45	Heschl's Gyrus (includes H1 and H2)	cope	-178.71315348642761	13.209721898265217
10803	45	46	Planum Temporale	cope	-178.21707698640896	10.685252577912609
10803	46	47	Supracalcarine Cortex	cope	-21.863208862061196	20.509668895538816
10803	47	48	Occipital Pole	cope	209.60260716028478	7.851252304149148
10804	0	1	Frontal Pole	cope	-73.8693884488517	-3.048290264313323
10804	1	2	Insular Cortex	cope	-50.399052775032686	2.473660829300481
10804	2	3	Superior Frontal Gyrus	cope	-81.11839687740245	-1.3110912810661326
10804	3	4	Middle Frontal Gyrus	cope	-127.83820579921402	-4.1316168414778405
10804	4	5	Inferior Frontal Gyrus, pars triangularis	cope	-89.52614152684397	-2.669733168585055
10804	5	6	Inferior Frontal Gyrus, pars opercularis	cope	-76.4218393112204	-4.261457239618684
10804	6	7	Precentral Gyrus	cope	40.39867542813395	-3.912747961694677
10804	7	8	Temporal Pole	cope	-17.529143206129312	-0.6685680536187428
10804	8	9	Superior Temporal Gyrus, anterior division	cope	25.31079183327846	2.3703880100678174
10804	9	10	Superior Temporal Gyrus, posterior division	cope	-62.70031214611871	0.9239327309580593
10804	10	11	Middle Temporal Gyrus, anterior division	cope	16.51181212356731	1.347441222212875
10804	11	12	Middle Temporal Gyrus, posterior division	cope	-49.797576262207016	2.6775206454390874
10804	12	13	Middle Temporal Gyrus, temporooccipital part	cope	-9.321184459135981	2.386137181892991
10804	13	14	Inferior Temporal Gyrus, anterior division	cope	-54.65884375148976	-0.7872338748410256
10804	14	15	Inferior Temporal Gyrus, posterior division	cope	-35.25400332719946	1.9500878852525696
10804	15	16	Inferior Temporal Gyrus, temporooccipital part	cope	-7.494342109160637	-0.5412745507392309
10804	16	17	Postcentral Gyrus	cope	-18.74426009403623	-4.218220274725362
10804	17	18	Superior Parietal Lobule	cope	-69.55997101825679	-3.481892288073389
10804	18	19	Supramarginal Gyrus, anterior division	cope	-52.851101629270445	-0.2715424969063692
10804	19	20	Supramarginal Gyrus, posterior division	cope	-115.25345503208605	-0.8987266541540472
10804	20	21	Angular Gyrus	cope	-111.08949184304737	3.7223262400390005
10804	21	22	Lateral Occipital Cortex, superior division	cope	-3.166838676078455	-2.8681248449624843
10804	22	23	Lateral Occipital Cortex, inferior division	cope	61.34553419551251	1.7249671822861183
10804	23	24	Intracalcarine Cortex	cope	152.01950784160934	-3.700729872476933
10804	24	25	Frontal Medial Cortex	cope	2.0621364294214453	-1.4687729251656867
10804	25	26	Juxtapositional Lobule Cortex (formerly Supplementary Motor Cortex)	cope	63.92183474582192	1.3186109588242363
10804	26	27	Subcallosal Cortex	cope	-113.99904437477772	3.3702578662679747
10804	27	28	Paracingulate Gyrus	cope	-147.46920652519788	-0.04857043193334667
10804	28	29	Cingulate Gyrus, anterior division	cope	-133.8433127225203	2.704820646681937
10804	29	30	Cingulate Gyrus, posterior division	cope	-39.85200454006876	4.320837829130702
10804	30	31	Precuneous Cortex	cope	64.61947652467039	1.9078262573230906
10804	31	32	Cuneal Cortex	cope	154.51589693515635	-9.459408507634887
10804	32	33	Frontal Orbital Cortex	cope	-87.57602595551673	-0.7083786359907244
10804	33	34	Parahippocampal Gyrus, anterior division	cope	-5.062592715552423	-0.47142059528536734
10804	34	35	Parahippocampal Gyrus, posterior division	cope	-27.52230064149173	5.9627370730534475
10804	35	36	Lingual Gyrus	cope	182.44076271210966	-3.878422743730579
10804	36	37	Temporal Fusiform Cortex, anterior division	cope	-13.770456063831952	-4.15909655450295
10804	37	38	Temporal Fusiform Cortex, posterior division	cope	-9.31960614919406	1.22777905312596
10804	38	39	Temporal Occipital Fusiform Cortex	cope	10.678468006455876	0.029033154503494554
10804	39	40	Occipital Fusiform Gyrus	cope	176.00743768457608	-3.2709936467099037
10804	40	41	Frontal Operculum Cortex	cope	-146.34190053079558	0.26966864614896163
10804	41	42	Central Opercular Cortex	cope	-18.334956435929122	0.6220889825657586
10804	42	43	Parietal Operculum Cortex	cope	2.424766716466942	2.3139964653188505
10804	43	44	Planum Polare	cope	-7.572119507170815	0.5765539581566616
10804	44	45	Heschl's Gyrus (includes H1 and H2)	cope	-29.286666408172607	1.2806709164470298
10804	45	46	Planum Temporale	cope	32.56457771104954	0.10977436109366014
10804	46	47	Supracalcarine Cortex	cope	227.26940887025063	-7.089133655771296
10804	47	48	Occipital Pole	cope	83.11900557926965	-0.6849439850072652
10817	0	1	Frontal Pole	cope	-44.92224568066347	-13.859986435588151
10817	1	2	Insular Cortex	cope	-348.52832911908627	8.295485783375028
10817	2	3	Superior Frontal Gyrus	cope	-46.64088390469034	-12.433214310929825
10817	3	4	Middle Frontal Gyrus	cope	-229.48828722128025	-17.506974452963323
10817	4	5	Inferior Frontal Gyrus, pars triangularis	cope	-326.8965314889173	-10.044446136887878
10817	5	6	Inferior Frontal Gyrus, pars opercularis	cope	-554.9891371100199	1.4840560281680824
10817	6	7	Precentral Gyrus	cope	-246.35717425368932	1.478710946798796
10817	7	8	Temporal Pole	cope	-188.32036871408337	6.399703012993769
10817	8	9	Superior Temporal Gyrus, anterior division	cope	-166.3476538902674	-3.3331302848954993
10817	9	10	Superior Temporal Gyrus, posterior division	cope	-209.60471443183624	-14.903060681077761
10817	10	11	Middle Temporal Gyrus, anterior division	cope	-70.78560021172709	-6.62971036658803
10817	11	12	Middle Temporal Gyrus, posterior division	cope	-9.202049196060939	-19.632575486520704
10817	12	13	Middle Temporal Gyrus, temporooccipital part	cope	-284.0578236684941	-4.4055454231429705
10817	13	14	Inferior Temporal Gyrus, anterior division	cope	-327.9412609247061	16.419320291547468
10817	14	15	Inferior Temporal Gyrus, posterior division	cope	-85.50271335237571	6.011852084533074
10817	15	16	Inferior Temporal Gyrus, temporooccipital part	cope	-361.2057191829072	-5.193594824904993
10817	16	17	Postcentral Gyrus	cope	-181.58863506235667	4.0354394049289555
10817	17	18	Superior Parietal Lobule	cope	-305.2972876783314	-5.814473531436263
10817	18	19	Supramarginal Gyrus, anterior division	cope	-392.97644130653805	8.088622063356969
10817	19	20	Supramarginal Gyrus, posterior division	cope	-424.5287561982669	0.9064831731436661
10817	20	21	Angular Gyrus	cope	-247.676934992904	-16.63834150013813
10817	21	22	Lateral Occipital Cortex, superior division	cope	-209.29245876119725	-10.53092709747251
10817	22	23	Lateral Occipital Cortex, inferior division	cope	-332.0558242796265	-0.05277355685049367
10817	23	24	Intracalcarine Cortex	cope	-244.35406885675883	5.082704451725119
10817	24	25	Frontal Medial Cortex	cope	-50.48108200063097	-7.0788584372411805
10817	25	26	Juxtapositional Lobule Cortex (formerly Supplementary Motor Cortex)	cope	-256.5002363835638	-5.383094354309267
10817	26	27	Subcallosal Cortex	cope	49.68036336428844	0.6073321104049683
10817	27	28	Paracingulate Gyrus	cope	-138.62383848383615	5.8547402991578
10817	28	29	Cingulate Gyrus, anterior division	cope	-166.10972765542692	10.90791019204495
10817	29	30	Cingulate Gyrus, posterior division	cope	1.9727170754500798	-11.396017552341734
10817	30	31	Precuneous Cortex	cope	-47.864632508732505	-13.867525047286655
10817	31	32	Cuneal Cortex	cope	-214.92225329336728	6.713359523783469
10817	32	33	Frontal Orbital Cortex	cope	-199.3228977037759	3.7774369636836314
10817	33	34	Parahippocampal Gyrus, anterior division	cope	-107.79001141702179	13.600835461350801
10817	34	35	Parahippocampal Gyrus, posterior division	cope	-98.16372421237658	1.2975783121332807
10817	35	36	Lingual Gyrus	cope	-261.9447920577729	4.010227937804844
10817	36	37	Temporal Fusiform Cortex, anterior division	cope	-249.33354680419814	10.603087388137554
10817	37	38	Temporal Fusiform Cortex, posterior division	cope	-113.93947943342327	3.984395630192813
10817	38	39	Temporal Occipital Fusiform Cortex	cope	-339.20986753702164	-2.7938692485661014
10817	39	40	Occipital Fusiform Gyrus	cope	-247.78277539570078	2.3099718431198815
10817	40	41	Frontal Operculum Cortex	cope	-394.3545477490465	15.310954337360478
10817	41	42	Central Opercular Cortex	cope	-257.9767848207804	3.3007242606428404
10817	42	43	Parietal Operculum Cortex	cope	-271.9764854343712	5.166695406064769
10817	43	44	Planum Polare	cope	-283.05435152090234	9.414945574136066
10817	44	45	Heschl's Gyrus (includes H1 and H2)	cope	-226.64637088446023	2.662860598535307
10817	45	46	Planum Temporale	cope	-185.23170872870574	5.308425507531437
10817	46	47	Supracalcarine Cortex	cope	-224.92610397744687	9.909383070774059
10817	47	48	Occipital Pole	cope	-156.21353671006455	-0.82931737381
10831	0	1	Frontal Pole	cope	84.78888677547576	2.11870669118397
10831	1	2	Insular Cortex	cope	-147.77111948544893	1.0766885848866192
10831	2	3	Superior Frontal Gyrus	cope	53.68408388202866	5.340170514539647
10831	3	4	Middle Frontal Gyrus	cope	87.65170272179853	11.378916114963957
10831	4	5	Inferior Frontal Gyrus, pars triangularis	cope	27.763887873756776	1.8483272117836007
10831	5	6	Inferior Frontal Gyrus, pars opercularis	cope	-41.8070265570427	3.6630876788585605
10831	6	7	Precentral Gyrus	cope	-28.019258865572198	10.57322764563215
10831	7	8	Temporal Pole	cope	-40.74426466858217	-7.121305474333877
10831	8	9	Superior Temporal Gyrus, anterior division	cope	56.06536306601304	1.9143761485815047
10831	9	10	Superior Temporal Gyrus, posterior division	cope	53.95934873393604	4.170539248335574
10831	10	11	Middle Temporal Gyrus, anterior division	cope	87.01548368566071	-8.357369273545137
10831	11	12	Middle Temporal Gyrus, posterior division	cope	98.05874427375586	-5.365407765939604
10831	12	13	Middle Temporal Gyrus, temporooccipital part	cope	-75.22622473114663	2.337801543544809
10831	13	14	Inferior Temporal Gyrus, anterior division	cope	-101.79795769403673	-12.10663761172069
10831	14	15	Inferior Temporal Gyrus, posterior division	cope	11.081005010266527	-9.206607395845017
10831	15	16	Inferior Temporal Gyrus, temporooccipital part	cope	24.48817786463161	6.311786442202752
10831	16	17	Postcentral Gyrus	cope	-57.007546593948554	8.455290327791895
10831	17	18	Superior Parietal Lobule	cope	-26.751524965222583	3.4502335023770496
10831	18	19	Supramarginal Gyrus, anterior division	cope	-178.2642691049311	1.3881222738918884
10831	19	20	Supramarginal Gyrus, posterior division	cope	-132.6105012695129	-0.23425157148126713
10831	20	21	Angular Gyrus	cope	51.05443150522707	7.773063784966903
10831	21	22	Lateral Occipital Cortex, superior division	cope	128.98129257276062	9.392723124713285
10831	22	23	Lateral Occipital Cortex, inferior division	cope	-23.242173420514412	7.158693135286609
10831	23	24	Intracalcarine Cortex	cope	-36.13574992033294	10.426423239916678
10831	24	25	Frontal Medial Cortex	cope	72.32149561034872	-5.484974611930364
10831	25	26	Juxtapositional Lobule Cortex (formerly Supplementary Motor Cortex)	cope	-102.98539207311902	8.817969810418987
10831	26	27	Subcallosal Cortex	cope	127.40104998957652	0.03788163069492349
10831	27	28	Paracingulate Gyrus	cope	-30.040164553199947	2.7815459090542283
10831	28	29	Cingulate Gyrus, anterior division	cope	-76.85831910107379	-0.6268410903748945
10831	29	30	Cingulate Gyrus, posterior division	cope	-52.08955343450819	-4.7814343394073
10831	30	31	Precuneous Cortex	cope	16.23139137765999	-2.4416517129657156
10831	31	32	Cuneal Cortex	cope	-80.93582592250371	7.882613735657573
10831	32	33	Frontal Orbital Cortex	cope	-48.13532067628753	0.14707133652687127
10831	33	34	Parahippocampal Gyrus, anterior division	cope	8.255441381340534	-18.477958152218992
10831	34	35	Parahippocampal Gyrus, posterior division	cope	-76.4369563692021	-4.978518001482172
10831	35	36	Lingual Gyrus	cope	-151.6898264941537	5.330246049262817
10831	36	37	Temporal Fusiform Cortex, anterior division	cope	-133.6888992431316	-11.474696376750655
10831	37	38	Temporal Fusiform Cortex, posterior division	cope	33.920000418869975	-7.672655828851764
10831	38	39	Temporal Occipital Fusiform Cortex	cope	-134.69693069173456	3.0459393809396254
10831	39	40	Occipital Fusiform Gyrus	cope	106.30235358769649	14.74138399281052
10831	40	41	Frontal Operculum Cortex	cope	-261.4730901290827	0.5503594793864534
10831	41	42	Central Opercular Cortex	cope	-257.8549355916089	4.81307392128577
10831	42	43	Parietal Operculum Cortex	cope	-222.707363172231	4.877702456312774
10831	43	44	Planum Polare	cope	-183.1598997725785	-0.8635888319633162
10831	44	45	Heschl's Gyrus (includes H1 and H2)	cope	-239.52891790921788	6.443342960649921
10831	45	46	Planum Temporale	cope	-130.47392019109384	9.883492821306403
10831	46	47	Supracalcarine Cortex	cope	-68.9086276926893	7.503147169155009
10831	47	48	Occipital Pole	cope	121.734448615816	12.843323581913603
10834	0	1	Frontal Pole	cope	-36.16635773255459	-2.7835995473589845
10834	1	2	Insular Cortex	cope	10.936939653375598	-3.0624443335805975
10834	2	3	Superior Frontal Gyrus	cope	-75.63422522556233	-0.6626723355990055
10834	3	4	Middle Frontal Gyrus	cope	27.667728114199292	-1.7515162140049114
10834	4	5	Inferior Frontal Gyrus, pars triangularis	cope	-89.75169163251962	-1.3369068298104365
10834	5	6	Inferior Frontal Gyrus, pars opercularis	cope	-48.86239901295825	-3.682691554942248
10834	6	7	Precentral Gyrus	cope	-7.6724256630975916	-0.23301295631954536
10834	7	8	Temporal Pole	cope	-111.8195010799323	-1.9844815282068378
10834	8	9	Superior Temporal Gyrus, anterior division	cope	-126.17660835584005	-1.8251423052010627
10834	9	10	Superior Temporal Gyrus, posterior division	cope	-35.84131829653467	-3.911268859887012
10834	10	11	Middle Temporal Gyrus, anterior division	cope	-175.812586569964	1.3673264078934912
10834	11	12	Middle Temporal Gyrus, posterior division	cope	-54.56278575680001	-0.025781913072408246
10834	12	13	Middle Temporal Gyrus, temporooccipital part	cope	34.32706190747154	-1.086512466836474
10834	13	14	Inferior Temporal Gyrus, anterior division	cope	-145.03574440324095	-4.322393069627899
10834	14	15	Inferior Temporal Gyrus, posterior division	cope	-102.0809728052558	0.9059005795295005
10834	15	16	Inferior Temporal Gyrus, temporooccipital part	cope	40.44878551102619	-0.9108340864785627
10834	16	17	Postcentral Gyrus	cope	-1.690160330819047	-1.1213592889295567
10834	17	18	Superior Parietal Lobule	cope	132.61369608557757	2.8743748143608645
10834	18	19	Supramarginal Gyrus, anterior division	cope	63.33092137133634	0.3451110788689995
10834	19	20	Supramarginal Gyrus, posterior division	cope	62.489671195600486	-3.342228509278691
10834	20	21	Angular Gyrus	cope	-108.44789397669247	-0.15814325422086092
10834	21	22	Lateral Occipital Cortex, superior division	cope	102.87337018336534	2.7445797340938243
10834	22	23	Lateral Occipital Cortex, inferior division	cope	28.529791701428906	0.7827996378425256
10834	23	24	Intracalcarine Cortex	cope	308.3845307650733	1.4352060284625
10834	24	25	Frontal Medial Cortex	cope	-173.6858365683691	-2.3610844678172827
10834	25	26	Juxtapositional Lobule Cortex (formerly Supplementary Motor Cortex)	cope	43.12215191163626	4.113991164356923
10834	26	27	Subcallosal Cortex	cope	22.208551276876378	-7.766264652030972
10834	27	28	Paracingulate Gyrus	cope	-116.32217088389645	-1.8031341292267153
10834	28	29	Cingulate Gyrus, anterior division	cope	-49.43983240594488	-1.8834763356241284
10834	29	30	Cingulate Gyrus, posterior division	cope	-49.33175965452194	4.02601191050373
10834	30	31	Precuneous Cortex	cope	140.985201562476	3.8948694150979097
10834	31	32	Cuneal Cortex	cope	160.74832443334574	2.7660488022819543
10834	32	33	Frontal Orbital Cortex	cope	-45.933960374107315	-4.603188885270147
10834	33	34	Parahippocampal Gyrus, anterior division	cope	-14.043815242373839	-2.4871084035778073
10834	34	35	Parahippocampal Gyrus, posterior division	cope	6.951126281495364	0.29043967766019535
10834	35	36	Lingual Gyrus	cope	175.59989526082387	1.2080632676419458
10834	36	37	Temporal Fusiform Cortex, anterior division	cope	-208.3063654020323	-5.1092261673076775
10834	37	38	Temporal Fusiform Cortex, posterior division	cope	-71.13917449973331	2.553078907175653
10834	38	39	Temporal Occipital Fusiform Cortex	cope	75.95000943493024	-0.256339234527315
10834	39	40	Occipital Fusiform Gyrus	cope	288.3230312782189	-0.658682006149943
10834	40	41	Frontal Operculum Cortex	cope	5.699774018355778	-2.985138090530864
10834	41	42	Central Opercular Cortex	cope	-41.41214447694659	-2.4885234922517836
10834	42	43	Parietal Operculum Cortex	cope	-30.79577542249548	-0.09154838053178667
10834	43	44	Planum Polare	cope	-89.69116875597538	-3.301253320108957
10834	44	45	Heschl's Gyrus (includes H1 and H2)	cope	-47.036418424223974	-1.4676835620904574
10834	45	46	Planum Temporale	cope	-48.24592650753969	-3.438882332382894
10834	46	47	Supracalcarine Cortex	cope	274.74967991037573	1.8392922148267006
10834	47	48	Occipital Pole	cope	102.71265756171557	-2.536869945505418
10838	0	1	Frontal Pole	cope	132.52485246814882	3.6186206387493574
10838	1	2	Insular Cortex	cope	-171.764013198128	-6.130008463152364
10838	2	3	Superior Frontal Gyrus	cope	-18.94534339727341	0.4372699051765856
10838	3	4	Middle Frontal Gyrus	cope	103.10679356240836	4.545652198928491
10838	4	5	Inferior Frontal Gyrus, pars triangularis	cope	-71.8242481979755	-2.295128583933714
10838	5	6	Inferior Frontal Gyrus, pars opercularis	cope	78.39186346763572	-2.8195867619743797
10838	6	7	Precentral Gyrus	cope	33.260614856004736	-0.24352185664415396
10838	7	8	Temporal Pole	cope	-116.67770572155433	-4.623177121042017
10838	8	9	Superior Temporal Gyrus, anterior division	cope	-642.9357111808581	-7.756763425966104
10838	9	10	Superior Temporal Gyrus, posterior division	cope	-364.64410948288906	-6.4244360501648154
10838	10	11	Middle Temporal Gyrus, anterior division	cope	-337.0038908846343	-5.759584340069498
10838	11	12	Middle Temporal Gyrus, posterior division	cope	-180.8906117762796	-5.582763401954343
10838	12	13	Middle Temporal Gyrus, temporooccipital part	cope	-69.07593524971519	-5.2696061934635265
10838	13	14	Inferior Temporal Gyrus, anterior division	cope	-518.280053274166	8.293280309618632
10838	14	15	Inferior Temporal Gyrus, posterior division	cope	-113.82671398747127	1.4979620461172514
10838	15	16	Inferior Temporal Gyrus, temporooccipital part	cope	268.00847656379887	3.0849253996344865
10838	16	17	Postcentral Gyrus	cope	-58.20496596481489	4.8807280384492175
10838	17	18	Superior Parietal Lobule	cope	315.5876365089667	0.6019303669805914
10838	18	19	Supramarginal Gyrus, anterior division	cope	-18.188551602650573	-5.730987451007349
10838	19	20	Supramarginal Gyrus, posterior division	cope	-62.92477218311381	-5.677024811194152
10838	20	21	Angular Gyrus	cope	-171.88795360360712	-1.2607062653056937
10838	21	22	Lateral Occipital Cortex, superior division	cope	-67.1046704168157	3.8878739591098133
10838	22	23	Lateral Occipital Cortex, inferior division	cope	93.52425922720097	2.2806832100117873
10838	23	24	Intracalcarine Cortex	cope	373.7587267500765	0.798360795880657
10838	24	25	Frontal Medial Cortex	cope	65.66200772413971	-6.593416331930364
10838	25	26	Juxtapositional Lobule Cortex (formerly Supplementary Motor Cortex)	cope	-250.63299101510563	-3.6731028818443567
10838	26	27	Subcallosal Cortex	cope	203.67778958219748	-6.170622038552896
10838	27	28	Paracingulate Gyrus	cope	189.03943463260538	-1.0870422813169087
10838	28	29	Cingulate Gyrus, anterior division	cope	126.37549370830342	-5.367944527987659
10838	29	30	Cingulate Gyrus, posterior division	cope	383.86022884525573	-3.369762181361871
10838	30	31	Precuneous Cortex	cope	-50.15409641389921	0.04465093476330871
10838	31	32	Cuneal Cortex	cope	-317.0455081198538	0.7429612554576736
10838	32	33	Frontal Orbital Cortex	cope	118.20027231327266	-10.135003951588187
10838	33	34	Parahippocampal Gyrus, anterior division	cope	108.16727209407671	1.5499472696070387
10838	34	35	Parahippocampal Gyrus, posterior division	cope	-81.36648663124949	1.965801804189412
10838	35	36	Lingual Gyrus	cope	-227.94798991955244	1.8480212581649362
10838	36	37	Temporal Fusiform Cortex, anterior division	cope	-246.6456092080326	-5.746035859517172
10838	37	38	Temporal Fusiform Cortex, posterior division	cope	-115.87282190532159	-1.986045546717493
10838	38	39	Temporal Occipital Fusiform Cortex	cope	2.8173689663032944	-1.0223131283080276
10838	39	40	Occipital Fusiform Gyrus	cope	-137.0229846711188	6.435760624658328
10838	40	41	Frontal Operculum Cortex	cope	118.62064906128315	-10.0717876580536
10838	41	42	Central Opercular Cortex	cope	-366.71925800741593	-1.4520085405154137
10838	42	43	Parietal Operculum Cortex	cope	-563.4608654445652	-7.287431614142536
10838	43	44	Planum Polare	cope	-547.8655835385541	-7.514380246514582
10838	44	45	Heschl's Gyrus (includes H1 and H2)	cope	-219.06236340483213	-13.01118669840872
10838	45	46	Planum Temporale	cope	-496.5691000692072	-9.094235315062415
10838	46	47	Supracalcarine Cortex	cope	48.911763566605586	-2.4135228923021597
10838	47	48	Occipital Pole	cope	438.87838877792825	1.8047606597682484
10843	0	1	Frontal Pole	cope	13.62489937245545	0.4599499509622297
10843	1	2	Insular Cortex	cope	-10.938014567875472	-0.5785075658436132
10843	2	3	Superior Frontal Gyrus	cope	-39.79080862000161	-0.27846040651654536
10843	3	4	Middle Frontal Gyrus	cope	-34.06574142676683	2.6507438036877455
10843	4	5	Inferior Frontal Gyrus, pars triangularis	cope	-6.614902945286637	0.37985558579011003
10843	5	6	Inferior Frontal Gyrus, pars opercularis	cope	-3.988743225105633	2.7354500118944256
10843	6	7	Precentral Gyrus	cope	-26.63727165390349	2.40322516925384
10843	7	8	Temporal Pole	cope	11.662554402290203	-0.0007838506932087986
10843	8	9	Superior Temporal Gyrus, anterior division	cope	24.074437782091973	-0.5153903684937037
10843	9	10	Superior Temporal Gyrus, posterior division	cope	-12.17192043354372	-0.12819365992561563
10843	10	11	Middle Temporal Gyrus, anterior division	cope	17.1688641220776	-4.399453924162619
10843	11	12	Middle Temporal Gyrus, posterior division	cope	2.07980103494062	-1.669478502213815
10843	12	13	Middle Temporal Gyrus, temporooccipital part	cope	36.098586075592074	-1.6774655188007237
10843	13	14	Inferior Temporal Gyrus, anterior division	cope	40.338091872852935	-4.300266081764853
10843	14	15	Inferior Temporal Gyrus, posterior division	cope	32.662789726997424	-0.3910544245780555
10843	15	16	Inferior Temporal Gyrus, temporooccipital part	cope	107.90455797247922	0.841586631131984
10843	16	17	Postcentral Gyrus	cope	-26.376615248479798	1.5893843975846413
10843	17	18	Superior Parietal Lobule	cope	182.77400890375998	7.589121773941662
10843	18	19	Supramarginal Gyrus, anterior division	cope	64.86376967225914	-0.43060008979367986
10843	19	20	Supramarginal Gyrus, posterior division	cope	67.31831171524686	-0.4693162739276886
10843	20	21	Angular Gyrus	cope	-9.862713748333872	-1.3778272094949606
10843	21	22	Lateral Occipital Cortex, superior division	cope	35.20570312648123	2.8704171131568534
10843	22	23	Lateral Occipital Cortex, inferior division	cope	150.52050615758873	-1.1039877771316264
10843	23	24	Intracalcarine Cortex	cope	-77.75040732741587	-3.5908040575110554
10843	24	25	Frontal Medial Cortex	cope	-21.386049924220178	0.09655508340884608
10843	25	26	Juxtapositional Lobule Cortex (formerly Supplementary Motor Cortex)	cope	-29.51732472823681	2.3283307803417177
10843	26	27	Subcallosal Cortex	cope	10.058456143278342	-0.3711398487480787
10843	27	28	Paracingulate Gyrus	cope	68.46231338908312	-3.066739692466374
10843	28	29	Cingulate Gyrus, anterior division	cope	10.687651724459888	-1.9220194897724916
10843	29	30	Cingulate Gyrus, posterior division	cope	118.29224569494383	-4.147331636626739
10843	30	31	Precuneous Cortex	cope	50.66011563030527	-5.640726140468616
10843	31	32	Cuneal Cortex	cope	-160.616563491705	-4.749653566296227
10843	32	33	Frontal Orbital Cortex	cope	-19.85337131648443	0.2056518390270332
10843	33	34	Parahippocampal Gyrus, anterior division	cope	-77.21619139526007	-0.8521662445443238
10843	34	35	Parahippocampal Gyrus, posterior division	cope	54.821888775701794	-0.6329742819211392
10843	35	36	Lingual Gyrus	cope	-70.92057994828534	-2.7329263734017584
10843	36	37	Temporal Fusiform Cortex, anterior division	cope	60.766690151911256	0.980847122497751
10843	37	38	Temporal Fusiform Cortex, posterior division	cope	44.92316141309098	-2.187070275119886
10843	38	39	Temporal Occipital Fusiform Cortex	cope	9.964867697001365	-3.9530507068378786
10843	39	40	Occipital Fusiform Gyrus	cope	21.65857009441572	0.23851553693026395
10843	40	41	Frontal Operculum Cortex	cope	-15.170495568704204	-3.4915448734145453
10843	41	42	Central Opercular Cortex	cope	-13.002687624123089	-3.3754132364970793
10843	42	43	Parietal Operculum Cortex	cope	-47.88790236039059	-2.99365823728335
10843	43	44	Planum Polare	cope	3.9329548555476066	-3.1388723428542407
10843	44	45	Heschl's Gyrus (includes H1 and H2)	cope	-82.36475967701679	-2.2269933929126107
10843	45	46	Planum Temporale	cope	-35.08990440177125	-0.5249758941318757
10843	46	47	Supracalcarine Cortex	cope	-108.33968024938665	-5.959041215083066
10843	47	48	Occipital Pole	cope	124.3917595853107	-1.131053209523887
10850	0	1	Frontal Pole	cope	34.8988904632437	3.041270229499975
10850	1	2	Insular Cortex	cope	-0.10511495681387968	4.554083688474703
10850	2	3	Superior Frontal Gyrus	cope	-19.267613816712334	2.2978207877233743
10850	3	4	Middle Frontal Gyrus	cope	21.6478853459839	2.8152780399186335
10850	4	5	Inferior Frontal Gyrus, pars triangularis	cope	-33.079994685469416	2.9099777654120955
10850	5	6	Inferior Frontal Gyrus, pars opercularis	cope	82.56286797453701	2.311105847324082
10850	6	7	Precentral Gyrus	cope	83.58829351477787	3.4001066779574884
10850	7	8	Temporal Pole	cope	-71.52515522311562	2.800119692081444
10850	8	9	Superior Temporal Gyrus, anterior division	cope	-105.87256788290463	3.526613781849543
10850	9	10	Superior Temporal Gyrus, posterior division	cope	35.76140810600059	3.327163429422812
10850	10	11	Middle Temporal Gyrus, anterior division	cope	-43.81051303045963	3.62112584126446
10850	11	12	Middle Temporal Gyrus, posterior division	cope	2.0332328666281323	2.2282780523894155
10850	12	13	Middle Temporal Gyrus, temporooccipital part	cope	-60.9144082772949	2.831529948333255
10850	13	14	Inferior Temporal Gyrus, anterior division	cope	-75.07871477508687	0.4241868777299774
10850	14	15	Inferior Temporal Gyrus, posterior division	cope	8.777439076114785	-0.5773320619472222
10850	15	16	Inferior Temporal Gyrus, temporooccipital part	cope	-11.476105973729169	1.4685281414875053
10850	16	17	Postcentral Gyrus	cope	77.00264890824971	3.3906907322047197
10850	17	18	Superior Parietal Lobule	cope	76.24199209082627	1.4972764329051018
10850	18	19	Supramarginal Gyrus, anterior division	cope	78.41724894155524	3.851077333472117
10850	19	20	Supramarginal Gyrus, posterior division	cope	71.64755518521007	2.7352345493360977
10850	20	21	Angular Gyrus	cope	25.341866568392756	4.952944725649053
10850	21	22	Lateral Occipital Cortex, superior division	cope	-25.782741171646467	3.682097376943088
10850	22	23	Lateral Occipital Cortex, inferior division	cope	-23.465553626001714	0.4222023541835699
10850	23	24	Intracalcarine Cortex	cope	31.790821546942343	6.8987837940497965
10850	24	25	Frontal Medial Cortex	cope	2.3042717176548977	8.882403825363475
10850	25	26	Juxtapositional Lobule Cortex (formerly Supplementary Motor Cortex)	cope	103.22437160290978	4.484976180866864
10850	26	27	Subcallosal Cortex	cope	62.98432393864943	1.4771907693348252
10850	27	28	Paracingulate Gyrus	cope	3.7304166535949976	6.7175070039523535
10850	28	29	Cingulate Gyrus, anterior division	cope	45.41536027145714	4.2612683315489095
10850	29	30	Cingulate Gyrus, posterior division	cope	-27.73087053759609	7.309814034833706
10850	30	31	Precuneous Cortex	cope	-112.13562232163892	4.173457587439967
10850	31	32	Cuneal Cortex	cope	-24.63602423178912	1.4190871635299103
10850	32	33	Frontal Orbital Cortex	cope	7.5904783219333165	1.9536311895226761
10850	33	34	Parahippocampal Gyrus, anterior division	cope	-44.44644369033322	-1.4771803578658573
10850	34	35	Parahippocampal Gyrus, posterior division	cope	-81.68826666328142	3.21067216156648
10850	35	36	Lingual Gyrus	cope	34.02699935442281	3.880355917858827
10850	36	37	Temporal Fusiform Cortex, anterior division	cope	-17.71996859498058	-3.069601048665874
10850	37	38	Temporal Fusiform Cortex, posterior division	cope	-38.626389739743196	-0.9924697320718557
10850	38	39	Temporal Occipital Fusiform Cortex	cope	9.514138429979734	2.6690273603919565
10850	39	40	Occipital Fusiform Gyrus	cope	92.56048402541091	3.0474776389968756
10850	40	41	Frontal Operculum Cortex	cope	59.47960420416183	4.864602562885325
10850	41	42	Central Opercular Cortex	cope	63.99161282308465	7.540073912746418
10850	42	43	Parietal Operculum Cortex	cope	110.53939063075532	3.185367452926215
10850	43	44	Planum Polare	cope	18.054292001114547	5.917187755888342
10850	44	45	Heschl's Gyrus (includes H1 and H2)	cope	-34.537404802537736	6.911914250646044
10850	45	46	Planum Temporale	cope	12.043663133874825	3.28974172161309
10850	46	47	Supracalcarine Cortex	cope	23.45713148852612	5.347085804222746
10850	47	48	Occipital Pole	cope	40.35562628749476	3.847904326480806
10854	0	1	Frontal Pole	cope	73.88194494311193	-1.295419061515868
10854	1	2	Insular Cortex	cope	22.47929839717919	-0.18436281941330143
10854	2	3	Superior Frontal Gyrus	cope	27.708616902765794	-2.193518821853605
10854	3	4	Middle Frontal Gyrus	cope	-50.183756719817715	-1.7621375743363952
10854	4	5	Inferior Frontal Gyrus, pars triangularis	cope	23.537288420927634	1.4407973447750502
10854	5	6	Inferior Frontal Gyrus, pars opercularis	cope	17.68312444175043	-2.151430387932766
10854	6	7	Precentral Gyrus	cope	21.579887079217073	0.9381695040420418
10854	7	8	Temporal Pole	cope	33.50714264776878	-0.033924194486394915
10854	8	9	Superior Temporal Gyrus, anterior division	cope	15.962534732085008	4.2898957438958
10854	9	10	Superior Temporal Gyrus, posterior division	cope	42.550999288791914	1.0873577146875588
10854	10	11	Middle Temporal Gyrus, anterior division	cope	22.191537754037487	1.161297618111234
10854	11	12	Middle Temporal Gyrus, posterior division	cope	-23.619778352530982	0.0035096070554458056
10854	12	13	Middle Temporal Gyrus, temporooccipital part	cope	28.59473899560257	0.6418385125153494
10854	13	14	Inferior Temporal Gyrus, anterior division	cope	83.83808138208276	0.8523995647594035
10854	14	15	Inferior Temporal Gyrus, posterior division	cope	-21.768378280016474	0.13177850747588368
10854	15	16	Inferior Temporal Gyrus, temporooccipital part	cope	-19.323963464418455	-0.23091260272203318
10854	16	17	Postcentral Gyrus	cope	37.71071712331604	0.3851095547996785
10854	17	18	Superior Parietal Lobule	cope	50.42739244427268	-3.032019895860764
10854	18	19	Supramarginal Gyrus, anterior division	cope	85.60033372188056	-1.92403988536637
10854	19	20	Supramarginal Gyrus, posterior division	cope	45.16126570761506	-0.040948836780404924
10854	20	21	Angular Gyrus	cope	-23.323578791343017	-0.5823554185805322
10854	21	22	Lateral Occipital Cortex, superior division	cope	-5.863994638214739	-1.2488426347949313
10854	22	23	Lateral Occipital Cortex, inferior division	cope	-27.146253572877296	2.3655702803830456
10854	23	24	Intracalcarine Cortex	cope	23.01464697063433	0.6521095941459274
10854	24	25	Frontal Medial Cortex	cope	198.25576253140227	1.3545667499383078
10854	25	26	Juxtapositional Lobule Cortex (formerly Supplementary Motor Cortex)	cope	23.601452823728323	-0.450816599318657
10854	26	27	Subcallosal Cortex	cope	212.5819837799439	-2.279861912776071
10854	27	28	Paracingulate Gyrus	cope	114.43699735515841	-2.209402110182672
10854	28	29	Cingulate Gyrus, anterior division	cope	75.96953877187886	0.12756108204750058
10854	29	30	Cingulate Gyrus, posterior division	cope	109.67785970708302	-3.288350955880646
10854	30	31	Precuneous Cortex	cope	88.70419458013379	-4.262429690117412
10854	31	32	Cuneal Cortex	cope	40.020295520777715	1.2749942967935595
10854	32	33	Frontal Orbital Cortex	cope	60.81873825865961	-0.6468692781812944
10854	33	34	Parahippocampal Gyrus, anterior division	cope	-97.20456408951597	0.7492428664447723
10854	34	35	Parahippocampal Gyrus, posterior division	cope	32.17493849749554	-4.881686014183006
10854	35	36	Lingual Gyrus	cope	14.271757131141728	-0.7524066565445198
10854	36	37	Temporal Fusiform Cortex, anterior division	cope	-56.447997444910364	2.4291681303437933
10854	37	38	Temporal Fusiform Cortex, posterior division	cope	-65.10830202403763	0.14627206358672304
10854	38	39	Temporal Occipital Fusiform Cortex	cope	-61.311350616769595	3.4177662685840215
10854	39	40	Occipital Fusiform Gyrus	cope	-49.60883225801341	4.665014760312411
10854	40	41	Frontal Operculum Cortex	cope	42.44635336940028	-0.022281916373792815
10854	41	42	Central Opercular Cortex	cope	34.74158758392607	1.4067357574969181
10854	42	43	Parietal Operculum Cortex	cope	43.330673410505206	1.437181558242531
10854	43	44	Planum Polare	cope	-8.21279674031921	2.658042064462682
10854	44	45	Heschl's Gyrus (includes H1 and H2)	cope	56.644911834515185	-0.20517248801526525
10854	45	46	Planum Temporale	cope	118.33538491706109	0.9249802958065453
10854	46	47	Supracalcarine Cortex	cope	23.863413773952647	0.3508663357810137
10854	47	48	Occipital Pole	cope	33.752307700034144	2.406405355904487
10857	0	1	Frontal Pole	cope	-169.9017509421705	-2.3076844522763897
10857	1	2	Insular Cortex	cope	-73.47515427535896	1.1833608579806616
10857	2	3	Superior Frontal Gyrus	cope	-233.93543512417457	-0.6489653703175059
10857	3	4	Middle Frontal Gyrus	cope	-152.25414249436574	2.3069846970459564
10857	4	5	Inferior Frontal Gyrus, pars triangularis	cope	-196.88493793519265	1.5244068659136045
10857	5	6	Inferior Frontal Gyrus, pars opercularis	cope	-175.23517130531343	-0.6345073019853728
10857	6	7	Precentral Gyrus	cope	4.80535197207767	1.0981006949240828
10857	7	8	Temporal Pole	cope	-27.692094982042207	-1.743348460653253
10857	8	9	Superior Temporal Gyrus, anterior division	cope	-82.28947503138811	0.6118402839853213
10857	9	10	Superior Temporal Gyrus, posterior division	cope	-99.2489097157082	-0.4448694983654498
10857	10	11	Middle Temporal Gyrus, anterior division	cope	-192.90746318585616	-4.526995862216981
10857	11	12	Middle Temporal Gyrus, posterior division	cope	-168.9665826271645	-3.865999229363692
10857	12	13	Middle Temporal Gyrus, temporooccipital part	cope	-100.41744506953508	-1.0463578423544089
10857	13	14	Inferior Temporal Gyrus, anterior division	cope	-161.27606964111328	-5.540724838317852
10857	14	15	Inferior Temporal Gyrus, posterior division	cope	-42.00411231977712	-1.5761193013120187
10857	15	16	Inferior Temporal Gyrus, temporooccipital part	cope	151.89423695256684	-1.9458032766315363
10857	16	17	Postcentral Gyrus	cope	59.862058019113285	0.35748191868481427
10857	17	18	Superior Parietal Lobule	cope	-138.0934037423822	1.941508212200124
10857	18	19	Supramarginal Gyrus, anterior division	cope	97.5162934676606	-2.417298391178526
10857	19	20	Supramarginal Gyrus, posterior division	cope	-166.19064205121754	-0.542591257305262
10857	20	21	Angular Gyrus	cope	-311.42551849343755	-4.334364689598191
10857	21	22	Lateral Occipital Cortex, superior division	cope	-63.894468444915155	0.7799598094629758
10857	22	23	Lateral Occipital Cortex, inferior division	cope	-23.261605821557946	3.2063810265302677
10857	23	24	Intracalcarine Cortex	cope	245.31533131838307	11.154624839092275
10857	24	25	Frontal Medial Cortex	cope	17.38770680858734	-1.779655264994354
10857	25	26	Juxtapositional Lobule Cortex (formerly Supplementary Motor Cortex)	cope	30.182240322131562	2.1413204720860497
10857	26	27	Subcallosal Cortex	cope	-12.848150719816868	2.362674848506084
10857	27	28	Paracingulate Gyrus	cope	-370.70056778029164	-3.3210445159439144
10857	28	29	Cingulate Gyrus, anterior division	cope	-282.91516591916337	-3.56779432615631
10857	29	30	Cingulate Gyrus, posterior division	cope	-59.61026231332336	-6.7291379607394335
10857	30	31	Precuneous Cortex	cope	-38.04634227010571	-6.738677871984527
10857	31	32	Cuneal Cortex	cope	355.6606866509846	6.188435175086469
10857	32	33	Frontal Orbital Cortex	cope	-93.24571926882163	-2.638963139921516
10857	33	34	Parahippocampal Gyrus, anterior division	cope	156.14548803087885	-3.9210705473082577
10857	34	35	Parahippocampal Gyrus, posterior division	cope	63.093927886351096	-4.4352348330588836
10857	35	36	Lingual Gyrus	cope	257.41073515986653	7.044109214779729
10857	36	37	Temporal Fusiform Cortex, anterior division	cope	247.8601664888098	-5.07456821900733
10857	37	38	Temporal Fusiform Cortex, posterior division	cope	79.01712480687542	-2.9315377696499025
10857	38	39	Temporal Occipital Fusiform Cortex	cope	118.04707642198687	4.068523881701211
10857	39	40	Occipital Fusiform Gyrus	cope	166.56578931772927	3.716542093242755
10857	40	41	Frontal Operculum Cortex	cope	-239.75567376513442	-5.882155972290315
10857	41	42	Central Opercular Cortex	cope	132.08906767453965	2.2392669011978024
10857	42	43	Parietal Operculum Cortex	cope	-5.76714443901393	2.2892429990797933
10857	43	44	Planum Polare	cope	55.282629088136076	2.3928310574985017
10857	44	45	Heschl's Gyrus (includes H1 and H2)	cope	102.20102223383117	5.124711385554707
10857	45	46	Planum Temporale	cope	64.74313183570503	2.437976958797703
10857	46	47	Supracalcarine Cortex	cope	333.94873432402915	11.861985363700288
10857	47	48	Occipital Pole	cope	200.89519153668564	4.459624987911232
10860	0	1	Frontal Pole	cope	-4.713827241577067	9.312265053121841
10860	1	2	Insular Cortex	cope	63.493395387424066	2.048137527907441
10860	2	3	Superior Frontal Gyrus	cope	-45.152224404390026	6.350584879327333
10860	3	4	Middle Frontal Gyrus	cope	20.872090764575386	7.865629907187686
10860	4	5	Inferior Frontal Gyrus, pars triangularis	cope	-157.7883747904946	6.780020286068491
10860	5	6	Inferior Frontal Gyrus, pars opercularis	cope	117.25206720164275	7.486296406604322
10860	6	7	Precentral Gyrus	cope	46.92470632337963	2.7803035411392494
10860	7	8	Temporal Pole	cope	-60.557924835330574	-2.0356389166857713
10860	8	9	Superior Temporal Gyrus, anterior division	cope	-84.50548626459562	-1.0960616936859413
10860	9	10	Superior Temporal Gyrus, posterior division	cope	-11.542681251833965	3.583415067978445
10860	10	11	Middle Temporal Gyrus, anterior division	cope	-103.96324251374202	-1.6765737903207096
10860	11	12	Middle Temporal Gyrus, posterior division	cope	-65.2215441881933	3.90181263555627
10860	12	13	Middle Temporal Gyrus, temporooccipital part	cope	-38.120759189210865	2.717987035436394
10860	13	14	Inferior Temporal Gyrus, anterior division	cope	-78.3379009563542	-1.5078079676057194
10860	14	15	Inferior Temporal Gyrus, posterior division	cope	-2.637726894767744	2.1356795438554474
10860	15	16	Inferior Temporal Gyrus, temporooccipital part	cope	112.1152612614765	11.72186387427596
10860	16	17	Postcentral Gyrus	cope	-29.544975927119022	1.7587076639460966
10860	17	18	Superior Parietal Lobule	cope	2.2880347584254475	2.50461058837809
10860	18	19	Supramarginal Gyrus, anterior division	cope	-14.920144669932348	-0.12527008993482147
10860	19	20	Supramarginal Gyrus, posterior division	cope	-7.3035634940137735	3.710106168186443
10860	20	21	Angular Gyrus	cope	-96.2557069408107	6.2688119800378415
10860	21	22	Lateral Occipital Cortex, superior division	cope	-5.594944775990358	3.1248711133495264
10860	22	23	Lateral Occipital Cortex, inferior division	cope	-57.07179547066063	5.721424901493313
10860	23	24	Intracalcarine Cortex	cope	20.162264504785202	0.031217644070836822
10860	24	25	Frontal Medial Cortex	cope	-151.37395124951152	2.340863620875575
10860	25	26	Juxtapositional Lobule Cortex (formerly Supplementary Motor Cortex)	cope	129.00875265216706	1.4700337852968055
10860	26	27	Subcallosal Cortex	cope	-178.77670606924937	-1.0762057479041127
10860	27	28	Paracingulate Gyrus	cope	-8.03339160392334	9.343287119122051
10860	28	29	Cingulate Gyrus, anterior division	cope	17.627348707854683	5.493286702860841
10860	29	30	Cingulate Gyrus, posterior division	cope	-89.03712515713487	6.827599816410669
10860	30	31	Precuneous Cortex	cope	-125.88359268631166	4.403257063900237
10860	31	32	Cuneal Cortex	cope	-81.34448112246731	2.1935481242598045
10860	32	33	Frontal Orbital Cortex	cope	-96.03639075160027	2.8045707744961113
10860	33	34	Parahippocampal Gyrus, anterior division	cope	-29.59278678570965	-0.5698848843009962
10860	34	35	Parahippocampal Gyrus, posterior division	cope	7.382212048712766	-0.5851925514216693
10860	35	36	Lingual Gyrus	cope	-34.8179826429257	2.562258018793063
10860	36	37	Temporal Fusiform Cortex, anterior division	cope	8.731906507032138	-9.25540572320316
10860	37	38	Temporal Fusiform Cortex, posterior division	cope	-14.103026531649538	-1.678184901707583
10860	38	39	Temporal Occipital Fusiform Cortex	cope	-15.90739827237983	3.3527468444398902
10860	39	40	Occipital Fusiform Gyrus	cope	-38.02104334320178	8.82706076495879
10860	40	41	Frontal Operculum Cortex	cope	-37.92162370941594	5.89276516825712
10860	41	42	Central Opercular Cortex	cope	48.60142101412994	2.1062090573477343
10860	42	43	Parietal Operculum Cortex	cope	-65.20243622945046	2.3401794275032537
10860	43	44	Planum Polare	cope	-39.16870964392451	0.77608742017498
10860	44	45	Heschl's Gyrus (includes H1 and H2)	cope	-10.071746029131424	0.3138853783981042
10860	45	46	Planum Temporale	cope	-5.193289815388888	3.4279534310499757
10860	46	47	Supracalcarine Cortex	cope	-59.47739157270878	0.7177827851252353
10860	47	48	Occipital Pole	cope	-31.323597133706844	4.05792360893919
10863	0	1	Frontal Pole	cope	186.92063378919025	0.6939912008645397
10863	1	2	Insular Cortex	cope	67.79835015952159	-2.843234114934782
10863	2	3	Superior Frontal Gyrus	cope	154.8522272228238	-4.156312833201699
10863	3	4	Middle Frontal Gyrus	cope	270.92099816024876	-0.06359566812371385
10863	4	5	Inferior Frontal Gyrus, pars triangularis	cope	134.67175260022145	-7.85169061707384
10863	5	6	Inferior Frontal Gyrus, pars opercularis	cope	150.92611491051417	-5.044676926407658
10863	6	7	Precentral Gyrus	cope	110.14669553308771	-2.0840054495353884
10863	7	8	Temporal Pole	cope	-22.230997058350713	-3.2854143133694196
10863	8	9	Superior Temporal Gyrus, anterior division	cope	-91.88978139070365	-6.194660949391815
10863	9	10	Superior Temporal Gyrus, posterior division	cope	46.539714396773995	-3.396741910831543
10863	10	11	Middle Temporal Gyrus, anterior division	cope	-76.61626770665397	-4.201088519383277
10863	11	12	Middle Temporal Gyrus, posterior division	cope	51.069555750470094	-1.482574349384996
10863	12	13	Middle Temporal Gyrus, temporooccipital part	cope	-38.02782265860408	-2.4683935837141218
10863	13	14	Inferior Temporal Gyrus, anterior division	cope	-44.39841210983209	-1.6034343687241577
10863	14	15	Inferior Temporal Gyrus, posterior division	cope	19.260138028625505	0.6031975577732015
10863	15	16	Inferior Temporal Gyrus, temporooccipital part	cope	124.3170673369027	5.552582761847915
10863	16	17	Postcentral Gyrus	cope	89.19915737101566	-2.912385226377671
10863	17	18	Superior Parietal Lobule	cope	124.3158212211423	-1.0610408949423729
10863	18	19	Supramarginal Gyrus, anterior division	cope	105.06800284559527	-3.4774875414678483
10863	19	20	Supramarginal Gyrus, posterior division	cope	139.6624137889839	-1.8438132574983142
10863	20	21	Angular Gyrus	cope	146.51482335326787	-2.592216372651847
10863	21	22	Lateral Occipital Cortex, superior division	cope	155.5426812820835	0.5826955195607322
10863	22	23	Lateral Occipital Cortex, inferior division	cope	134.05815076543462	2.115751028813469
10863	23	24	Intracalcarine Cortex	cope	326.2035428299514	-2.27002803669293
10863	24	25	Frontal Medial Cortex	cope	-9.327191045098271	-6.00013564670366
10863	25	26	Juxtapositional Lobule Cortex (formerly Supplementary Motor Cortex)	cope	163.0808112581034	-7.555609554731967
10863	26	27	Subcallosal Cortex	cope	-41.02783305003093	3.0402534287601997
10863	27	28	Paracingulate Gyrus	cope	212.49382804019788	-5.728898503109654
10863	28	29	Cingulate Gyrus, anterior division	cope	97.42003105732344	-4.546482486006531
10863	29	30	Cingulate Gyrus, posterior division	cope	117.59633228050811	0.9608641214948147
10863	30	31	Precuneous Cortex	cope	88.87917932259768	2.914075532099403
10863	31	32	Cuneal Cortex	cope	182.60656819739143	0.8111062603052747
10863	32	33	Frontal Orbital Cortex	cope	88.36369704451006	1.9598086229704648
10863	33	34	Parahippocampal Gyrus, anterior division	cope	-32.775766364636674	-1.0097639353021741
10863	34	35	Parahippocampal Gyrus, posterior division	cope	42.5140657582373	-3.0222373044153428
10863	35	36	Lingual Gyrus	cope	235.79234515788403	0.09750311443309284
10863	36	37	Temporal Fusiform Cortex, anterior division	cope	62.85822853044415	-1.6364495326758277
10863	37	38	Temporal Fusiform Cortex, posterior division	cope	-5.773894274065499	-0.25566910500794476
10863	38	39	Temporal Occipital Fusiform Cortex	cope	140.33431569002502	1.1007906949454094
10863	39	40	Occipital Fusiform Gyrus	cope	356.42845531341135	6.7807086287359155
10863	40	41	Frontal Operculum Cortex	cope	-34.74818716680302	-8.745000556377429
10863	41	42	Central Opercular Cortex	cope	130.64874516621975	-4.947433325393765
10863	42	43	Parietal Operculum Cortex	cope	108.90198932385762	-7.738108101192162
10863	43	44	Planum Polare	cope	11.361379288193834	0.5180788714694613
10863	44	45	Heschl's Gyrus (includes H1 and H2)	cope	149.0774993912965	-5.472555354752574
10863	45	46	Planum Temporale	cope	115.3801069044588	-4.7721657671570945
10863	46	47	Supracalcarine Cortex	cope	434.85420156032484	-0.8556988596163214
10863	47	48	Occipital Pole	cope	153.5065549614382	3.641564143205259
10875	0	1	Frontal Pole	cope	54.33014305220478	-0.04666313271397534
10875	1	2	Insular Cortex	cope	102.6643242870198	0.18730172959554006
10875	2	3	Superior Frontal Gyrus	cope	53.45337253309147	-3.594574681058465
10875	3	4	Middle Frontal Gyrus	cope	74.41335166607487	-2.9133498611788378
10875	4	5	Inferior Frontal Gyrus, pars triangularis	cope	-15.400664540264037	-5.002133122559876
10875	5	6	Inferior Frontal Gyrus, pars opercularis	cope	-50.96159861688277	-4.5463896202041205
10875	6	7	Precentral Gyrus	cope	65.00815415558405	0.7306738842458678
10875	7	8	Temporal Pole	cope	-15.515137283843565	-1.2124928516199565
10875	8	9	Superior Temporal Gyrus, anterior division	cope	45.768630649225834	-3.717970855008715
10875	9	10	Superior Temporal Gyrus, posterior division	cope	-22.89626948632203	-1.834883631754352
10875	10	11	Middle Temporal Gyrus, anterior division	cope	-20.42105616889338	1.168525201349116
10875	11	12	Middle Temporal Gyrus, posterior division	cope	20.409956280539628	0.21799113553706667
10875	12	13	Middle Temporal Gyrus, temporooccipital part	cope	81.31499463557542	-1.7109342951819486
10875	13	14	Inferior Temporal Gyrus, anterior division	cope	-25.704329142909078	-2.854500036047408
10875	14	15	Inferior Temporal Gyrus, posterior division	cope	49.297312966735824	2.4743007380017668
10875	15	16	Inferior Temporal Gyrus, temporooccipital part	cope	139.3963400149968	2.7337765386849364
10875	16	17	Postcentral Gyrus	cope	131.21724553160047	2.2297926727419153
10875	17	18	Superior Parietal Lobule	cope	81.6023048561389	0.7904415164812617
10875	18	19	Supramarginal Gyrus, anterior division	cope	110.07348902744276	3.02275040313705
10875	19	20	Supramarginal Gyrus, posterior division	cope	91.10174971818924	-0.3526663180732096
10875	20	21	Angular Gyrus	cope	-11.212306837508748	-2.086022006495732
10875	21	22	Lateral Occipital Cortex, superior division	cope	68.73742603799514	-0.9331437593301302
10875	22	23	Lateral Occipital Cortex, inferior division	cope	24.033488597614284	2.284562751614871
10875	23	24	Intracalcarine Cortex	cope	163.6231820455205	4.632449979015086
10875	24	25	Frontal Medial Cortex	cope	-40.52935584978009	6.7546011042378264
10875	25	26	Juxtapositional Lobule Cortex (formerly Supplementary Motor Cortex)	cope	111.95015984632678	4.753041153078319
10875	26	27	Subcallosal Cortex	cope	24.85864932330755	0.8735957226357781
10875	27	28	Paracingulate Gyrus	cope	32.549218381075725	0.34289877639436706
10875	28	29	Cingulate Gyrus, anterior division	cope	96.72447934209357	2.5748494706551694
10875	29	30	Cingulate Gyrus, posterior division	cope	-8.541114769118172	0.738183527510081
10875	30	31	Precuneous Cortex	cope	-1.6704462674769283	-3.2840216848227692
10875	31	32	Cuneal Cortex	cope	114.34787236613339	0.022448669119579035
10875	32	33	Frontal Orbital Cortex	cope	-5.674051989969933	-0.9106135953617129
10875	33	34	Parahippocampal Gyrus, anterior division	cope	55.58925124950114	3.4928153211135515
10875	34	35	Parahippocampal Gyrus, posterior division	cope	-1.6533060154824886	2.280524333482081
10875	35	36	Lingual Gyrus	cope	138.33965244270289	2.209061567574317
10875	36	37	Temporal Fusiform Cortex, anterior division	cope	-63.89379280256041	-1.4970659553634782
10875	37	38	Temporal Fusiform Cortex, posterior division	cope	12.033970371452954	1.094359563197139
10875	38	39	Temporal Occipital Fusiform Cortex	cope	35.80994555200526	1.2944603826889387
10875	39	40	Occipital Fusiform Gyrus	cope	131.4761068350678	3.2769897710254483
10875	40	41	Frontal Operculum Cortex	cope	-60.04533678193052	-0.6146102946431634
10875	41	42	Central Opercular Cortex	cope	139.0023008898294	2.2817797583689257
10875	42	43	Parietal Operculum Cortex	cope	92.65274082438141	1.2711428384802441
10875	43	44	Planum Polare	cope	98.73652545300149	-0.16336561237570282
10875	44	45	Heschl's Gyrus (includes H1 and H2)	cope	136.0093191505028	1.7387676016976927
10875	45	46	Planum Temporale	cope	93.05464904043318	0.9179528293488779
10875	46	47	Supracalcarine Cortex	cope	142.31194806606212	4.556157828140211
10875	47	48	Occipital Pole	cope	127.11538894128657	5.546708863563565
10887	0	1	Frontal Pole	cope	76.87783593584312	-3.4450611417056285
10887	1	2	Insular Cortex	cope	-213.87778544071756	-1.2460681230925237
10887	2	3	Superior Frontal Gyrus	cope	-77.91840397357838	-5.456195502554883
10887	3	4	Middle Frontal Gyrus	cope	-20.470183394845087	-4.332113020827519
10887	4	5	Inferior Frontal Gyrus, pars triangularis	cope	-254.47728205875518	-3.9613083599118193
10887	5	6	Inferior Frontal Gyrus, pars opercularis	cope	-108.03024309696318	-2.548604132095179
10887	6	7	Precentral Gyrus	cope	-7.975013558418528	-1.5810822915578207
10887	7	8	Temporal Pole	cope	-123.14688572634599	-5.652110712689699
10887	8	9	Superior Temporal Gyrus, anterior division	cope	-3.1951971341402103	-7.050102764024184
10887	9	10	Superior Temporal Gyrus, posterior division	cope	-114.38966263075928	-3.7271721313296298
10887	10	11	Middle Temporal Gyrus, anterior division	cope	55.89521043905572	-6.480430650711059
10887	11	12	Middle Temporal Gyrus, posterior division	cope	-57.76254472089379	-5.1210464690158535
10887	12	13	Middle Temporal Gyrus, temporooccipital part	cope	-162.50041264676818	-2.0382871025061284
10887	13	14	Inferior Temporal Gyrus, anterior division	cope	-130.16986653649596	-6.367823356839679
10887	14	15	Inferior Temporal Gyrus, posterior division	cope	-5.5680872538930295	-0.5268028989256651
10887	15	16	Inferior Temporal Gyrus, temporooccipital part	cope	19.197498239020803	-6.925318359713584
10887	16	17	Postcentral Gyrus	cope	-55.947937739099494	-1.7951639129439085
10887	17	18	Superior Parietal Lobule	cope	-38.12721099510906	-0.11215617625517013
10887	18	19	Supramarginal Gyrus, anterior division	cope	-16.222345453200656	1.8968680823299413
10887	19	20	Supramarginal Gyrus, posterior division	cope	-99.39333700271877	-0.7702296943955966
10887	20	21	Angular Gyrus	cope	-71.31163570961826	-1.8418766952020489
10887	21	22	Lateral Occipital Cortex, superior division	cope	3.780416600438242	-4.695902914933453
10887	22	23	Lateral Occipital Cortex, inferior division	cope	138.15828427183365	-5.391152397783288
10887	23	24	Intracalcarine Cortex	cope	134.08789520371516	-2.8261335749452723
10887	24	25	Frontal Medial Cortex	cope	-116.89370307093816	-4.058914644574311
10887	25	26	Juxtapositional Lobule Cortex (formerly Supplementary Motor Cortex)	cope	-136.20534215761802	-5.630272642784828
10887	26	27	Subcallosal Cortex	cope	-138.90659426657052	0.478105453774333
10887	27	28	Paracingulate Gyrus	cope	-61.47590064506206	-7.651267679494278
10887	28	29	Cingulate Gyrus, anterior division	cope	-144.05498235666397	-4.592707690982132
10887	29	30	Cingulate Gyrus, posterior division	cope	46.6315623027661	-10.92082401712558
10887	30	31	Precuneous Cortex	cope	14.345956348743067	-9.429540522161142
10887	31	32	Cuneal Cortex	cope	41.20646537377802	-2.8083785163510195
10887	32	33	Frontal Orbital Cortex	cope	-151.72473977503407	-2.7746894709884695
10887	33	34	Parahippocampal Gyrus, anterior division	cope	-201.2194300001174	-2.3483213776829692
10887	34	35	Parahippocampal Gyrus, posterior division	cope	-10.715262069342272	-8.951574096308564
10887	35	36	Lingual Gyrus	cope	214.24067705467886	-4.87463541432823
10887	36	37	Temporal Fusiform Cortex, anterior division	cope	-281.9361016699608	-3.8682358366278735
10887	37	38	Temporal Fusiform Cortex, posterior division	cope	-40.839108506496515	-2.3493686199249146
10887	38	39	Temporal Occipital Fusiform Cortex	cope	71.17538452687359	-5.217309653580064
10887	39	40	Occipital Fusiform Gyrus	cope	368.0262991962812	-9.88123651876026
10887	40	41	Frontal Operculum Cortex	cope	-188.8548817524389	4.1359239120443325
10887	41	42	Central Opercular Cortex	cope	-226.5767793168595	-2.7562388808157876
10887	42	43	Parietal Operculum Cortex	cope	-75.14083601534367	-0.14699053954921643
10887	43	44	Planum Polare	cope	5.726248148743433	0.12192902268969831
10887	44	45	Heschl's Gyrus (includes H1 and H2)	cope	-159.22273105291933	-5.642463336763088
10887	45	46	Planum Temporale	cope	-29.169800607905493	-2.4812286569636286
10887	46	47	Supracalcarine Cortex	cope	58.39888871064846	-4.476597113033232
10887	47	48	Occipital Pole	cope	150.6252389356116	-5.726311558378754
10896	0	1	Frontal Pole	cope	-2.29954558492227	-1.0316276405933154
10896	1	2	Insular Cortex	cope	-29.755958507982555	1.309109442577016
10896	2	3	Superior Frontal Gyrus	cope	-15.402002783571366	0.14103371306045462
10896	3	4	Middle Frontal Gyrus	cope	-113.22578616497576	1.6744187793164942
10896	4	5	Inferior Frontal Gyrus, pars triangularis	cope	-75.51735917198549	2.5536842648871243
10896	5	6	Inferior Frontal Gyrus, pars opercularis	cope	-18.946109293672674	5.08386950879652
10896	6	7	Precentral Gyrus	cope	-48.3748028899071	5.569275644058742
10896	7	8	Temporal Pole	cope	-21.21743078251081	0.3271710359931638
10896	8	9	Superior Temporal Gyrus, anterior division	cope	-32.03295735946068	4.519406987191775
10896	9	10	Superior Temporal Gyrus, posterior division	cope	-27.475210029680234	4.191285374593262
10896	10	11	Middle Temporal Gyrus, anterior division	cope	-11.116309961987966	1.8910389232421432
10896	11	12	Middle Temporal Gyrus, posterior division	cope	52.3287526954098	2.5512355503878323
10896	12	13	Middle Temporal Gyrus, temporooccipital part	cope	-87.73983894655433	2.0298330713155712
10896	13	14	Inferior Temporal Gyrus, anterior division	cope	-22.134192175237384	-1.6183820478177282
10896	14	15	Inferior Temporal Gyrus, posterior division	cope	64.70254924265615	-0.22632236576777473
10896	15	16	Inferior Temporal Gyrus, temporooccipital part	cope	-81.84462278175043	2.4168381825812273
10896	16	17	Postcentral Gyrus	cope	-77.7625173793231	2.9422066037988532
10896	17	18	Superior Parietal Lobule	cope	51.31872021260224	2.5592060104315597
10896	18	19	Supramarginal Gyrus, anterior division	cope	-7.813380097439167	1.1531402166294693
10896	19	20	Supramarginal Gyrus, posterior division	cope	-11.819005265993042	3.535651411065532
10896	20	21	Angular Gyrus	cope	-57.39555543238148	-0.3380952285742151
10896	21	22	Lateral Occipital Cortex, superior division	cope	-66.508340860923	0.8297503440389148
10896	22	23	Lateral Occipital Cortex, inferior division	cope	-68.59791837273511	5.038867910380461
10896	23	24	Intracalcarine Cortex	cope	-79.52072219159237	11.182250732045027
10896	24	25	Frontal Medial Cortex	cope	180.94277246454928	-5.691625708324425
10896	25	26	Juxtapositional Lobule Cortex (formerly Supplementary Motor Cortex)	cope	-21.628579668700695	6.196878994714368
10896	26	27	Subcallosal Cortex	cope	-51.17268817803034	3.893732469586226
10896	27	28	Paracingulate Gyrus	cope	113.91967917141366	2.593693182768887
10896	28	29	Cingulate Gyrus, anterior division	cope	168.64282112833806	3.005177305758757
10896	29	30	Cingulate Gyrus, posterior division	cope	110.42362825596332	-5.464511925835694
10896	30	31	Precuneous Cortex	cope	-30.525247099523785	-2.514570075779263
10896	31	32	Cuneal Cortex	cope	-163.90170061019995	0.4897424716785335
10896	32	33	Frontal Orbital Cortex	cope	97.85867654581773	1.6710779273550262
10896	33	34	Parahippocampal Gyrus, anterior division	cope	63.09579260944002	-2.957050277921577
10896	34	35	Parahippocampal Gyrus, posterior division	cope	-145.38345928394568	-0.47650628044920146
10896	35	36	Lingual Gyrus	cope	-105.73090302421738	1.7138059367173113
10896	36	37	Temporal Fusiform Cortex, anterior division	cope	89.76342823403947	-2.011175110724801
10896	37	38	Temporal Fusiform Cortex, posterior division	cope	-7.774320928447218	0.8657455826162164
10896	38	39	Temporal Occipital Fusiform Cortex	cope	-87.8505165843128	1.6430908570682485
10896	39	40	Occipital Fusiform Gyrus	cope	68.4850225061725	0.246845437722873
10896	40	41	Frontal Operculum Cortex	cope	25.83029778902771	4.551609634664379
10896	41	42	Central Opercular Cortex	cope	-67.85154604361205	1.9436812574382534
10896	42	43	Parietal Operculum Cortex	cope	-170.66136828654913	2.458710167717737
10896	43	44	Planum Polare	cope	-104.64602540217282	-0.025413928333072718
10896	44	45	Heschl's Gyrus (includes H1 and H2)	cope	-67.3796542080866	0.663203089485108
10896	45	46	Planum Temporale	cope	-60.39448358411604	1.7730967045305013
10896	46	47	Supracalcarine Cortex	cope	-94.2457624547025	7.726071751498162
10896	47	48	Occipital Pole	cope	47.80422575281854	2.5634765960087478
10897	0	1	Frontal Pole	cope	64.89111649334022	-4.288749517492912
10897	1	2	Insular Cortex	cope	-242.64069848072518	0.21629097231770636
10897	2	3	Superior Frontal Gyrus	cope	-104.02959940475893	-3.6952388326363623
10897	3	4	Middle Frontal Gyrus	cope	5.416963168228263	-10.68377149058269
10897	4	5	Inferior Frontal Gyrus, pars triangularis	cope	-30.762188100213304	-7.875383979581091
10897	5	6	Inferior Frontal Gyrus, pars opercularis	cope	-180.22314387748233	-3.591062693278475
10897	6	7	Precentral Gyrus	cope	-94.651264436847	-0.3287230030901175
10897	7	8	Temporal Pole	cope	-7.229655431601063	-5.795915051974644
10897	8	9	Superior Temporal Gyrus, anterior division	cope	-8.383957054676154	-3.197666614731917
10897	9	10	Superior Temporal Gyrus, posterior division	cope	-75.68104234802259	-7.58539104713248
10897	10	11	Middle Temporal Gyrus, anterior division	cope	7.90273628266	-10.56418705100833
10897	11	12	Middle Temporal Gyrus, posterior division	cope	-28.806265943783075	-11.738834106952336
10897	12	13	Middle Temporal Gyrus, temporooccipital part	cope	-22.778192342147538	-13.418299104493148
10897	13	14	Inferior Temporal Gyrus, anterior division	cope	155.1158943303238	-5.984564513122366
10897	14	15	Inferior Temporal Gyrus, posterior division	cope	25.16294163095449	-2.6529993287400195
10897	15	16	Inferior Temporal Gyrus, temporooccipital part	cope	-42.958955352262265	-1.9742874668271684
10897	16	17	Postcentral Gyrus	cope	-122.42575015745733	1.1653659734356663
10897	17	18	Superior Parietal Lobule	cope	-38.96996969313133	-1.6121113197853558
10897	18	19	Supramarginal Gyrus, anterior division	cope	-79.08598535877687	4.559432210415899
10897	19	20	Supramarginal Gyrus, posterior division	cope	7.158340696346116	-6.242860407311771
10897	20	21	Angular Gyrus	cope	-99.63006805571808	-16.70633476373839
10897	21	22	Lateral Occipital Cortex, superior division	cope	-20.19574958734856	-2.6462973067094033
10897	22	23	Lateral Occipital Cortex, inferior division	cope	48.62733152876555	-5.077327089835569
10897	23	24	Intracalcarine Cortex	cope	537.6151271348797	2.303576659722841
10897	24	25	Frontal Medial Cortex	cope	287.36913389369107	-6.198465415587028
10897	25	26	Juxtapositional Lobule Cortex (formerly Supplementary Motor Cortex)	cope	-174.7580139333181	0.797539474782408
10897	26	27	Subcallosal Cortex	cope	84.81505063130305	-2.213889271651323
10897	27	28	Paracingulate Gyrus	cope	72.63377176457796	1.451698591594312
10897	28	29	Cingulate Gyrus, anterior division	cope	-51.29675300021545	0.08565084315921274
10897	29	30	Cingulate Gyrus, posterior division	cope	102.05419176064218	-7.2976082237937625
10897	30	31	Precuneous Cortex	cope	147.6045238810509	-4.353844431639402
10897	31	32	Cuneal Cortex	cope	333.25737204044196	-0.7041656776380926
10897	32	33	Frontal Orbital Cortex	cope	-95.95877732083119	-6.40558025399479
10897	33	34	Parahippocampal Gyrus, anterior division	cope	64.50648492210405	-2.446848529492854
10897	34	35	Parahippocampal Gyrus, posterior division	cope	-75.48541991035893	-1.9811518779200203
10897	35	36	Lingual Gyrus	cope	225.95584725764115	1.9773215159426938
10897	36	37	Temporal Fusiform Cortex, anterior division	cope	36.53893445400482	-0.5986540432200365
10897	37	38	Temporal Fusiform Cortex, posterior division	cope	-69.09522351116044	-0.9055593266390687
10897	38	39	Temporal Occipital Fusiform Cortex	cope	31.412222236448773	-2.3120320660363594
10897	39	40	Occipital Fusiform Gyrus	cope	153.96961077063455	-3.749761552920149
10897	40	41	Frontal Operculum Cortex	cope	25.496134177476417	2.9392593476076088
10897	41	42	Central Opercular Cortex	cope	-232.29772834090892	-1.3844480566950816
10897	42	43	Parietal Operculum Cortex	cope	-34.02607595848704	-1.972178899735061
10897	43	44	Planum Polare	cope	-105.3567425433461	1.3893938990636865
10897	44	45	Heschl's Gyrus (includes H1 and H2)	cope	-11.865221933285762	-1.0341741545321657
10897	45	46	Planum Temporale	cope	-37.81973416702899	1.0630250058505797
10897	46	47	Supracalcarine Cortex	cope	292.06224225429776	3.19481832970013
10897	47	48	Occipital Pole	cope	188.82217978878882	-3.390378306317496
10908	0	1	Frontal Pole	cope	6.496140721574639	-2.8246543444909666
10908	1	2	Insular Cortex	cope	18.553189998278853	-6.8514325536737894
10908	2	3	Superior Frontal Gyrus	cope	-39.83550160815689	-1.5790850461409067
10908	3	4	Middle Frontal Gyrus	cope	-82.5958617779749	1.260266673728274
10908	4	5	Inferior Frontal Gyrus, pars triangularis	cope	158.40656633606744	1.7078233769082318
10908	5	6	Inferior Frontal Gyrus, pars opercularis	cope	146.5918627833345	1.9403435500117094
10908	6	7	Precentral Gyrus	cope	56.790091790179574	-2.80121060334835
10908	7	8	Temporal Pole	cope	84.54486921120947	-0.8607819575299869
10908	8	9	Superior Temporal Gyrus, anterior division	cope	101.13548287734007	0.9306904664788491
10908	9	10	Superior Temporal Gyrus, posterior division	cope	40.81898603685104	1.5045337655140063
10908	10	11	Middle Temporal Gyrus, anterior division	cope	55.90299961068737	1.2939379304981053
10908	11	12	Middle Temporal Gyrus, posterior division	cope	18.870938897567246	0.4736421996922685
10908	12	13	Middle Temporal Gyrus, temporooccipital part	cope	114.44103601570798	3.3494661191844752
10908	13	14	Inferior Temporal Gyrus, anterior division	cope	-21.759504405351784	4.72444825112467
10908	14	15	Inferior Temporal Gyrus, posterior division	cope	-65.28189924590603	9.409601975364524
10908	15	16	Inferior Temporal Gyrus, temporooccipital part	cope	-162.50731862123723	6.106230760490132
10908	16	17	Postcentral Gyrus	cope	113.32712778438693	-2.8454056289986425
10908	17	18	Superior Parietal Lobule	cope	-79.97520748418303	-0.8077411721766073
10908	18	19	Supramarginal Gyrus, anterior division	cope	49.961376049783496	-4.139068330355265
10908	19	20	Supramarginal Gyrus, posterior division	cope	-21.46472206405691	0.6522089663553178
10908	20	21	Angular Gyrus	cope	-22.520149540657243	4.0048473474716175
10908	21	22	Lateral Occipital Cortex, superior division	cope	-92.79168827132575	0.7265257460636083
10908	22	23	Lateral Occipital Cortex, inferior division	cope	-180.13278660433477	3.9623614587696054
10908	23	24	Intracalcarine Cortex	cope	160.06067070260585	-1.0531141557567663
10908	24	25	Frontal Medial Cortex	cope	-234.77069837784936	-7.462516170470638
10908	25	26	Juxtapositional Lobule Cortex (formerly Supplementary Motor Cortex)	cope	69.60988928498449	-5.809496047579356
10908	26	27	Subcallosal Cortex	cope	-229.04788368871579	-3.0780782704098293
10908	27	28	Paracingulate Gyrus	cope	10.106778139317216	-6.4432056292436855
10908	28	29	Cingulate Gyrus, anterior division	cope	18.05499682461811	-4.387605594698008
10908	29	30	Cingulate Gyrus, posterior division	cope	-48.81685887363979	-2.586837026058297
10908	30	31	Precuneous Cortex	cope	-33.683122267848134	1.6882521834847157
10908	31	32	Cuneal Cortex	cope	109.36349111242001	-1.9292237659185265
10908	32	33	Frontal Orbital Cortex	cope	-116.74113705566982	-2.3394714561346985
10908	33	34	Parahippocampal Gyrus, anterior division	cope	-242.1876533253003	4.9389839921871905
10908	34	35	Parahippocampal Gyrus, posterior division	cope	-73.72780223252639	0.6992665023630801
10908	35	36	Lingual Gyrus	cope	-87.82192480002459	-3.01105335697132
10908	36	37	Temporal Fusiform Cortex, anterior division	cope	-35.142163775491376	-3.1902933248074343
10908	37	38	Temporal Fusiform Cortex, posterior division	cope	-165.86067642443356	7.129569856440344
10908	38	39	Temporal Occipital Fusiform Cortex	cope	-179.3433745411405	-0.2316247203756144
10908	39	40	Occipital Fusiform Gyrus	cope	-57.91509302289707	-1.5564775454305506
10908	40	41	Frontal Operculum Cortex	cope	5.897668768503085	-11.23155265951044
10908	41	42	Central Opercular Cortex	cope	24.761714561156865	-9.097893287250198
10908	42	43	Parietal Operculum Cortex	cope	37.45631446481356	-6.656064349487849
10908	43	44	Planum Polare	cope	75.39742351442803	-6.8244793492987865
10908	44	45	Heschl's Gyrus (includes H1 and H2)	cope	190.93620203716964	-7.313109232190018
10908	45	46	Planum Temporale	cope	138.4210534912645	-5.112281826435694
10908	46	47	Supracalcarine Cortex	cope	198.3795398981013	-0.49767469000467596
10908	47	48	Occipital Pole	cope	8.394044548269191	1.67530666384493
10918	0	1	Frontal Pole	cope	-12.12707719971515	-1.2571596925808255
10918	1	2	Insular Cortex	cope	-11.457036171077949	3.4188822587197225
10918	2	3	Superior Frontal Gyrus	cope	1.22131364253016	-1.317572080456722
10918	3	4	Middle Frontal Gyrus	cope	20.476693081217274	-1.9708586109827397
10918	4	5	Inferior Frontal Gyrus, pars triangularis	cope	-114.18255973135659	-3.3017901561165295
10918	5	6	Inferior Frontal Gyrus, pars opercularis	cope	-26.0016563675993	0.25177910605092363
10918	6	7	Precentral Gyrus	cope	22.27147890860022	2.5385346964202955
10918	7	8	Temporal Pole	cope	-46.1471151002757	0.7036437288891906
10918	8	9	Superior Temporal Gyrus, anterior division	cope	-67.0766491138018	-0.37227146357106855
10918	9	10	Superior Temporal Gyrus, posterior division	cope	-59.36906707170722	-0.48888633124433556
10918	10	11	Middle Temporal Gyrus, anterior division	cope	-30.163583578280548	-0.1500175087253994
10918	11	12	Middle Temporal Gyrus, posterior division	cope	-37.91897541292476	-0.6210063294067669
10918	12	13	Middle Temporal Gyrus, temporooccipital part	cope	-18.989682053683385	2.047614287253869
10918	13	14	Inferior Temporal Gyrus, anterior division	cope	-107.83772996861553	-0.8568526272270718
10918	14	15	Inferior Temporal Gyrus, posterior division	cope	8.7171015430184	2.3992672061543505
10918	15	16	Inferior Temporal Gyrus, temporooccipital part	cope	-34.42201789845921	2.8652321395547644
10918	16	17	Postcentral Gyrus	cope	30.364793562128856	2.995499752071919
10918	17	18	Superior Parietal Lobule	cope	-3.81643870380998	3.104239052080985
10918	18	19	Supramarginal Gyrus, anterior division	cope	-58.17218925207853	7.733427861098338
10918	19	20	Supramarginal Gyrus, posterior division	cope	-77.54189337057036	1.46421107994833
10918	20	21	Angular Gyrus	cope	-62.99649068259346	-1.6647579803939336
10918	21	22	Lateral Occipital Cortex, superior division	cope	19.08833617824099	1.8940636961247128
10918	22	23	Lateral Occipital Cortex, inferior division	cope	-9.060057096039543	3.8411808708854296
10918	23	24	Intracalcarine Cortex	cope	14.779633940947658	6.654925195719496
10918	24	25	Frontal Medial Cortex	cope	13.00544660015309	1.1252138724134482
10918	25	26	Juxtapositional Lobule Cortex (formerly Supplementary Motor Cortex)	cope	90.03589298696937	5.27443946452459
10918	26	27	Subcallosal Cortex	cope	-16.16396251366689	2.604013941795207
10918	27	28	Paracingulate Gyrus	cope	-64.06353784679605	-1.8087699490536777
10918	28	29	Cingulate Gyrus, anterior division	cope	-3.9164490719025924	0.8431196125907187
10918	29	30	Cingulate Gyrus, posterior division	cope	12.582622850077493	4.825532896752336
10918	30	31	Precuneous Cortex	cope	71.82051266340511	5.1196845439260095
10918	31	32	Cuneal Cortex	cope	81.25845117509951	4.325720695530926
10918	32	33	Frontal Orbital Cortex	cope	-31.738889207396838	0.9294147203571392
10918	33	34	Parahippocampal Gyrus, anterior division	cope	85.58284358370356	3.0136092044021603
10918	34	35	Parahippocampal Gyrus, posterior division	cope	-6.437081183465022	1.6483720375962978
10918	35	36	Lingual Gyrus	cope	44.86390037180682	4.514263686785467
10918	36	37	Temporal Fusiform Cortex, anterior division	cope	-36.59464597363844	1.8137009185177426
10918	37	38	Temporal Fusiform Cortex, posterior division	cope	39.51883564279022	2.950149976775826
10918	38	39	Temporal Occipital Fusiform Cortex	cope	1.0011462319177487	4.484900512016811
10918	39	40	Occipital Fusiform Gyrus	cope	133.20476119429875	3.78814112031989
10918	40	41	Frontal Operculum Cortex	cope	-74.40353321828762	0.3727025643671949
10918	41	42	Central Opercular Cortex	cope	-9.8400103607682	4.408831776010523
10918	42	43	Parietal Operculum Cortex	cope	26.12581268894642	3.5070838848942048
10918	43	44	Planum Polare	cope	35.67308313038399	2.2834022149855966
10918	44	45	Heschl's Gyrus (includes H1 and H2)	cope	48.460539826599685	0.5442798856596467
10918	45	46	Planum Temporale	cope	58.27466482551474	2.3896555333008727
10918	46	47	Supracalcarine Cortex	cope	55.06838756419243	5.876444731403063
10918	47	48	Occipital Pole	cope	4.900143191342033	3.6305745179533435
10919	0	1	Frontal Pole	cope	-55.8378372286558	-0.7129791695301371
10919	1	2	Insular Cortex	cope	-75.92633209324758	5.23653011350152
10919	2	3	Superior Frontal Gyrus	cope	-134.38588483529512	2.3895269464966455
10919	3	4	Middle Frontal Gyrus	cope	-51.089030311728784	-1.1789306204373422
10919	4	5	Inferior Frontal Gyrus, pars triangularis	cope	-172.4692480285917	-2.359732268704956
10919	5	6	Inferior Frontal Gyrus, pars opercularis	cope	-122.38345717893893	-4.3685134616732375
10919	6	7	Precentral Gyrus	cope	5.519964913603542	-1.6232992942383846
10919	7	8	Temporal Pole	cope	-87.93359137789977	-0.1520912255234613
10919	8	9	Superior Temporal Gyrus, anterior division	cope	-92.58706459393485	2.4537526041651385
10919	9	10	Superior Temporal Gyrus, posterior division	cope	-14.752713554865354	2.872403828899377
10919	10	11	Middle Temporal Gyrus, anterior division	cope	-75.8002179950031	0.6495689088937395
10919	11	12	Middle Temporal Gyrus, posterior division	cope	-110.70962405662704	3.7832406188086183
10919	12	13	Middle Temporal Gyrus, temporooccipital part	cope	-58.25321833397732	-1.3425084234867373
10919	13	14	Inferior Temporal Gyrus, anterior division	cope	-155.87962992692135	-2.334504368522111
10919	14	15	Inferior Temporal Gyrus, posterior division	cope	-32.29371443541179	0.06437944789353073
10919	15	16	Inferior Temporal Gyrus, temporooccipital part	cope	-53.33895789472716	0.2800530653043803
10919	16	17	Postcentral Gyrus	cope	21.464386799788993	-0.5924665303856297
10919	17	18	Superior Parietal Lobule	cope	111.84272508301682	-3.744325348633168
10919	18	19	Supramarginal Gyrus, anterior division	cope	24.318442158959805	-1.4676413453925676
10919	19	20	Supramarginal Gyrus, posterior division	cope	-38.06677278641177	-0.24883797176141367
10919	20	21	Angular Gyrus	cope	-84.87607862546965	-1.8058742755021768
10919	21	22	Lateral Occipital Cortex, superior division	cope	-56.46868538709715	-1.170618936424267
10919	22	23	Lateral Occipital Cortex, inferior division	cope	-63.78388258159478	-1.1605664745463629
10919	23	24	Intracalcarine Cortex	cope	107.76821470666488	-3.3205173577649467
10919	24	25	Frontal Medial Cortex	cope	-115.17740644968993	0.7343801973347969
10919	25	26	Juxtapositional Lobule Cortex (formerly Supplementary Motor Cortex)	cope	16.74355194012861	-2.076217010422182
10919	26	27	Subcallosal Cortex	cope	-156.50437508196785	8.479693282884545
10919	27	28	Paracingulate Gyrus	cope	-192.2561654277805	5.276389359129335
10919	28	29	Cingulate Gyrus, anterior division	cope	-194.06406768790242	6.803065351892132
10919	29	30	Cingulate Gyrus, posterior division	cope	-213.8984817973801	-1.7675556013860874
10919	30	31	Precuneous Cortex	cope	-119.80738384521665	-5.743726026318251
10919	31	32	Cuneal Cortex	cope	51.51475532428917	-2.08341411349184
10919	32	33	Frontal Orbital Cortex	cope	-112.64648245145565	3.37364654222765
10919	33	34	Parahippocampal Gyrus, anterior division	cope	-8.238003847082105	0.024848480527577675
10919	34	35	Parahippocampal Gyrus, posterior division	cope	-122.68750403242291	3.195840120294465
10919	35	36	Lingual Gyrus	cope	22.193053387847506	-1.896652353302715
10919	36	37	Temporal Fusiform Cortex, anterior division	cope	-47.56506321785298	-2.1103641568742533
10919	37	38	Temporal Fusiform Cortex, posterior division	cope	18.529585960502263	0.7004546405596854
10919	38	39	Temporal Occipital Fusiform Cortex	cope	-35.81511735786797	-2.4243897861762354
10919	39	40	Occipital Fusiform Gyrus	cope	24.145857857984552	-1.9073275047687626
10919	40	41	Frontal Operculum Cortex	cope	-140.404465951949	3.9656602929839315
10919	41	42	Central Opercular Cortex	cope	-39.07229994627431	3.0423976594481146
10919	42	43	Parietal Operculum Cortex	cope	-54.78263780970107	3.636057278722865
10919	43	44	Planum Polare	cope	-58.91812338728372	2.003294071680262
10919	44	45	Heschl's Gyrus (includes H1 and H2)	cope	-60.02365597629328	2.836856249318574
10919	45	46	Planum Temporale	cope	-40.91036612951194	2.3652560141329704
10919	46	47	Supracalcarine Cortex	cope	66.1531508247903	-2.604735906929412
10919	47	48	Occipital Pole	cope	43.88861003582173	-2.0348125916670314
10924	0	1	Frontal Pole	cope	49.11962046427314	0.41789517493824013
10924	1	2	Insular Cortex	cope	17.825037264555203	3.7673366984541405
10924	2	3	Superior Frontal Gyrus	cope	86.09492417453995	0.6014815954703931
10924	3	4	Middle Frontal Gyrus	cope	65.56768806079384	0.7849964156596557
10924	4	5	Inferior Frontal Gyrus, pars triangularis	cope	-32.078081010456344	-0.6192095074711854
10924	5	6	Inferior Frontal Gyrus, pars opercularis	cope	-8.613789410839294	-0.4055839125759429
10924	6	7	Precentral Gyrus	cope	17.408604080272735	1.0237165249684206
10924	7	8	Temporal Pole	cope	-95.47710447506809	-0.49844263628860663
10924	8	9	Superior Temporal Gyrus, anterior division	cope	-3.1202457232353016	-2.219514315078656
10924	9	10	Superior Temporal Gyrus, posterior division	cope	27.525790850643986	1.1211070367845695
10924	10	11	Middle Temporal Gyrus, anterior division	cope	35.779141679450646	1.4409634761394126
10924	11	12	Middle Temporal Gyrus, posterior division	cope	40.21083389347412	-0.5413055641962244
10924	12	13	Middle Temporal Gyrus, temporooccipital part	cope	18.103554677725494	0.9464227879065072
10924	13	14	Inferior Temporal Gyrus, anterior division	cope	-116.42370989195693	0.45112813250354583
10924	14	15	Inferior Temporal Gyrus, posterior division	cope	41.089525251325114	-1.3326379863148816
10924	15	16	Inferior Temporal Gyrus, temporooccipital part	cope	116.20503473059455	1.136987775080397
10924	16	17	Postcentral Gyrus	cope	92.1220381359011	1.7056987629367486
10924	17	18	Superior Parietal Lobule	cope	10.673219535607366	0.32048515675637107
10924	18	19	Supramarginal Gyrus, anterior division	cope	102.28677776268235	3.2945677062082623
10924	19	20	Supramarginal Gyrus, posterior division	cope	31.97056021835353	1.107686444948352
10924	20	21	Angular Gyrus	cope	59.38890371747731	0.142756928862628
10924	21	22	Lateral Occipital Cortex, superior division	cope	97.67405625382278	1.9496534254912299
10924	22	23	Lateral Occipital Cortex, inferior division	cope	5.118911206139796	2.5242494946410248
10924	23	24	Intracalcarine Cortex	cope	-8.644105370261558	6.625157960446856
10924	24	25	Frontal Medial Cortex	cope	148.72049304652722	6.7782123364138265
10924	25	26	Juxtapositional Lobule Cortex (formerly Supplementary Motor Cortex)	cope	136.43881192259693	3.1528281457958163
10924	26	27	Subcallosal Cortex	cope	-41.93047674802634	1.2338361855882864
10924	27	28	Paracingulate Gyrus	cope	0.17457789261609513	1.618200936920363
10924	28	29	Cingulate Gyrus, anterior division	cope	-39.2609756199201	3.001268400373608
10924	29	30	Cingulate Gyrus, posterior division	cope	180.5416399335861	4.7390240483411725
10924	30	31	Precuneous Cortex	cope	146.6292123201909	5.535697296198559
10924	31	32	Cuneal Cortex	cope	97.19163852128843	5.090651316663246
10924	32	33	Frontal Orbital Cortex	cope	-82.10289988241222	-0.16324432435240632
10924	33	34	Parahippocampal Gyrus, anterior division	cope	-1.1716280100224292	2.1477552521726593
10924	34	35	Parahippocampal Gyrus, posterior division	cope	-24.495193145859915	2.932841319401028
10924	35	36	Lingual Gyrus	cope	9.11984387995743	5.208452307642862
10924	36	37	Temporal Fusiform Cortex, anterior division	cope	-123.9518429421364	2.4380781985026725
10924	37	38	Temporal Fusiform Cortex, posterior division	cope	0.3703522376472486	0.26229148328371615
10924	38	39	Temporal Occipital Fusiform Cortex	cope	-93.14730409288924	2.8069363804683545
10924	39	40	Occipital Fusiform Gyrus	cope	33.88826399505002	3.112034584876201
10924	40	41	Frontal Operculum Cortex	cope	-250.5168691302548	4.881198853794329
10924	41	42	Central Opercular Cortex	cope	141.37175791589215	2.6158410166796497
10924	42	43	Parietal Operculum Cortex	cope	173.10046821045998	3.1947187710969134
10924	43	44	Planum Polare	cope	-11.501604349103593	1.4899436215237352
10924	44	45	Heschl's Gyrus (includes H1 and H2)	cope	62.414933578862296	3.378794511308044
10924	45	46	Planum Temporale	cope	122.84476054639367	4.838139192611392
10924	46	47	Supracalcarine Cortex	cope	24.60552469212958	3.118083429780412
10924	47	48	Occipital Pole	cope	100.90205569690828	2.118806276880706
10929	0	1	Frontal Pole	cope	60.9561941491897	-2.7046620422616057
10929	1	2	Insular Cortex	cope	-138.63071458474505	2.5737195668167616
10929	2	3	Superior Frontal Gyrus	cope	31.56191205136518	-4.8323184819393274
10929	3	4	Middle Frontal Gyrus	cope	152.36475690103828	-1.7678307932556736
10929	4	5	Inferior Frontal Gyrus, pars triangularis	cope	141.38729421274925	-0.4990191962228182
10929	5	6	Inferior Frontal Gyrus, pars opercularis	cope	143.8265253048404	2.1329457719471017
10929	6	7	Precentral Gyrus	cope	38.48800347450821	-0.23531650552897324
10929	7	8	Temporal Pole	cope	-75.11788184701817	-0.06429353674080945
10929	8	9	Superior Temporal Gyrus, anterior division	cope	-52.60328488349914	-4.394202513094896
10929	9	10	Superior Temporal Gyrus, posterior division	cope	-5.694508325647224	-6.570676455745933
10929	10	11	Middle Temporal Gyrus, anterior division	cope	-72.61107491112467	-0.9391679137945175
10929	11	12	Middle Temporal Gyrus, posterior division	cope	51.8966448725065	-2.5368878867499265
10929	12	13	Middle Temporal Gyrus, temporooccipital part	cope	76.66213016160745	1.1290350269720482
10929	13	14	Inferior Temporal Gyrus, anterior division	cope	-104.23273254710541	0.9064836869699627
10929	14	15	Inferior Temporal Gyrus, posterior division	cope	50.419654488034894	0.6007467710749637
10929	15	16	Inferior Temporal Gyrus, temporooccipital part	cope	138.20262928370997	-1.753385251113422
10929	16	17	Postcentral Gyrus	cope	23.939482865777354	-1.7123625508619411
10929	17	18	Superior Parietal Lobule	cope	89.4518134705038	-0.11642387882852805
10929	18	19	Supramarginal Gyrus, anterior division	cope	23.452626844743886	5.026749728329445
10929	19	20	Supramarginal Gyrus, posterior division	cope	33.021632198989394	-0.2522140227006497
10929	20	21	Angular Gyrus	cope	46.177769281953424	1.0803374185467371
10929	21	22	Lateral Occipital Cortex, superior division	cope	100.79374052796587	-2.64549713786623
10929	22	23	Lateral Occipital Cortex, inferior division	cope	47.34183792720833	0.07191596292293892
10929	23	24	Intracalcarine Cortex	cope	12.519136989931305	0.1584693257156071
10929	24	25	Frontal Medial Cortex	cope	40.21661205515794	-0.07201676102394754
10929	25	26	Juxtapositional Lobule Cortex (formerly Supplementary Motor Cortex)	cope	-186.43606896013827	4.496374119475886
10929	26	27	Subcallosal Cortex	cope	43.397776971642784	-4.993427376133892
10929	27	28	Paracingulate Gyrus	cope	-53.06905971843901	0.08197523301639995
10929	28	29	Cingulate Gyrus, anterior division	cope	-88.99637044753122	5.698917351679144
10929	29	30	Cingulate Gyrus, posterior division	cope	57.45625515668733	3.292644855122614
10929	30	31	Precuneous Cortex	cope	146.835682192808	-4.054236172673043
10929	31	32	Cuneal Cortex	cope	-41.12542455324577	-6.687794894359989
10929	32	33	Frontal Orbital Cortex	cope	-36.49570950571027	0.5436326465646903
10929	33	34	Parahippocampal Gyrus, anterior division	cope	60.88258012206153	-0.6647103832482435
10929	34	35	Parahippocampal Gyrus, posterior division	cope	38.00137691700234	-0.147790359171494
10929	35	36	Lingual Gyrus	cope	11.63485953816126	-0.6025023368794306
10929	36	37	Temporal Fusiform Cortex, anterior division	cope	185.69687309797774	-0.3257501093102685
10929	37	38	Temporal Fusiform Cortex, posterior division	cope	95.42386513850339	0.5051559548706406
10929	38	39	Temporal Occipital Fusiform Cortex	cope	70.65091488040161	0.3613894617414038
10929	39	40	Occipital Fusiform Gyrus	cope	49.10635459855973	0.6173119161702374
10929	40	41	Frontal Operculum Cortex	cope	-363.7444172496555	6.725721335962039
10929	41	42	Central Opercular Cortex	cope	-31.31186512263377	1.3059865389554557
10929	42	43	Parietal Operculum Cortex	cope	-76.66100072104314	0.7223655427640616
10929	43	44	Planum Polare	cope	-206.17066170866707	-1.9180757998282674
10929	44	45	Heschl's Gyrus (includes H1 and H2)	cope	-45.468790467433664	-6.462259358009709
10929	45	46	Planum Temporale	cope	-41.635328562636126	-5.293337372242579
10929	46	47	Supracalcarine Cortex	cope	-4.3718590977344105	-3.988636890465909
10929	47	48	Occipital Pole	cope	14.095546356430088	-1.7695781431127153
10930	0	1	Frontal Pole	cope	40.56503699999716	-2.644145423517541
10930	1	2	Insular Cortex	cope	-65.09597052548264	5.439531783654439
10930	2	3	Superior Frontal Gyrus	cope	5.498238716222804	-11.393190778801598
10930	3	4	Middle Frontal Gyrus	cope	0.4701164780145668	-4.623753050487507
10930	4	5	Inferior Frontal Gyrus, pars triangularis	cope	25.769658760124937	-5.050665595115872
10930	5	6	Inferior Frontal Gyrus, pars opercularis	cope	-48.73143976101423	-0.7255074109835161
10930	6	7	Precentral Gyrus	cope	-24.315575690509334	4.00715900381511
10930	7	8	Temporal Pole	cope	-60.113943821002835	-0.4306186136309635
10930	8	9	Superior Temporal Gyrus, anterior division	cope	-117.46522435530638	0.511102328927089
10930	9	10	Superior Temporal Gyrus, posterior division	cope	-19.492951942438427	-2.288849505704719
10930	10	11	Middle Temporal Gyrus, anterior division	cope	-34.30330109240404	-3.792226610771978
10930	11	12	Middle Temporal Gyrus, posterior division	cope	18.99306956260454	-7.243696614282699
10930	12	13	Middle Temporal Gyrus, temporooccipital part	cope	-40.538034565244615	5.292825267538736
10930	13	14	Inferior Temporal Gyrus, anterior division	cope	16.24834593266425	-1.4428807664993246
10930	14	15	Inferior Temporal Gyrus, posterior division	cope	56.41723936512042	-0.7770869344836329
10930	15	16	Inferior Temporal Gyrus, temporooccipital part	cope	62.26738212660734	3.9222935608921765
10930	16	17	Postcentral Gyrus	cope	-42.48976921675646	1.3191451841119028
10930	17	18	Superior Parietal Lobule	cope	-97.25064459513491	4.582977841972444
10930	18	19	Supramarginal Gyrus, anterior division	cope	-53.41282951147468	7.084233632352617
10930	19	20	Supramarginal Gyrus, posterior division	cope	-41.54669286971156	4.717067231273128
10930	20	21	Angular Gyrus	cope	-3.1175461824472785	-4.18498633144811
10930	21	22	Lateral Occipital Cortex, superior division	cope	22.449832429775093	4.36223133958927
10930	22	23	Lateral Occipital Cortex, inferior division	cope	-75.81677142184175	4.472063872494121
10930	23	24	Intracalcarine Cortex	cope	15.822665915704887	11.624528590249122
10930	24	25	Frontal Medial Cortex	cope	55.874918542009716	-0.3310524384814797
10930	25	26	Juxtapositional Lobule Cortex (formerly Supplementary Motor Cortex)	cope	-223.42422038377137	8.745717939090085
10930	26	27	Subcallosal Cortex	cope	-112.34581125882956	0.8279633242207077
10930	27	28	Paracingulate Gyrus	cope	59.83745198837828	-0.7778003332940835
10930	28	29	Cingulate Gyrus, anterior division	cope	11.722967884598015	6.671978707343411
10930	29	30	Cingulate Gyrus, posterior division	cope	94.99066523749488	0.3371005500469889
10930	30	31	Precuneous Cortex	cope	19.651211199762677	3.5826394788184426
10930	31	32	Cuneal Cortex	cope	40.710363081893874	11.036254389719529
10930	32	33	Frontal Orbital Cortex	cope	-60.405147691820225	-1.9927598385470824
10930	33	34	Parahippocampal Gyrus, anterior division	cope	6.3279154625746	0.7469507514527974
10930	34	35	Parahippocampal Gyrus, posterior division	cope	79.30586642735409	5.117340477401355
10930	35	36	Lingual Gyrus	cope	-40.79389486574466	10.396120617180866
10930	36	37	Temporal Fusiform Cortex, anterior division	cope	13.605709126232364	6.455165450230029
10930	37	38	Temporal Fusiform Cortex, posterior division	cope	-30.33316264520824	1.9261747685961566
10930	38	39	Temporal Occipital Fusiform Cortex	cope	-94.16663106914886	8.93889787990876
10930	39	40	Occipital Fusiform Gyrus	cope	-83.95840849948404	8.4992333779721
10930	40	41	Frontal Operculum Cortex	cope	-174.51050439952803	9.73712619653895
10930	41	42	Central Opercular Cortex	cope	-46.61337422051322	7.8913990914974566
10930	42	43	Parietal Operculum Cortex	cope	-90.72621864352735	8.88101529729107
10930	43	44	Planum Polare	cope	-99.44541233277504	4.932658409841984
10930	44	45	Heschl's Gyrus (includes H1 and H2)	cope	-4.40495614961545	1.3584258804690041
10930	45	46	Planum Temporale	cope	-7.31597455758137	6.78906294550628
10930	46	47	Supracalcarine Cortex	cope	71.04425977646036	8.559126178159358
10930	47	48	Occipital Pole	cope	-24.47397894785782	7.721091973725368
10950	0	1	Frontal Pole	cope	25.008279797461718	3.259004858966132
10950	1	2	Insular Cortex	cope	-286.8144118625319	-2.6480668868819923
10950	2	3	Superior Frontal Gyrus	cope	4.401331796654131	2.146656603126723
10950	3	4	Middle Frontal Gyrus	cope	34.43334600594739	2.671066716935648
10950	4	5	Inferior Frontal Gyrus, pars triangularis	cope	-101.89853872509178	5.347709192339023
10950	5	6	Inferior Frontal Gyrus, pars opercularis	cope	-225.17349441432597	2.924996881486093
10950	6	7	Precentral Gyrus	cope	-242.247681412663	0.8974172612151342
10950	7	8	Temporal Pole	cope	-22.093051299733407	2.9927552707092246
10950	8	9	Superior Temporal Gyrus, anterior division	cope	-93.22073266934126	2.7288348289397666
10950	9	10	Superior Temporal Gyrus, posterior division	cope	-104.19469809222531	4.556668695667154
10950	10	11	Middle Temporal Gyrus, anterior division	cope	16.377394247232978	1.7541620600356984
10950	11	12	Middle Temporal Gyrus, posterior division	cope	8.316659920771603	4.438697000998606
10950	12	13	Middle Temporal Gyrus, temporooccipital part	cope	-6.805164919451309	5.203703971963345
10950	13	14	Inferior Temporal Gyrus, anterior division	cope	-177.3125978785859	5.319952476328823
10950	14	15	Inferior Temporal Gyrus, posterior division	cope	-46.73068349905923	1.0919530092183078
10950	15	16	Inferior Temporal Gyrus, temporooccipital part	cope	-179.8471056516491	6.164435816937432
10950	16	17	Postcentral Gyrus	cope	-103.20070569714774	-1.1244789784658782
10950	17	18	Superior Parietal Lobule	cope	-194.60107136249854	-0.9707046634037282
10950	18	19	Supramarginal Gyrus, anterior division	cope	-554.3154676976027	-2.231360052222455
10950	19	20	Supramarginal Gyrus, posterior division	cope	-265.0062275288073	0.6373016864284747
10950	20	21	Angular Gyrus	cope	-9.882552583571016	2.44105966439291
10950	21	22	Lateral Occipital Cortex, superior division	cope	10.685701120024337	2.664948716168662
10950	22	23	Lateral Occipital Cortex, inferior division	cope	-168.19144400663262	2.575220834826713
10950	23	24	Intracalcarine Cortex	cope	-36.216879117697594	-0.9185220429470857
10950	24	25	Frontal Medial Cortex	cope	104.23979888264591	5.453124886220123
10950	25	26	Juxtapositional Lobule Cortex (formerly Supplementary Motor Cortex)	cope	-383.285097125817	3.582225876709295
10950	26	27	Subcallosal Cortex	cope	27.74474428273164	-0.07713245503031291
10950	27	28	Paracingulate Gyrus	cope	-38.76036975546868	0.5819965297617935
10950	28	29	Cingulate Gyrus, anterior division	cope	-121.01348557408457	0.3163138485088909
10950	29	30	Cingulate Gyrus, posterior division	cope	84.48158329660552	3.542450817133699
10950	30	31	Precuneous Cortex	cope	64.04041664607738	1.5381645344963617
10950	31	32	Cuneal Cortex	cope	-11.08089870429224	-0.4710420885943124
10950	32	33	Frontal Orbital Cortex	cope	14.62687991865241	2.9727694937281908
10950	33	34	Parahippocampal Gyrus, anterior division	cope	48.47584473031812	1.5977597446098462
10950	34	35	Parahippocampal Gyrus, posterior division	cope	29.543148015242704	2.374450850525414
10950	35	36	Lingual Gyrus	cope	-26.344111252555	1.1405557055663396
10950	36	37	Temporal Fusiform Cortex, anterior division	cope	-134.5632218164755	2.490017568600093
10950	37	38	Temporal Fusiform Cortex, posterior division	cope	-33.60889051498111	0.9240730069016656
10950	38	39	Temporal Occipital Fusiform Cortex	cope	-177.25865555806573	3.45255012202176
10950	39	40	Occipital Fusiform Gyrus	cope	29.085779362474923	4.821785820836047
10950	40	41	Frontal Operculum Cortex	cope	-347.8842179191087	-2.1180431676887665
10950	41	42	Central Opercular Cortex	cope	-361.4535824739759	-1.7269031967929513
10950	42	43	Parietal Operculum Cortex	cope	-373.0900629528888	-3.2562534994857035
10950	43	44	Planum Polare	cope	-164.41636373023042	-3.279023478276857
10950	44	45	Heschl's Gyrus (includes H1 and H2)	cope	-276.2858318315673	-1.3736579853371815
10950	45	46	Planum Temporale	cope	-213.50058423069376	-2.7153104607562772
10950	46	47	Supracalcarine Cortex	cope	16.85465877994578	0.9740359105090511
10950	47	48	Occipital Pole	cope	-32.073319964432166	0.9622038836684799
10952	0	1	Frontal Pole	cope	-120.38425918333112	2.0248068459550446
10952	1	2	Insular Cortex	cope	41.75878273585781	-8.252774736206582
10952	2	3	Superior Frontal Gyrus	cope	-246.3743301168769	5.3359411679699384
10952	3	4	Middle Frontal Gyrus	cope	-100.68639180005236	2.2904265623285927
10952	4	5	Inferior Frontal Gyrus, pars triangularis	cope	-196.3765416049971	14.741232168083208
10952	5	6	Inferior Frontal Gyrus, pars opercularis	cope	47.76401033454668	7.918156085483951
10952	6	7	Precentral Gyrus	cope	50.491268694017464	-3.893819901222029
10952	7	8	Temporal Pole	cope	-93.72330543153778	-0.8312263128839372
10952	8	9	Superior Temporal Gyrus, anterior division	cope	-55.59781230168465	4.311042023860874
10952	9	10	Superior Temporal Gyrus, posterior division	cope	-34.274532155315214	-0.13842915791969795
10952	10	11	Middle Temporal Gyrus, anterior division	cope	-181.9375042246349	4.303085813517057
10952	11	12	Middle Temporal Gyrus, posterior division	cope	-85.50824708530952	1.7338403303584768
10952	12	13	Middle Temporal Gyrus, temporooccipital part	cope	-2.035534306438294	2.820575915929058
10952	13	14	Inferior Temporal Gyrus, anterior division	cope	-171.71751737876755	1.4577649915535775
10952	14	15	Inferior Temporal Gyrus, posterior division	cope	-113.08814071313769	-0.0303381198517433
10952	15	16	Inferior Temporal Gyrus, temporooccipital part	cope	-238.97383974737195	1.6498699008813822
10952	16	17	Postcentral Gyrus	cope	-5.147816649571709	-5.430996859229534
10952	17	18	Superior Parietal Lobule	cope	135.7942555335563	-1.697438263722996
10952	18	19	Supramarginal Gyrus, anterior division	cope	65.02496196707642	-5.360496069244066
10952	19	20	Supramarginal Gyrus, posterior division	cope	79.35772843644828	-2.6667238611268584
10952	20	21	Angular Gyrus	cope	17.501367017778044	3.0814016080475626
10952	21	22	Lateral Occipital Cortex, superior division	cope	-6.890796922551875	4.447660296148812
10952	22	23	Lateral Occipital Cortex, inferior division	cope	-25.04556876208809	0.3932057360152473
10952	23	24	Intracalcarine Cortex	cope	-9.516673819071356	-8.685930625633391
10952	24	25	Frontal Medial Cortex	cope	-176.1254037948365	12.820105533577925
10952	25	26	Juxtapositional Lobule Cortex (formerly Supplementary Motor Cortex)	cope	20.051836191802412	-6.589484467548695
10952	26	27	Subcallosal Cortex	cope	-260.6129331625425	-3.8903692338042535
10952	27	28	Paracingulate Gyrus	cope	-206.1466131255783	-0.8005201621871008
10952	28	29	Cingulate Gyrus, anterior division	cope	-28.272217198448665	-3.6474073641515194
10952	29	30	Cingulate Gyrus, posterior division	cope	-208.37449580948694	6.030875172527773
10952	30	31	Precuneous Cortex	cope	-145.20351256725354	5.563402825993945
10952	31	32	Cuneal Cortex	cope	-32.96927362350033	-15.650146478493832
10952	32	33	Frontal Orbital Cortex	cope	-165.27374773344468	2.967791063711047
10952	33	34	Parahippocampal Gyrus, anterior division	cope	-270.0280071117182	0.3389567725104898
10952	34	35	Parahippocampal Gyrus, posterior division	cope	-117.40938740665058	-2.7154439264803
10952	35	36	Lingual Gyrus	cope	-32.09479444426473	-11.528922210835855
10952	36	37	Temporal Fusiform Cortex, anterior division	cope	-340.9692970398047	1.1869588953489107
10952	37	38	Temporal Fusiform Cortex, posterior division	cope	-174.5748846724809	2.6189386412539806
10952	38	39	Temporal Occipital Fusiform Cortex	cope	-45.56621324789675	7.299989995022876
10952	39	40	Occipital Fusiform Gyrus	cope	-132.03383910927113	1.4383245912951557
10952	40	41	Frontal Operculum Cortex	cope	-167.38741294075461	-6.6264665843058035
10952	41	42	Central Opercular Cortex	cope	49.58993650557708	-12.46949070969001
10952	42	43	Parietal Operculum Cortex	cope	42.81850032455425	-4.740368119261327
10952	43	44	Planum Polare	cope	35.312113798756634	-10.006373160412066
10952	44	45	Heschl's Gyrus (includes H1 and H2)	cope	-32.716410587185536	-6.015758697861969
10952	45	46	Planum Temporale	cope	70.70101635888673	-4.96200826532953
10952	46	47	Supracalcarine Cortex	cope	-1.5474167783209618	-7.845520479564971
10952	47	48	Occipital Pole	cope	-24.425742042264076	-5.788489177119585
10956	0	1	Frontal Pole	cope	-41.405281097673274	-0.29490678909673396
10956	1	2	Insular Cortex	cope	-109.63512094874606	-2.3001366975859425
10956	2	3	Superior Frontal Gyrus	cope	-56.31401802188533	-0.2873494411541629
10956	3	4	Middle Frontal Gyrus	cope	-27.120487661938537	-0.8009325865700361
10956	4	5	Inferior Frontal Gyrus, pars triangularis	cope	-29.885016997951432	-2.5138488450523364
10956	5	6	Inferior Frontal Gyrus, pars opercularis	cope	-55.47913297690229	-4.57316829376468
10956	6	7	Precentral Gyrus	cope	-11.611222751628077	-2.595739972889674
10956	7	8	Temporal Pole	cope	-92.64595312766885	-0.6230729467423173
10956	8	9	Superior Temporal Gyrus, anterior division	cope	-176.11427554136668	0.1933900845929598
10956	9	10	Superior Temporal Gyrus, posterior division	cope	-212.62071823899623	-3.717301067472859
10956	10	11	Middle Temporal Gyrus, anterior division	cope	-71.73260200877688	1.807309262797848
10956	11	12	Middle Temporal Gyrus, posterior division	cope	-128.91578567927158	-2.3035778161285543
10956	12	13	Middle Temporal Gyrus, temporooccipital part	cope	-79.72587623905282	-4.133351070443847
10956	13	14	Inferior Temporal Gyrus, anterior division	cope	-76.43290339194283	1.3661339111163242
10956	14	15	Inferior Temporal Gyrus, posterior division	cope	-6.526564735877937	0.8891143963985587
10956	15	16	Inferior Temporal Gyrus, temporooccipital part	cope	-18.24504909400981	-2.1873207271460497
10956	16	17	Postcentral Gyrus	cope	17.909791376720303	-1.251324957954019
10956	17	18	Superior Parietal Lobule	cope	-43.12663411131994	-2.3119820962682014
10956	18	19	Supramarginal Gyrus, anterior division	cope	-40.96523870775407	-4.976148172423105
10956	19	20	Supramarginal Gyrus, posterior division	cope	-150.6433216821591	-3.611668976867018
10956	20	21	Angular Gyrus	cope	-166.23478507530416	-2.726960086424452
10956	21	22	Lateral Occipital Cortex, superior division	cope	-48.88322922106808	-1.7954987907225561
10956	22	23	Lateral Occipital Cortex, inferior division	cope	-67.23260893301415	-4.929370398064041
10956	23	24	Intracalcarine Cortex	cope	155.48545472293455	2.898334221046958
10956	24	25	Frontal Medial Cortex	cope	-164.92114270420362	-2.038815062783711
10956	25	26	Juxtapositional Lobule Cortex (formerly Supplementary Motor Cortex)	cope	-133.44214550748066	-4.9347571649563475
10956	26	27	Subcallosal Cortex	cope	-24.424972077516408	0.8106214064674881
10956	27	28	Paracingulate Gyrus	cope	-53.9340602324442	4.097329802927451
10956	28	29	Cingulate Gyrus, anterior division	cope	-89.90205101779331	0.610429522511352
10956	29	30	Cingulate Gyrus, posterior division	cope	-274.31208324796813	4.382276073259967
10956	30	31	Precuneous Cortex	cope	-306.868088750887	6.80153535325189
10956	31	32	Cuneal Cortex	cope	70.67526918094597	2.111105880074352
10956	32	33	Frontal Orbital Cortex	cope	-87.71035379438545	-0.5865825523859899
10956	33	34	Parahippocampal Gyrus, anterior division	cope	10.493087156156523	5.988951882798703
10956	34	35	Parahippocampal Gyrus, posterior division	cope	-172.3424181082901	9.382930028944646
10956	35	36	Lingual Gyrus	cope	-56.83375841881703	1.4002559549537175
10956	36	37	Temporal Fusiform Cortex, anterior division	cope	-71.97096411422794	3.596591574186129
10956	37	38	Temporal Fusiform Cortex, posterior division	cope	-50.637645256703976	3.3252179237361514
10956	38	39	Temporal Occipital Fusiform Cortex	cope	-120.86541848096181	-4.10824257421693
10956	39	40	Occipital Fusiform Gyrus	cope	-15.09606018712579	-5.73810858755025
10956	40	41	Frontal Operculum Cortex	cope	-87.08149876314052	-5.366776379874023
10956	41	42	Central Opercular Cortex	cope	-2.976610301701554	-5.10838031970904
10956	42	43	Parietal Operculum Cortex	cope	-115.79891789810458	-6.028639662952924
10956	43	44	Planum Polare	cope	-111.70165740146892	-2.620624962141951
10956	44	45	Heschl's Gyrus (includes H1 and H2)	cope	-87.14987053327297	-0.08528047301355869
10956	45	46	Planum Temporale	cope	-73.9636870305624	-1.2132612818263864
10956	46	47	Supracalcarine Cortex	cope	192.419149297349	1.4809635720671492
10956	47	48	Occipital Pole	cope	5.3210402544776745	-3.2671998696897315
10958	0	1	Frontal Pole	cope	-205.05958459136784	1.6874162145040248
10958	1	2	Insular Cortex	cope	-257.439623842451	4.598328202173732
10958	2	3	Superior Frontal Gyrus	cope	-204.71225966103472	6.399024243073187
10958	3	4	Middle Frontal Gyrus	cope	-180.94286253262436	10.071941428164989
10958	4	5	Inferior Frontal Gyrus, pars triangularis	cope	-182.96965961679476	7.348433151102086
10958	5	6	Inferior Frontal Gyrus, pars opercularis	cope	-208.2965309325204	20.333277505039163
10958	6	7	Precentral Gyrus	cope	-188.9571881076505	6.1781904778871075
10958	7	8	Temporal Pole	cope	-74.24312161261827	-5.059829600305618
10958	8	9	Superior Temporal Gyrus, anterior division	cope	-249.6439369385059	0.25320537770405793
10958	9	10	Superior Temporal Gyrus, posterior division	cope	13.38856974282822	3.2324202167862035
10958	10	11	Middle Temporal Gyrus, anterior division	cope	5.289066121471462	-9.942368442398399
10958	11	12	Middle Temporal Gyrus, posterior division	cope	95.78399186481246	-1.2779840680166872
10958	12	13	Middle Temporal Gyrus, temporooccipital part	cope	-155.6402341633666	6.868208551355362
10958	13	14	Inferior Temporal Gyrus, anterior division	cope	79.6502801680706	-2.55515478247468
10958	14	15	Inferior Temporal Gyrus, posterior division	cope	-21.308919194928823	-2.721421724098617
10958	15	16	Inferior Temporal Gyrus, temporooccipital part	cope	-151.96536115996207	11.674206588028083
10958	16	17	Postcentral Gyrus	cope	-74.83047285442767	8.249771214556354
10958	17	18	Superior Parietal Lobule	cope	-103.58714976132386	15.890637089197678
10958	18	19	Supramarginal Gyrus, anterior division	cope	-251.12390289814383	7.968114324683254
10958	19	20	Supramarginal Gyrus, posterior division	cope	-195.5593609461309	7.678085508834684
10958	20	21	Angular Gyrus	cope	-47.41493712876673	2.503800481761425
10958	21	22	Lateral Occipital Cortex, superior division	cope	-122.74821172598256	9.930067704896757
10958	22	23	Lateral Occipital Cortex, inferior division	cope	-182.6144084079279	8.125745479900797
10958	23	24	Intracalcarine Cortex	cope	-448.0141413977174	1.4954178243461482
10958	24	25	Frontal Medial Cortex	cope	-47.96966123792296	-13.185445195367784
10958	25	26	Juxtapositional Lobule Cortex (formerly Supplementary Motor Cortex)	cope	-132.12310210675807	11.744399108798117
10958	26	27	Subcallosal Cortex	cope	273.16830931718533	-11.91269661334988
10958	27	28	Paracingulate Gyrus	cope	-168.46879351787558	3.7087459252175172
10958	28	29	Cingulate Gyrus, anterior division	cope	-103.83003471242422	0.7939275893090704
10958	29	30	Cingulate Gyrus, posterior division	cope	-340.03746854237147	12.262371204241045
10958	30	31	Precuneous Cortex	cope	-231.48407520969909	12.382856910659205
10958	31	32	Cuneal Cortex	cope	-102.38095249754362	3.1008028527948914
10958	32	33	Frontal Orbital Cortex	cope	-30.543882195092394	-3.63219788992113
10958	33	34	Parahippocampal Gyrus, anterior division	cope	-150.1625035620105	-5.053821082449461
10958	34	35	Parahippocampal Gyrus, posterior division	cope	-64.72316755798627	-1.1803433294003864
10958	35	36	Lingual Gyrus	cope	-214.42182411876044	-1.1591333463395896
10958	36	37	Temporal Fusiform Cortex, anterior division	cope	-55.770116792502975	-5.8172777321268905
10958	37	38	Temporal Fusiform Cortex, posterior division	cope	-10.002341255160905	-0.8741659640908408
10958	38	39	Temporal Occipital Fusiform Cortex	cope	-150.66076147340738	6.329765286385233
10958	39	40	Occipital Fusiform Gyrus	cope	-94.56018584984888	6.7825859658226415
10958	40	41	Frontal Operculum Cortex	cope	-318.26474677990467	7.965399248071578
10958	41	42	Central Opercular Cortex	cope	-225.8183087564983	2.58852963436933
10958	42	43	Parietal Operculum Cortex	cope	-176.2782417171195	5.357515682726342
10958	43	44	Planum Polare	cope	-361.4495388683472	-4.4284291210680315
10958	44	45	Heschl's Gyrus (includes H1 and H2)	cope	-271.41365380111375	2.6251144872780907
10958	45	46	Planum Temporale	cope	-54.268200167658584	2.3448169923431323
10958	46	47	Supracalcarine Cortex	cope	-296.32499408721924	-0.1924494444689852
10958	47	48	Occipital Pole	cope	-102.40317585509732	9.884377980274204
10961	0	1	Frontal Pole	cope	-63.12950526871104	-3.114580319200605
10961	1	2	Insular Cortex	cope	0.2075345465363782	4.5992844890870845
10961	2	3	Superior Frontal Gyrus	cope	-4.763550940225771	-4.260617609475057
10961	3	4	Middle Frontal Gyrus	cope	-8.142893803122186	-9.93398323128341
10961	4	5	Inferior Frontal Gyrus, pars triangularis	cope	41.42172663713541	-7.681826754430428
10961	5	6	Inferior Frontal Gyrus, pars opercularis	cope	56.94360111371292	-8.159504711854732
10961	6	7	Precentral Gyrus	cope	31.519807584702722	-6.17144666278493
10961	7	8	Temporal Pole	cope	17.92688677203184	2.7394392951011626
10961	8	9	Superior Temporal Gyrus, anterior division	cope	-176.35050919545003	1.6431594939568104
10961	9	10	Superior Temporal Gyrus, posterior division	cope	-71.42692169353559	-4.0193662084760025
10961	10	11	Middle Temporal Gyrus, anterior division	cope	-51.19979295908515	2.9251225531490435
10961	11	12	Middle Temporal Gyrus, posterior division	cope	-59.55838563433837	-3.431133911441533
10961	12	13	Middle Temporal Gyrus, temporooccipital part	cope	25.684498370144684	-10.708749091514019
10961	13	14	Inferior Temporal Gyrus, anterior division	cope	-89.9732965294426	0.09751750405370836
10961	14	15	Inferior Temporal Gyrus, posterior division	cope	1.0874888550680122	0.05524097827155795
10961	15	16	Inferior Temporal Gyrus, temporooccipital part	cope	-72.49903818675831	-8.074686958703017
10961	16	17	Postcentral Gyrus	cope	-36.787501186250665	-5.927845269631108
10961	17	18	Superior Parietal Lobule	cope	10.677688496632213	-11.254050500660993
10961	18	19	Supramarginal Gyrus, anterior division	cope	3.751512576584463	-5.420957008652665
10961	19	20	Supramarginal Gyrus, posterior division	cope	-6.298498852160835	-7.673153435306724
10961	20	21	Angular Gyrus	cope	-43.88106722611612	-7.707260520709797
10961	21	22	Lateral Occipital Cortex, superior division	cope	-85.26959191981875	-6.786776625310589
10961	22	23	Lateral Occipital Cortex, inferior division	cope	-32.51332979670621	0.49348914448618153
10961	23	24	Intracalcarine Cortex	cope	-242.79256266448283	2.4816185511532693
10961	24	25	Frontal Medial Cortex	cope	-130.76081771123495	4.085242834153539
10961	25	26	Juxtapositional Lobule Cortex (formerly Supplementary Motor Cortex)	cope	-67.5390888359901	-3.654600470257621
10961	26	27	Subcallosal Cortex	cope	-135.01317938543284	-4.630766267404677
10961	27	28	Paracingulate Gyrus	cope	-188.36673453261295	6.997912146834799
10961	28	29	Cingulate Gyrus, anterior division	cope	-208.8272575978979	9.49032834192523
10961	29	30	Cingulate Gyrus, posterior division	cope	-255.58980351856778	4.677654281744999
10961	30	31	Precuneous Cortex	cope	-222.34656275705157	1.986921160592131
10961	31	32	Cuneal Cortex	cope	-414.18330796727054	-2.37206269103423
10961	32	33	Frontal Orbital Cortex	cope	-47.1448584972793	-1.069663214083897
10961	33	34	Parahippocampal Gyrus, anterior division	cope	-53.75835613153908	6.429506987893739
10961	34	35	Parahippocampal Gyrus, posterior division	cope	-138.294332190842	7.636879911428353
10961	35	36	Lingual Gyrus	cope	-225.8945207450554	-0.2763740926554902
10961	36	37	Temporal Fusiform Cortex, anterior division	cope	-76.06274196188501	9.482804975178462
10961	37	38	Temporal Fusiform Cortex, posterior division	cope	-117.03965123949281	1.274844174005617
10961	38	39	Temporal Occipital Fusiform Cortex	cope	-117.03549642718076	-1.002240231387809
10961	39	40	Occipital Fusiform Gyrus	cope	-139.7991104837769	-2.0663291918091042
10961	40	41	Frontal Operculum Cortex	cope	-134.8792561763475	-0.3777537804934345
10961	41	42	Central Opercular Cortex	cope	29.52686027225511	-1.4683793765066677
10961	42	43	Parietal Operculum Cortex	cope	23.769177525933017	1.527849710716625
10961	43	44	Planum Polare	cope	69.88750059686544	10.484422559416249
10961	44	45	Heschl's Gyrus (includes H1 and H2)	cope	29.75395754625171	8.004212105260466
10961	45	46	Planum Temporale	cope	77.4054383855117	7.758347900785568
10961	46	47	Supracalcarine Cortex	cope	-391.6381810776731	5.125169550128122
10961	47	48	Occipital Pole	cope	-21.95987936974709	2.4451383025691174
10966	0	1	Frontal Pole	cope	-160.52223278389593	-0.0852666172077145
10966	1	2	Insular Cortex	cope	-9.842606475790504	2.156180377211326
10966	2	3	Superior Frontal Gyrus	cope	-238.62616199752878	-0.3199299714754797
10966	3	4	Middle Frontal Gyrus	cope	-321.29283563616656	-0.36991005414863126
10966	4	5	Inferior Frontal Gyrus, pars triangularis	cope	-293.42526820575426	-4.736172479998166
10966	5	6	Inferior Frontal Gyrus, pars opercularis	cope	-369.50524203525686	0.7599888084123957
10966	6	7	Precentral Gyrus	cope	-82.39141095541572	5.387157970542636
10966	7	8	Temporal Pole	cope	-68.54866094899417	-1.8973622398495695
10966	8	9	Superior Temporal Gyrus, anterior division	cope	-127.34842626131498	-1.9884336678920171
10966	9	10	Superior Temporal Gyrus, posterior division	cope	-77.90769231425864	-2.1705679842331387
10966	10	11	Middle Temporal Gyrus, anterior division	cope	-0.23675434531560585	-4.280239137067501
10966	11	12	Middle Temporal Gyrus, posterior division	cope	-148.77701066110444	-5.297552244958611
10966	12	13	Middle Temporal Gyrus, temporooccipital part	cope	-288.91498028272775	-5.675336479577025
10966	13	14	Inferior Temporal Gyrus, anterior division	cope	3.4027101866592315	1.1372674267143892
10966	14	15	Inferior Temporal Gyrus, posterior division	cope	-45.04809742478732	-2.7550282465818516
10966	15	16	Inferior Temporal Gyrus, temporooccipital part	cope	-305.5579253235218	-3.6551102010095353
10966	16	17	Postcentral Gyrus	cope	27.888388179579508	6.700497418201893
10966	17	18	Superior Parietal Lobule	cope	-214.83998328118813	1.8479943265282888
10966	18	19	Supramarginal Gyrus, anterior division	cope	12.058510669969298	3.6104339177202847
10966	19	20	Supramarginal Gyrus, posterior division	cope	-262.4084791979677	2.0598986304446902
10966	20	21	Angular Gyrus	cope	-265.29437687276356	-4.024674025222394
10966	21	22	Lateral Occipital Cortex, superior division	cope	-212.21447079804977	0.9267111867635406
10966	22	23	Lateral Occipital Cortex, inferior division	cope	-150.83417992958093	-0.8386011562187857
10966	23	24	Intracalcarine Cortex	cope	-69.2222177730692	10.065411996803018
10966	24	25	Frontal Medial Cortex	cope	133.799809064333	5.7948260218803345
10966	25	26	Juxtapositional Lobule Cortex (formerly Supplementary Motor Cortex)	cope	-24.200509064503617	2.585664102999569
10966	26	27	Subcallosal Cortex	cope	44.65553328073942	-3.93725440734281
10966	27	28	Paracingulate Gyrus	cope	-152.42717823631492	5.915510268372642
10966	28	29	Cingulate Gyrus, anterior division	cope	-67.42217587517038	2.9653794377824187
10966	29	30	Cingulate Gyrus, posterior division	cope	-260.50092117539475	-0.9280498909226486
10966	30	31	Precuneous Cortex	cope	-160.70704368622555	3.5006446673595835
10966	31	32	Cuneal Cortex	cope	-90.0570253703388	5.32166614129462
10966	32	33	Frontal Orbital Cortex	cope	-19.802842084366603	-2.9912674378848148
10966	33	34	Parahippocampal Gyrus, anterior division	cope	54.372512218171515	2.766232399558401
10966	34	35	Parahippocampal Gyrus, posterior division	cope	67.05625713208936	1.5690463873575318
10966	35	36	Lingual Gyrus	cope	-80.49483456711175	8.87074660820517
10966	36	37	Temporal Fusiform Cortex, anterior division	cope	-101.14853357761464	0.28949311298998537
10966	37	38	Temporal Fusiform Cortex, posterior division	cope	-81.47300818936961	-2.060975855092555
10966	38	39	Temporal Occipital Fusiform Cortex	cope	-204.451474191626	-1.1247350404082812
10966	39	40	Occipital Fusiform Gyrus	cope	-247.3434509484593	2.9499401959693143
10966	40	41	Frontal Operculum Cortex	cope	-228.9069973823904	3.5919879010091966
10966	41	42	Central Opercular Cortex	cope	42.354885111986235	8.175303993692015
10966	42	43	Parietal Operculum Cortex	cope	-23.11136413074387	5.7960118393409
10966	43	44	Planum Polare	cope	-96.96134882255365	2.4063251219291724
10966	44	45	Heschl's Gyrus (includes H1 and H2)	cope	25.097201506388352	5.301752641041707
10966	45	46	Planum Temporale	cope	-56.18964569423338	7.196162803980865
10966	46	47	Supracalcarine Cortex	cope	27.121659674543015	3.6447414616320994
10966	47	48	Occipital Pole	cope	-104.4423097679893	-1.7022400057956897
10969	0	1	Frontal Pole	cope	-97.31356113413206	1.7982479530001676
10969	1	2	Insular Cortex	cope	42.51889197974176	-1.565799355029785
10969	2	3	Superior Frontal Gyrus	cope	-166.33363606333805	3.671786198287504
10969	3	4	Middle Frontal Gyrus	cope	-170.03240845645126	6.460572462368338
10969	4	5	Inferior Frontal Gyrus, pars triangularis	cope	-168.6981876350324	-0.3568175939635861
10969	5	6	Inferior Frontal Gyrus, pars opercularis	cope	-144.62748704307114	2.944548883052979
10969	6	7	Precentral Gyrus	cope	52.13949672912596	1.534965814765937
10969	7	8	Temporal Pole	cope	-34.0061692099899	-0.5051454920377243
10969	8	9	Superior Temporal Gyrus, anterior division	cope	187.64305280294172	-0.6165174489793105
10969	9	10	Superior Temporal Gyrus, posterior division	cope	222.39696009902212	1.2649193494943538
10969	10	11	Middle Temporal Gyrus, anterior division	cope	-92.61724746903377	-0.38388100360909394
10969	11	12	Middle Temporal Gyrus, posterior division	cope	-48.30945590931348	2.592488292890892
10969	12	13	Middle Temporal Gyrus, temporooccipital part	cope	2.5122697103302287	2.7690824783462236
10969	13	14	Inferior Temporal Gyrus, anterior division	cope	-70.21918009688868	-1.1973331783341585
10969	14	15	Inferior Temporal Gyrus, posterior division	cope	31.590543556504134	-1.9897233839559796
10969	15	16	Inferior Temporal Gyrus, temporooccipital part	cope	45.60929818035785	2.0534000504299748
10969	16	17	Postcentral Gyrus	cope	114.92985737536264	1.8790017141458457
10969	17	18	Superior Parietal Lobule	cope	88.19493740448958	1.0276544438112831
10969	18	19	Supramarginal Gyrus, anterior division	cope	100.03436517914136	-2.9557331877406896
10969	19	20	Supramarginal Gyrus, posterior division	cope	16.162695774642398	1.5135519539383617
10969	20	21	Angular Gyrus	cope	-146.46199974674863	6.104210254972621
10969	21	22	Lateral Occipital Cortex, superior division	cope	-29.272614290815046	2.9728669449958383
10969	22	23	Lateral Occipital Cortex, inferior division	cope	88.51321236131909	-0.9577435402982931
10969	23	24	Intracalcarine Cortex	cope	85.41166803376942	-7.021940174240778
10969	24	25	Frontal Medial Cortex	cope	-81.19680507259166	-2.939467782111746
10969	25	26	Juxtapositional Lobule Cortex (formerly Supplementary Motor Cortex)	cope	5.088100822390737	2.215437675628031
10969	26	27	Subcallosal Cortex	cope	16.465035197368035	0.5035589519315041
10969	27	28	Paracingulate Gyrus	cope	-237.14016049632286	1.8890439576127165
10969	28	29	Cingulate Gyrus, anterior division	cope	-158.253487886198	0.18404521901279855
10969	29	30	Cingulate Gyrus, posterior division	cope	-242.71450195680345	1.5746457173749804
10969	30	31	Precuneous Cortex	cope	-188.79554759464332	-0.041544420183255326
10969	31	32	Cuneal Cortex	cope	180.647556493129	-6.882725349030645
10969	32	33	Frontal Orbital Cortex	cope	-93.67280381623236	1.1772668590419926
10969	33	34	Parahippocampal Gyrus, anterior division	cope	24.888104156450886	-4.288367370258918
10969	34	35	Parahippocampal Gyrus, posterior division	cope	45.40346488232883	-0.5663136699605944
10969	35	36	Lingual Gyrus	cope	120.27165676022348	-6.444222742527429
10969	36	37	Temporal Fusiform Cortex, anterior division	cope	-166.014696290307	-1.3853817759676184
10969	37	38	Temporal Fusiform Cortex, posterior division	cope	50.988479209348895	-1.6496029147217468
10969	38	39	Temporal Occipital Fusiform Cortex	cope	35.37745675945799	-0.19621758723200364
10969	39	40	Occipital Fusiform Gyrus	cope	145.88993484615733	1.783596561575132
10969	40	41	Frontal Operculum Cortex	cope	-80.21112330445722	-1.0954899328346013
10969	41	42	Central Opercular Cortex	cope	169.08202089679557	-3.471617198819595
10969	42	43	Parietal Operculum Cortex	cope	245.3577453248997	-1.760542427610398
10969	43	44	Planum Polare	cope	90.67922959891894	-1.0034779640099474
10969	44	45	Heschl's Gyrus (includes H1 and H2)	cope	-46.95812999872568	0.5186134226585862
10969	45	46	Planum Temporale	cope	156.90836336424476	-1.3328636325392718
10969	46	47	Supracalcarine Cortex	cope	290.11659502475817	-11.690817416962632
10969	47	48	Occipital Pole	cope	97.72985943358137	-2.8949127464661824
10977	0	1	Frontal Pole	cope	106.63085931740984	-1.5305330699477107
10977	1	2	Insular Cortex	cope	-31.6644391595218	-2.5976305682375287
10977	2	3	Superior Frontal Gyrus	cope	27.980243903315802	-3.4069141297922645
10977	3	4	Middle Frontal Gyrus	cope	68.49196425270671	-1.9616370970379207
10977	4	5	Inferior Frontal Gyrus, pars triangularis	cope	196.14044727603778	-2.3585360712529835
10977	5	6	Inferior Frontal Gyrus, pars opercularis	cope	271.9794545124898	-3.7204633504013813
10977	6	7	Precentral Gyrus	cope	82.9477602720287	1.0075249602645855
10977	7	8	Temporal Pole	cope	-0.38933758852957784	1.242720494002375
10977	8	9	Superior Temporal Gyrus, anterior division	cope	-166.4927474272557	3.8256076072987457
10977	9	10	Superior Temporal Gyrus, posterior division	cope	-167.31277712250684	0.46858246035438467
10977	10	11	Middle Temporal Gyrus, anterior division	cope	-104.58787001048896	5.676818851348179
10977	11	12	Middle Temporal Gyrus, posterior division	cope	-45.901936332963906	2.215162206965723
10977	12	13	Middle Temporal Gyrus, temporooccipital part	cope	4.7327433334256135	4.089963499369532
10977	13	14	Inferior Temporal Gyrus, anterior division	cope	-87.28197204537645	-4.7059943055921405
10977	14	15	Inferior Temporal Gyrus, posterior division	cope	128.74089461393208	0.02792577126358704
10977	15	16	Inferior Temporal Gyrus, temporooccipital part	cope	130.23907534749623	2.703044733765827
10977	16	17	Postcentral Gyrus	cope	23.089056812840635	0.21996586705598495
10977	17	18	Superior Parietal Lobule	cope	14.079635537046148	1.7487216108891712
10977	18	19	Supramarginal Gyrus, anterior division	cope	-14.037936692602104	1.6378370731379146
10977	19	20	Supramarginal Gyrus, posterior division	cope	-4.737809079409753	2.1059051829314717
10977	20	21	Angular Gyrus	cope	63.96520685630988	4.033528381607438
10977	21	22	Lateral Occipital Cortex, superior division	cope	21.10372861124427	1.4156405079118377
10977	22	23	Lateral Occipital Cortex, inferior division	cope	-13.7072963966224	4.038797835174376
10977	23	24	Intracalcarine Cortex	cope	84.371054834168	2.693785399100689
10977	24	25	Frontal Medial Cortex	cope	-4.551463172368124	13.784162928340361
10977	25	26	Juxtapositional Lobule Cortex (formerly Supplementary Motor Cortex)	cope	74.64749602127719	0.24166897948315316
10977	26	27	Subcallosal Cortex	cope	535.0992501368889	8.397838510601566
10977	27	28	Paracingulate Gyrus	cope	65.88429676792818	-0.5417889296367955
10977	28	29	Cingulate Gyrus, anterior division	cope	43.95528674239324	-0.5132978501607826
10977	29	30	Cingulate Gyrus, posterior division	cope	148.86472513737849	6.546373297267727
10977	30	31	Precuneous Cortex	cope	35.084544980988674	4.158311342753151
10977	31	32	Cuneal Cortex	cope	114.41300984682668	0.06299958799752983
10977	32	33	Frontal Orbital Cortex	cope	158.4919042656415	-0.2920880698686717
10977	33	34	Parahippocampal Gyrus, anterior division	cope	151.8737103411087	2.3978439591025555
10977	34	35	Parahippocampal Gyrus, posterior division	cope	144.22722587315542	6.145360985487032
10977	35	36	Lingual Gyrus	cope	-60.24339686900317	2.1320398943016103
10977	36	37	Temporal Fusiform Cortex, anterior division	cope	441.4827410921137	-1.0932373810321727
10977	37	38	Temporal Fusiform Cortex, posterior division	cope	123.70173393202731	5.752655692620559
10977	38	39	Temporal Occipital Fusiform Cortex	cope	-7.837036037854649	7.431932119384853
10977	39	40	Occipital Fusiform Gyrus	cope	176.09179068899027	5.338826784814227
10977	40	41	Frontal Operculum Cortex	cope	206.41690597013266	-10.618228773954286
10977	41	42	Central Opercular Cortex	cope	66.3680780968708	2.4910475677341877
10977	42	43	Parietal Operculum Cortex	cope	50.1044422496999	1.9527117878713924
10977	43	44	Planum Polare	cope	-326.19463883647484	2.5235890137842136
10977	44	45	Heschl's Gyrus (includes H1 and H2)	cope	-16.309524780817434	-0.16358248329834588
10977	45	46	Planum Temporale	cope	-133.63609314908032	0.6372902097433311
10977	46	47	Supracalcarine Cortex	cope	138.6738097591603	4.323388784806779
10977	47	48	Occipital Pole	cope	15.202397822593746	2.249112922819969
10983	0	1	Frontal Pole	cope	-56.47858451703402	0.9230562460255752
10983	1	2	Insular Cortex	cope	-120.64721871224484	0.5569303971462403
10983	2	3	Superior Frontal Gyrus	cope	-173.15711678953556	2.9270301978239113
10983	3	4	Middle Frontal Gyrus	cope	-110.86753944989448	0.7781233530362079
10983	4	5	Inferior Frontal Gyrus, pars triangularis	cope	-173.28813989289583	2.00879341333468
10983	5	6	Inferior Frontal Gyrus, pars opercularis	cope	-138.78284639995337	2.2888437938551007
10983	6	7	Precentral Gyrus	cope	-30.99370080259497	2.2962382541775828
10983	7	8	Temporal Pole	cope	-238.25264114938437	1.9228859518972394
10983	8	9	Superior Temporal Gyrus, anterior division	cope	29.418883673350017	5.815620056138589
10983	9	10	Superior Temporal Gyrus, posterior division	cope	-51.24295989975527	7.0979275614894055
10983	10	11	Middle Temporal Gyrus, anterior division	cope	-150.52006519765996	2.4339172762860337
10983	11	12	Middle Temporal Gyrus, posterior division	cope	-131.58182258965823	2.906622219931982
10983	12	13	Middle Temporal Gyrus, temporooccipital part	cope	71.89790739254332	1.3485545210932295
10983	13	14	Inferior Temporal Gyrus, anterior division	cope	-325.5633744177734	-5.1688716211438885
10983	14	15	Inferior Temporal Gyrus, posterior division	cope	-206.37761515947244	1.5768316822031516
10983	15	16	Inferior Temporal Gyrus, temporooccipital part	cope	48.2273778201484	3.423557803861418
10983	16	17	Postcentral Gyrus	cope	-50.862975765738796	2.806198024666139
10983	17	18	Superior Parietal Lobule	cope	-40.666451101814665	2.4713279038296125
10983	18	19	Supramarginal Gyrus, anterior division	cope	69.45026050496985	0.8199031482640378
10983	19	20	Supramarginal Gyrus, posterior division	cope	-110.3884335335042	1.7277847526494312
10983	20	21	Angular Gyrus	cope	-112.33433544563914	4.776981483862456
10983	21	22	Lateral Occipital Cortex, superior division	cope	53.444501153202665	2.5043425256519654
10983	22	23	Lateral Occipital Cortex, inferior division	cope	183.83151411000918	3.2721066787443602
10983	23	24	Intracalcarine Cortex	cope	110.92987385079091	4.085124400634579
10983	24	25	Frontal Medial Cortex	cope	50.20013835370963	-7.032672747031699
10983	25	26	Juxtapositional Lobule Cortex (formerly Supplementary Motor Cortex)	cope	-32.234365021054806	1.8357350903160468
10983	26	27	Subcallosal Cortex	cope	159.03088572667195	-1.5218118824064732
10983	27	28	Paracingulate Gyrus	cope	-61.11006378550206	1.6701026084615216
10983	28	29	Cingulate Gyrus, anterior division	cope	49.28736923805485	0.19718117466945226
10983	29	30	Cingulate Gyrus, posterior division	cope	80.30332159335272	2.8678456942611374
10983	30	31	Precuneous Cortex	cope	72.52998923039728	1.465952528909737
10983	31	32	Cuneal Cortex	cope	19.73755887943731	4.802013006082999
10983	32	33	Frontal Orbital Cortex	cope	-116.43511873599341	-2.0750144553532595
10983	33	34	Parahippocampal Gyrus, anterior division	cope	-226.44413428549217	-1.817677448554154
10983	34	35	Parahippocampal Gyrus, posterior division	cope	18.461702453840594	-5.735796307083571
10983	35	36	Lingual Gyrus	cope	124.58217881328544	2.329604257540287
10983	36	37	Temporal Fusiform Cortex, anterior division	cope	-173.9203603893307	-0.016725549355466315
10983	37	38	Temporal Fusiform Cortex, posterior division	cope	-38.62754990537483	0.22552494853478497
10983	38	39	Temporal Occipital Fusiform Cortex	cope	172.7083694491852	3.471533958323529
10983	39	40	Occipital Fusiform Gyrus	cope	196.04549017229576	5.727395742271517
10983	40	41	Frontal Operculum Cortex	cope	-248.03159931101717	6.656604201685512
10983	41	42	Central Opercular Cortex	cope	-43.37086826659018	0.9355939937321213
10983	42	43	Parietal Operculum Cortex	cope	204.8245899996479	-3.335712921701674
10983	43	44	Planum Polare	cope	-94.19608009680537	-1.2846063865430455
10983	44	45	Heschl's Gyrus (includes H1 and H2)	cope	93.40030664013278	-0.21998919731151947
10983	45	46	Planum Temporale	cope	188.58427011933682	0.15538337006855374
10983	46	47	Supracalcarine Cortex	cope	31.828932783071032	5.509363402196384
10983	47	48	Occipital Pole	cope	71.29090088885035	5.2078161005490475
10984	0	1	Frontal Pole	cope	149.65362624052153	1.7587356089237531
10984	1	2	Insular Cortex	cope	146.99502583089298	6.511491273912472
10984	2	3	Superior Frontal Gyrus	cope	125.8508206398371	2.594013403484425
10984	3	4	Middle Frontal Gyrus	cope	184.17005015013729	6.411245946391233
10984	4	5	Inferior Frontal Gyrus, pars triangularis	cope	12.332608670167147	2.981135264227013
10984	5	6	Inferior Frontal Gyrus, pars opercularis	cope	193.32369487272874	7.284271345029803
10984	6	7	Precentral Gyrus	cope	140.5153259003655	11.018710662643599
10984	7	8	Temporal Pole	cope	-11.675303712735106	-0.24464827779258386
10984	8	9	Superior Temporal Gyrus, anterior division	cope	36.81131216195914	6.223678985467324
10984	9	10	Superior Temporal Gyrus, posterior division	cope	-89.01439469278633	2.8027437860267117
10984	10	11	Middle Temporal Gyrus, anterior division	cope	20.33875425182172	-3.0785645014981724
10984	11	12	Middle Temporal Gyrus, posterior division	cope	-64.78520582762837	-1.433969841347897
10984	12	13	Middle Temporal Gyrus, temporooccipital part	cope	-21.706568432613143	4.265103670943944
10984	13	14	Inferior Temporal Gyrus, anterior division	cope	-195.80020208189472	-9.185338607730245
10984	14	15	Inferior Temporal Gyrus, posterior division	cope	-154.3356225168097	-5.629726922234516
10984	15	16	Inferior Temporal Gyrus, temporooccipital part	cope	76.2236136414055	4.6912506698533445
10984	16	17	Postcentral Gyrus	cope	78.46157268993232	6.478605818474747
10984	17	18	Superior Parietal Lobule	cope	191.52860075720338	7.955299489161004
10984	18	19	Supramarginal Gyrus, anterior division	cope	331.8629074430024	9.906534814061942
10984	19	20	Supramarginal Gyrus, posterior division	cope	150.29023347298136	5.150129888768346
10984	20	21	Angular Gyrus	cope	35.487568353127855	0.5576431508540048
10984	21	22	Lateral Occipital Cortex, superior division	cope	103.34785419041229	6.97280474676325
10984	22	23	Lateral Occipital Cortex, inferior division	cope	-22.63053069680592	10.311719233712958
10984	23	24	Intracalcarine Cortex	cope	46.64008180501396	18.996552256758577
10984	24	25	Frontal Medial Cortex	cope	180.32093187701616	-1.4649715652583655
10984	25	26	Juxtapositional Lobule Cortex (formerly Supplementary Motor Cortex)	cope	180.7817862625863	15.615802039971223
10984	26	27	Subcallosal Cortex	cope	-1.5994078998382275	-2.4325881748460234
10984	27	28	Paracingulate Gyrus	cope	223.96182595972982	5.506626855946775
10984	28	29	Cingulate Gyrus, anterior division	cope	329.94971733319306	10.05169957863306
10984	29	30	Cingulate Gyrus, posterior division	cope	132.25448451897077	7.716437462906752
10984	30	31	Precuneous Cortex	cope	66.83500387806924	10.960975377152907
10984	31	32	Cuneal Cortex	cope	-29.558918253413324	10.869794166412518
10984	32	33	Frontal Orbital Cortex	cope	114.63543792907664	-0.3888843647723367
10984	33	34	Parahippocampal Gyrus, anterior division	cope	-234.85897712299771	-2.7439212565335023
10984	34	35	Parahippocampal Gyrus, posterior division	cope	-9.153925876909831	0.5992909594807985
10984	35	36	Lingual Gyrus	cope	-71.7045546067509	8.819439783142615
10984	36	37	Temporal Fusiform Cortex, anterior division	cope	-289.65524795883937	-0.47794769091386324
10984	37	38	Temporal Fusiform Cortex, posterior division	cope	-118.41553316264063	2.0833007900678293
10984	38	39	Temporal Occipital Fusiform Cortex	cope	23.28261863787879	10.059963653911625
10984	39	40	Occipital Fusiform Gyrus	cope	-58.37819820186778	8.66041416950689
10984	40	41	Frontal Operculum Cortex	cope	3.069057299309418	8.395455997636807
10984	41	42	Central Opercular Cortex	cope	126.24616887153856	8.735253047442495
10984	42	43	Parietal Operculum Cortex	cope	92.39481186083881	7.1765466883216
10984	43	44	Planum Polare	cope	88.67301080973094	8.559044198282347
10984	44	45	Heschl's Gyrus (includes H1 and H2)	cope	42.93507444501473	9.353132356181398
10984	45	46	Planum Temporale	cope	24.49495465933781	7.568084894436982
10984	46	47	Supracalcarine Cortex	cope	90.66513139389932	18.714235584786596
10984	47	48	Occipital Pole	cope	-45.14117491332706	9.804112213862394
10998	0	1	Frontal Pole	cope	-21.98383942019883	0.26481100623429105
10998	1	2	Insular Cortex	cope	-99.4373774555069	12.732998068658176
10998	2	3	Superior Frontal Gyrus	cope	-11.100716215185983	1.0707593701888078
10998	3	4	Middle Frontal Gyrus	cope	-102.1872574839364	0.09456644232693898
10998	4	5	Inferior Frontal Gyrus, pars triangularis	cope	-85.59543235702526	-1.7215706655549243
10998	5	6	Inferior Frontal Gyrus, pars opercularis	cope	-117.7666255693855	0.044185554134385956
10998	6	7	Precentral Gyrus	cope	-82.30258670891621	2.8190239623057756
10998	7	8	Temporal Pole	cope	-128.39797969025426	7.957371464208451
10998	8	9	Superior Temporal Gyrus, anterior division	cope	-97.12731788769746	7.556242462197462
10998	9	10	Superior Temporal Gyrus, posterior division	cope	-46.105502128601074	4.095413966316053
10998	10	11	Middle Temporal Gyrus, anterior division	cope	-113.73262363449851	3.5808501528492616
10998	11	12	Middle Temporal Gyrus, posterior division	cope	-93.11039485832448	2.7728111925323238
10998	12	13	Middle Temporal Gyrus, temporooccipital part	cope	-147.2476118899359	10.689729441259635
10998	13	14	Inferior Temporal Gyrus, anterior division	cope	-54.02933915479649	4.854245221165158
10998	14	15	Inferior Temporal Gyrus, posterior division	cope	-62.49435930846139	4.42422028274137
10998	15	16	Inferior Temporal Gyrus, temporooccipital part	cope	-102.99733358477033	1.9016882546016696
10998	16	17	Postcentral Gyrus	cope	-62.36484450840432	5.676084370641442
10998	17	18	Superior Parietal Lobule	cope	15.427561478977754	-5.994566784961409
10998	18	19	Supramarginal Gyrus, anterior division	cope	-46.61291413998438	8.730092371710473
10998	19	20	Supramarginal Gyrus, posterior division	cope	-125.35581643987648	1.546621754678671
10998	20	21	Angular Gyrus	cope	-22.096174919287566	3.023823597744996
10998	21	22	Lateral Occipital Cortex, superior division	cope	-53.963634494118494	7.150041596023389
10998	22	23	Lateral Occipital Cortex, inferior division	cope	-10.205211877074348	-0.9321626782397469
10998	23	24	Intracalcarine Cortex	cope	-94.49325120924512	0.7922293395682778
10998	24	25	Frontal Medial Cortex	cope	-215.81333013586965	15.019157289362228
10998	25	26	Juxtapositional Lobule Cortex (formerly Supplementary Motor Cortex)	cope	110.37904001047482	2.8979577096304983
10998	26	27	Subcallosal Cortex	cope	-108.05923139086137	14.465675808962148
10998	27	28	Paracingulate Gyrus	cope	23.546120978687433	8.828794668888237
10998	28	29	Cingulate Gyrus, anterior division	cope	-147.72145506190293	12.015845817317436
10998	29	30	Cingulate Gyrus, posterior division	cope	-23.431120872906277	18.417565701678395
10998	30	31	Precuneous Cortex	cope	-3.7072569776987723	24.03767347198242
10998	31	32	Cuneal Cortex	cope	-100.78864137402131	3.519081322620819
10998	32	33	Frontal Orbital Cortex	cope	-107.01511314010003	7.495950288310141
10998	33	34	Parahippocampal Gyrus, anterior division	cope	-141.60003177834824	3.64636568848736
10998	34	35	Parahippocampal Gyrus, posterior division	cope	-183.82000371870004	19.078645026177732
10998	35	36	Lingual Gyrus	cope	-117.09821684244673	6.540637639828539
10998	36	37	Temporal Fusiform Cortex, anterior division	cope	-29.197038439571436	0.765929149952552
10998	37	38	Temporal Fusiform Cortex, posterior division	cope	-169.4184473327228	3.4127010952027295
10998	38	39	Temporal Occipital Fusiform Cortex	cope	-158.16844808602636	-4.216729761172039
10998	39	40	Occipital Fusiform Gyrus	cope	23.31187116605335	-6.438567937172334
10998	40	41	Frontal Operculum Cortex	cope	-121.12248994622912	5.972028886132381
10998	41	42	Central Opercular Cortex	cope	-3.351335767416223	11.6251576903694
10998	42	43	Parietal Operculum Cortex	cope	64.25850440501259	12.985765573961027
10998	43	44	Planum Polare	cope	-235.07637196369754	12.790894012642271
10998	44	45	Heschl's Gyrus (includes H1 and H2)	cope	-38.70611387628564	12.575739357603311
10998	45	46	Planum Temporale	cope	63.92965210441737	13.083366100653139
10998	46	47	Supracalcarine Cortex	cope	-130.6100490651232	2.2265047039440335
10998	47	48	Occipital Pole	cope	8.405571598249988	1.2618058956548537
11007	0	1	Frontal Pole	cope	-3.4100083857983323	1.8843469018662213
11007	1	2	Insular Cortex	cope	-61.60283768654908	-1.8791192305849467
11007	2	3	Superior Frontal Gyrus	cope	-47.512226838240494	-1.1855964017414036
11007	3	4	Middle Frontal Gyrus	cope	-40.65070239313415	3.8226494595862257
11007	4	5	Inferior Frontal Gyrus, pars triangularis	cope	-84.56706986771982	-0.8314156318660142
11007	5	6	Inferior Frontal Gyrus, pars opercularis	cope	-206.88698765203412	0.831415434618529
11007	6	7	Precentral Gyrus	cope	-53.37740732653651	1.5958194671769306
11007	7	8	Temporal Pole	cope	-21.475994584166397	-5.998861901392506
11007	8	9	Superior Temporal Gyrus, anterior division	cope	-19.540022626442788	-0.684457348076961
11007	9	10	Superior Temporal Gyrus, posterior division	cope	-27.47630949918326	3.1064700218667456
11007	10	11	Middle Temporal Gyrus, anterior division	cope	-50.33795703373738	-2.904291223612294
11007	11	12	Middle Temporal Gyrus, posterior division	cope	-9.958800346424928	0.7843287088411305
11007	12	13	Middle Temporal Gyrus, temporooccipital part	cope	-38.36976585178501	4.003207620727141
11007	13	14	Inferior Temporal Gyrus, anterior division	cope	-65.8537744361268	-5.826180915926864
11007	14	15	Inferior Temporal Gyrus, posterior division	cope	-8.132543969709435	0.6588685386401174
11007	15	16	Inferior Temporal Gyrus, temporooccipital part	cope	-42.0713658550226	1.4153686863254693
11007	16	17	Postcentral Gyrus	cope	-23.41060582668237	-0.6257479521318885
11007	17	18	Superior Parietal Lobule	cope	-71.79453470528595	6.166436459238487
11007	18	19	Supramarginal Gyrus, anterior division	cope	-21.71505386708132	4.304686662715998
11007	19	20	Supramarginal Gyrus, posterior division	cope	-88.31770019265446	5.406009908163971
11007	20	21	Angular Gyrus	cope	-82.67292894376678	0.9101511044421843
11007	21	22	Lateral Occipital Cortex, superior division	cope	-43.13358891307228	0.9562714697852105
11007	22	23	Lateral Occipital Cortex, inferior division	cope	-4.415614324249451	0.1298133532608985
11007	23	24	Intracalcarine Cortex	cope	-57.131011788454266	-1.5877141255945608
11007	24	25	Frontal Medial Cortex	cope	85.70844818176107	-8.796533440021758
11007	25	26	Juxtapositional Lobule Cortex (formerly Supplementary Motor Cortex)	cope	-22.903860778572994	-1.1353486410681963
11007	26	27	Subcallosal Cortex	cope	90.15232284349891	-4.325967886714408
11007	27	28	Paracingulate Gyrus	cope	47.27858851530017	0.40989678129770213
11007	28	29	Cingulate Gyrus, anterior division	cope	-11.623730768315431	-1.0704495052610212
11007	29	30	Cingulate Gyrus, posterior division	cope	26.29875006038802	-0.25085278775809067
11007	30	31	Precuneous Cortex	cope	-17.930852019810054	-0.16659532442534952
11007	31	32	Cuneal Cortex	cope	-17.065028138937812	-1.9615454301403261
11007	32	33	Frontal Orbital Cortex	cope	-16.754796354428912	-3.20875534777273
11007	33	34	Parahippocampal Gyrus, anterior division	cope	104.88751681299007	-6.828315962147198
11007	34	35	Parahippocampal Gyrus, posterior division	cope	10.571605260417147	-1.9377697228823068
11007	35	36	Lingual Gyrus	cope	-34.58168153529949	-2.151324632750289
11007	36	37	Temporal Fusiform Cortex, anterior division	cope	84.14966353457025	-2.2481291795823166
11007	37	38	Temporal Fusiform Cortex, posterior division	cope	-54.92194265101534	-1.7082811820251858
11007	38	39	Temporal Occipital Fusiform Cortex	cope	-28.012346325256942	-4.034985732034549
11007	39	40	Occipital Fusiform Gyrus	cope	-15.333335763836047	-0.26487165834195414
11007	40	41	Frontal Operculum Cortex	cope	0.8122377538380503	3.0176379710686305
11007	41	42	Central Opercular Cortex	cope	-21.0302300371033	0.22400113638876684
11007	42	43	Parietal Operculum Cortex	cope	-23.668674317146014	3.131673629234928
11007	43	44	Planum Polare	cope	-47.63006384409111	-3.7132400268304893
11007	44	45	Heschl's Gyrus (includes H1 and H2)	cope	-31.53326178304336	-0.732874776481346
11007	45	46	Planum Temporale	cope	-29.99638239449081	1.6766461478597858
11007	46	47	Supracalcarine Cortex	cope	-113.8433480922212	-3.5439821830058986
11007	47	48	Occipital Pole	cope	58.30340860186216	0.7353676662656687
11016	0	1	Frontal Pole	cope	-5.166621629179541	-8.166191604191102
11016	1	2	Insular Cortex	cope	101.98080476372671	5.791989760614118
11016	2	3	Superior Frontal Gyrus	cope	-24.02601204130957	-7.063425504444983
11016	3	4	Middle Frontal Gyrus	cope	51.76290518558416	-9.161578939427692
11016	4	5	Inferior Frontal Gyrus, pars triangularis	cope	-161.9577995458054	-2.271547933054802
11016	5	6	Inferior Frontal Gyrus, pars opercularis	cope	-140.28562901332475	-3.4110465915588017
11016	6	7	Precentral Gyrus	cope	73.660320057841	0.6738442922351658
11016	7	8	Temporal Pole	cope	-64.3988110285208	1.5364636148712543
11016	8	9	Superior Temporal Gyrus, anterior division	cope	-31.88553626942329	0.684427984440938
11016	9	10	Superior Temporal Gyrus, posterior division	cope	-47.79474214832117	-1.139195953314374
11016	10	11	Middle Temporal Gyrus, anterior division	cope	-76.79180856502768	0.48795148946011246
11016	11	12	Middle Temporal Gyrus, posterior division	cope	-85.88231763745043	-5.747712115747965
11016	12	13	Middle Temporal Gyrus, temporooccipital part	cope	24.296695241020505	-5.0913754867484595
11016	13	14	Inferior Temporal Gyrus, anterior division	cope	-147.06590794529436	-2.124940534138821
11016	14	15	Inferior Temporal Gyrus, posterior division	cope	7.356708868070116	-0.20518253729709665
11016	15	16	Inferior Temporal Gyrus, temporooccipital part	cope	83.13995931753472	-7.188207196122133
11016	16	17	Postcentral Gyrus	cope	178.85960408015094	2.24960541626975
11016	17	18	Superior Parietal Lobule	cope	94.19210503889819	-1.6029974058896226
11016	18	19	Supramarginal Gyrus, anterior division	cope	124.01974808141865	1.0777120191534912
11016	19	20	Supramarginal Gyrus, posterior division	cope	-15.02707734597293	-2.438873462712493
11016	20	21	Angular Gyrus	cope	-89.19541977951067	-8.90969609105865
11016	21	22	Lateral Occipital Cortex, superior division	cope	62.1852921236035	-5.886000597422684
11016	22	23	Lateral Occipital Cortex, inferior division	cope	-29.980933997296763	-5.570855285907294
11016	23	24	Intracalcarine Cortex	cope	-72.14291120369843	-2.5682572097796585
11016	24	25	Frontal Medial Cortex	cope	192.440989013682	-7.216902336753007
11016	25	26	Juxtapositional Lobule Cortex (formerly Supplementary Motor Cortex)	cope	123.9787187661875	2.5606920975889707
11016	26	27	Subcallosal Cortex	cope	57.504092357938106	-0.2173743586987257
11016	27	28	Paracingulate Gyrus	cope	-49.809635249081936	-6.631982408454924
11016	28	29	Cingulate Gyrus, anterior division	cope	-72.80474522834943	-1.5354810020022125
11016	29	30	Cingulate Gyrus, posterior division	cope	-16.64682794500249	-5.447332416766456
11016	30	31	Precuneous Cortex	cope	0.16162406668506468	-6.732048606995491
11016	31	32	Cuneal Cortex	cope	-66.25263541669248	-3.2523630754629815
11016	32	33	Frontal Orbital Cortex	cope	-15.8493767053908	-4.725667901078924
11016	33	34	Parahippocampal Gyrus, anterior division	cope	34.82377724520928	0.2556528110073599
11016	34	35	Parahippocampal Gyrus, posterior division	cope	-7.445754919861847	4.611730476778071
11016	35	36	Lingual Gyrus	cope	-65.37695878598657	-1.9339837979899082
11016	36	37	Temporal Fusiform Cortex, anterior division	cope	15.740074894952436	10.190365370917828
11016	37	38	Temporal Fusiform Cortex, posterior division	cope	21.02863361441535	-0.6006961987232036
11016	38	39	Temporal Occipital Fusiform Cortex	cope	5.201090649174523	-6.253546654161699
11016	39	40	Occipital Fusiform Gyrus	cope	-78.41581582221052	-10.824410820109998
11016	40	41	Frontal Operculum Cortex	cope	-88.36994129018623	1.6478139938348357
11016	41	42	Central Opercular Cortex	cope	241.50778756847828	9.323759701660126
11016	42	43	Parietal Operculum Cortex	cope	123.57058857578009	7.709015542735832
11016	43	44	Planum Polare	cope	29.619431010184396	8.021956520083979
11016	44	45	Heschl's Gyrus (includes H1 and H2)	cope	90.5652461458461	7.006752795818764
11016	45	46	Planum Temporale	cope	58.545435173524716	6.139831244094179
11016	46	47	Supracalcarine Cortex	cope	-85.60459251606719	-4.002776330218036
11016	47	48	Occipital Pole	cope	-41.961364658860035	-6.57846507422555
11021	0	1	Frontal Pole	cope	55.455835451510936	-0.7987417362987318
11021	1	2	Insular Cortex	cope	-42.74637464037333	6.436214305171323
11021	2	3	Superior Frontal Gyrus	cope	75.92218519517213	-1.5188965576382618
11021	3	4	Middle Frontal Gyrus	cope	46.905746973928856	-1.307111685809394
11021	4	5	Inferior Frontal Gyrus, pars triangularis	cope	86.83429710464466	0.11421212953688371
11021	5	6	Inferior Frontal Gyrus, pars opercularis	cope	59.28829801237716	-0.8695892780806288
11021	6	7	Precentral Gyrus	cope	84.0624468651028	-2.2657429037494765
11021	7	8	Temporal Pole	cope	-15.07689099708234	-7.726767498834967
11021	8	9	Superior Temporal Gyrus, anterior division	cope	-58.207780722471384	-8.20200990828184
11021	9	10	Superior Temporal Gyrus, posterior division	cope	13.56320106518733	-7.15659122860555
11021	10	11	Middle Temporal Gyrus, anterior division	cope	42.61872709224473	-8.463968129656209
11021	11	12	Middle Temporal Gyrus, posterior division	cope	11.859009792420851	-1.800805431962742
11021	12	13	Middle Temporal Gyrus, temporooccipital part	cope	-24.756660557104762	-1.3555494624316857
11021	13	14	Inferior Temporal Gyrus, anterior division	cope	43.70128215417354	-6.438543734040122
11021	14	15	Inferior Temporal Gyrus, posterior division	cope	9.08474553961249	-2.4470980096951194
11021	15	16	Inferior Temporal Gyrus, temporooccipital part	cope	3.526010051036059	1.0107361419758856
11021	16	17	Postcentral Gyrus	cope	87.54627763101588	-3.4888771819143365
11021	17	18	Superior Parietal Lobule	cope	83.95552258021407	-8.073998106206007
11021	18	19	Supramarginal Gyrus, anterior division	cope	-41.83750617095718	5.51554221490536
11021	19	20	Supramarginal Gyrus, posterior division	cope	3.925193147346176	-3.037532096234704
11021	20	21	Angular Gyrus	cope	-3.5987263422572826	-5.8615958367676475
11021	21	22	Lateral Occipital Cortex, superior division	cope	2.173685088382713	-5.994630311201604
11021	22	23	Lateral Occipital Cortex, inferior division	cope	19.47033312245559	-4.581726505683521
11021	23	24	Intracalcarine Cortex	cope	227.07575533562974	-3.176798006790556
11021	24	25	Frontal Medial Cortex	cope	9.886052054504976	-11.321249130213342
11021	25	26	Juxtapositional Lobule Cortex (formerly Supplementary Motor Cortex)	cope	73.08799423559292	-1.699859310105141
11021	26	27	Subcallosal Cortex	cope	89.44498926939873	-6.831316446197721
11021	27	28	Paracingulate Gyrus	cope	60.538662899775446	0.991668004223631
11021	28	29	Cingulate Gyrus, anterior division	cope	2.067362739586161	1.908947020441578
11021	29	30	Cingulate Gyrus, posterior division	cope	34.118237617083956	0.8854592563701528
11021	30	31	Precuneous Cortex	cope	-51.69901627506988	-2.191261994518997
11021	31	32	Cuneal Cortex	cope	40.65628575340343	-2.705093259570042
11021	32	33	Frontal Orbital Cortex	cope	51.21330627574552	-0.6326159157044842
11021	33	34	Parahippocampal Gyrus, anterior division	cope	22.911182197717437	-8.610857080272606
11021	34	35	Parahippocampal Gyrus, posterior division	cope	-9.901685468205866	-0.6110581458915236
11021	35	36	Lingual Gyrus	cope	83.81679062296746	-8.309600453611147
11021	36	37	Temporal Fusiform Cortex, anterior division	cope	-11.140502429177575	-9.15891260690723
11021	37	38	Temporal Fusiform Cortex, posterior division	cope	-33.86829420221447	-7.110283829874509
11021	38	39	Temporal Occipital Fusiform Cortex	cope	-7.367650692113701	-8.688156620184191
11021	39	40	Occipital Fusiform Gyrus	cope	106.68098980370647	-7.394085355843517
11021	40	41	Frontal Operculum Cortex	cope	-32.202682362885035	7.380874122422533
11021	41	42	Central Opercular Cortex	cope	35.64699777576231	5.063314532754599
11021	42	43	Parietal Operculum Cortex	cope	8.298564322897928	-4.643248016360986
11021	43	44	Planum Polare	cope	-75.38722890592713	2.6672925926737827
11021	44	45	Heschl's Gyrus (includes H1 and H2)	cope	53.28480010998139	-2.211884238152048
11021	45	46	Planum Temporale	cope	8.650328888828735	-8.910442857955353
11021	46	47	Supracalcarine Cortex	cope	117.06827100794366	-5.88992515407463
11021	47	48	Occipital Pole	cope	85.78497712580138	-3.9066123174711813
11030	0	1	Frontal Pole	cope	-75.57027673880434	-3.6081180069283163
11030	1	2	Insular Cortex	cope	92.08365176732606	-0.8094701246190511
11030	2	3	Superior Frontal Gyrus	cope	-43.72271376076992	-1.7065250648642791
11030	3	4	Middle Frontal Gyrus	cope	-20.772851922114445	-1.5812730825921535
11030	4	5	Inferior Frontal Gyrus, pars triangularis	cope	-6.81800973107782	-3.0232440266296816
11030	5	6	Inferior Frontal Gyrus, pars opercularis	cope	76.02805909652913	-4.071900031785567
11030	6	7	Precentral Gyrus	cope	32.19119413809037	-0.7647265423866377
11030	7	8	Temporal Pole	cope	-110.91727192251845	-0.9066143623746584
11030	8	9	Superior Temporal Gyrus, anterior division	cope	-162.54006830362172	9.1985276005398
11030	9	10	Superior Temporal Gyrus, posterior division	cope	-113.9949994569088	2.367723260558658
11030	10	11	Middle Temporal Gyrus, anterior division	cope	-67.92993101495415	5.455053120353885
11030	11	12	Middle Temporal Gyrus, posterior division	cope	-14.99901431858201	4.344617969954658
11030	12	13	Middle Temporal Gyrus, temporooccipital part	cope	-155.02953757322106	1.1050403235025257
11030	13	14	Inferior Temporal Gyrus, anterior division	cope	-113.94479429426454	-4.183483006090984
11030	14	15	Inferior Temporal Gyrus, posterior division	cope	-148.08034400731128	2.3938473072687696
11030	15	16	Inferior Temporal Gyrus, temporooccipital part	cope	-99.51361988773986	2.162945338493602
11030	16	17	Postcentral Gyrus	cope	-10.270697461198205	1.3959941227710806
11030	17	18	Superior Parietal Lobule	cope	103.95389795897827	0.4771923205529259
11030	18	19	Supramarginal Gyrus, anterior division	cope	-42.25713061786395	0.9488876365987515
11030	19	20	Supramarginal Gyrus, posterior division	cope	-15.855048291304627	-0.14002576267497766
11030	20	21	Angular Gyrus	cope	-51.11672242680803	-0.43499937693311874
11030	21	22	Lateral Occipital Cortex, superior division	cope	-64.16411445792642	-2.43008924820576
11030	22	23	Lateral Occipital Cortex, inferior division	cope	-41.874802828249	0.3740187446188358
11030	23	24	Intracalcarine Cortex	cope	102.42803523448886	-7.257216582007721
11030	24	25	Frontal Medial Cortex	cope	-224.53965026414986	3.9998192854938988
11030	25	26	Juxtapositional Lobule Cortex (formerly Supplementary Motor Cortex)	cope	114.85826482241218	-1.4874245410995885
11030	26	27	Subcallosal Cortex	cope	-130.939839932781	2.32144619180606
11030	27	28	Paracingulate Gyrus	cope	-58.098382420436096	-5.47637630755376
11030	28	29	Cingulate Gyrus, anterior division	cope	-83.53880715761649	-0.4015257356153659
11030	29	30	Cingulate Gyrus, posterior division	cope	-110.87536616621699	6.385839473713721
11030	30	31	Precuneous Cortex	cope	-100.99865026718537	0.09333287874528486
11030	31	32	Cuneal Cortex	cope	-67.99787922821393	-10.946512996051831
11030	32	33	Frontal Orbital Cortex	cope	-56.06897371086032	-1.96269008838322
11030	33	34	Parahippocampal Gyrus, anterior division	cope	-36.77389366502783	2.180667759451667
11030	34	35	Parahippocampal Gyrus, posterior division	cope	-22.47661315427636	1.504052082078426
11030	35	36	Lingual Gyrus	cope	22.624002991103932	-6.866718315431916
11030	36	37	Temporal Fusiform Cortex, anterior division	cope	98.84630464450687	2.012782595681806
11030	37	38	Temporal Fusiform Cortex, posterior division	cope	19.08159051725253	3.879356159596173
11030	38	39	Temporal Occipital Fusiform Cortex	cope	65.44970877034754	1.985757985164093
11030	39	40	Occipital Fusiform Gyrus	cope	82.54567748796913	4.883464184460808
11030	40	41	Frontal Operculum Cortex	cope	66.67539823631279	-7.348383047344053
11030	41	42	Central Opercular Cortex	cope	11.198635032859322	-0.7643663701478425
11030	42	43	Parietal Operculum Cortex	cope	-49.339328104266094	-4.256248845534428
11030	43	44	Planum Polare	cope	-118.80205553633566	0.03975675793947609
11030	44	45	Heschl's Gyrus (includes H1 and H2)	cope	-34.22877907972731	-1.599622565134394
11030	45	46	Planum Temporale	cope	-82.25500582360824	-1.6703165449960533
11030	46	47	Supracalcarine Cortex	cope	61.85921366932861	-8.82466501812946
11030	47	48	Occipital Pole	cope	-58.426598092664754	0.06665161637136362
11031	0	1	Frontal Pole	cope	76.57215825429178	-5.095409503189844
11031	1	2	Insular Cortex	cope	-15.010688646162142	-8.73905733475828
11031	2	3	Superior Frontal Gyrus	cope	47.7117388460265	0.040203020923285517
11031	3	4	Middle Frontal Gyrus	cope	103.57074333718094	-9.536106510704869
11031	4	5	Inferior Frontal Gyrus, pars triangularis	cope	9.228007234017783	-14.859142570782009
11031	5	6	Inferior Frontal Gyrus, pars opercularis	cope	31.79592011046343	-13.732971456767403
11031	6	7	Precentral Gyrus	cope	-147.07836594836624	-11.910977781345734
11031	7	8	Temporal Pole	cope	9.46456053440517	-2.12363927669815
11031	8	9	Superior Temporal Gyrus, anterior division	cope	7.890201384898944	-3.6384691334496706
11031	9	10	Superior Temporal Gyrus, posterior division	cope	92.58480792889347	-4.498676875080043
11031	10	11	Middle Temporal Gyrus, anterior division	cope	90.50358339067715	2.9668297944785054
11031	11	12	Middle Temporal Gyrus, posterior division	cope	27.781342382179737	-2.6092066910511744
11031	12	13	Middle Temporal Gyrus, temporooccipital part	cope	132.7089026566221	-9.459694319576322
11031	13	14	Inferior Temporal Gyrus, anterior division	cope	34.14910324826043	-2.5297715044056877
11031	14	15	Inferior Temporal Gyrus, posterior division	cope	-80.15596069220429	-4.30475666117906
11031	15	16	Inferior Temporal Gyrus, temporooccipital part	cope	107.54077852981638	-15.382582218983947
11031	16	17	Postcentral Gyrus	cope	-104.0394260638758	-9.038424150525268
11031	17	18	Superior Parietal Lobule	cope	216.741986389861	-11.391941616052561
11031	18	19	Supramarginal Gyrus, anterior division	cope	22.325315973052273	-6.634527534832833
11031	19	20	Supramarginal Gyrus, posterior division	cope	100.5512426712223	-5.303673656357176
11031	20	21	Angular Gyrus	cope	65.37086513441831	-3.12632675415737
11031	21	22	Lateral Occipital Cortex, superior division	cope	68.6617493644258	-5.711978383258753
11031	22	23	Lateral Occipital Cortex, inferior division	cope	78.6168317408304	-16.68799862152161
11031	23	24	Intracalcarine Cortex	cope	-44.45357190408827	3.7363352970861565
11031	24	25	Frontal Medial Cortex	cope	177.05393459484088	14.608310062834557
11031	25	26	Juxtapositional Lobule Cortex (formerly Supplementary Motor Cortex)	cope	-305.9044611691623	-16.828902195975488
11031	26	27	Subcallosal Cortex	cope	84.33761394161445	16.601709313289476
11031	27	28	Paracingulate Gyrus	cope	-61.58008632980209	5.2424965295394355
11031	28	29	Cingulate Gyrus, anterior division	cope	3.2039374322077987	5.383468442142672
11031	29	30	Cingulate Gyrus, posterior division	cope	207.83555273253577	3.9516217357771737
11031	30	31	Precuneous Cortex	cope	91.49749698138314	-1.876980927631366
11031	31	32	Cuneal Cortex	cope	-45.643936275642886	1.8678091548666143
11031	32	33	Frontal Orbital Cortex	cope	32.68193335190774	6.578085868984337
11031	33	34	Parahippocampal Gyrus, anterior division	cope	68.89532931478678	-9.224452158829724
11031	34	35	Parahippocampal Gyrus, posterior division	cope	60.003117487959145	-6.0376957553843
11031	35	36	Lingual Gyrus	cope	-21.914045393997842	-12.607650227512908
11031	36	37	Temporal Fusiform Cortex, anterior division	cope	97.245858995627	-5.958055352554359
11031	37	38	Temporal Fusiform Cortex, posterior division	cope	5.1467559905963185	-8.988229529746198
11031	38	39	Temporal Occipital Fusiform Cortex	cope	-52.66540803494198	-15.896256603839491
11031	39	40	Occipital Fusiform Gyrus	cope	142.14155483965845	-39.776700855714104
11031	40	41	Frontal Operculum Cortex	cope	-124.47509823326303	-6.248569373980541
11031	41	42	Central Opercular Cortex	cope	-179.80679414698804	-7.036509772987976
11031	42	43	Parietal Operculum Cortex	cope	-82.56329425881962	1.033153447265817
11031	43	44	Planum Polare	cope	76.68876368216885	-2.220459817403942
11031	44	45	Heschl's Gyrus (includes H1 and H2)	cope	-13.837160342574668	5.346523430627612
11031	45	46	Planum Temporale	cope	4.213926599626726	7.907370040786564
11031	46	47	Supracalcarine Cortex	cope	-8.144387136114405	12.076640743841516
11031	47	48	Occipital Pole	cope	123.12297882309493	-24.208318571110247
11036	0	1	Frontal Pole	cope	54.033088515230766	3.8916768036620826
11036	1	2	Insular Cortex	cope	76.8772951842698	1.8244055257766645
11036	2	3	Superior Frontal Gyrus	cope	-17.365398620890982	4.088955162671384
11036	3	4	Middle Frontal Gyrus	cope	23.38899629570885	5.200293085152871
11036	4	5	Inferior Frontal Gyrus, pars triangularis	cope	-46.8455753777723	3.401468778885645
11036	5	6	Inferior Frontal Gyrus, pars opercularis	cope	24.401202068840703	2.912259124737877
11036	6	7	Precentral Gyrus	cope	68.67342882409102	-0.07779418854213621
11036	7	8	Temporal Pole	cope	-60.20570437729298	1.519310130775915
11036	8	9	Superior Temporal Gyrus, anterior division	cope	-65.9602655893717	4.344235309156088
11036	9	10	Superior Temporal Gyrus, posterior division	cope	15.514681182221159	2.704450823582842
11036	10	11	Middle Temporal Gyrus, anterior division	cope	-55.94424560852905	0.41613365904872873
11036	11	12	Middle Temporal Gyrus, posterior division	cope	-25.350346990938302	3.3094771925917654
11036	12	13	Middle Temporal Gyrus, temporooccipital part	cope	90.29327507712654	-0.4563691655002237
11036	13	14	Inferior Temporal Gyrus, anterior division	cope	-205.4475445041995	0.8878509185370609
11036	14	15	Inferior Temporal Gyrus, posterior division	cope	4.718106349430433	0.7714539987113567
11036	15	16	Inferior Temporal Gyrus, temporooccipital part	cope	222.91766602779504	8.033935256643783
11036	16	17	Postcentral Gyrus	cope	12.945112855784272	-0.3294924609419768
11036	17	18	Superior Parietal Lobule	cope	2.1072941782280528	3.44373549191951
11036	18	19	Supramarginal Gyrus, anterior division	cope	-0.3968077635875455	-0.13116737230922337
11036	19	20	Supramarginal Gyrus, posterior division	cope	-34.20527283431509	3.1319542308967256
11036	20	21	Angular Gyrus	cope	2.6216259660839865	6.1081873331167476
11036	21	22	Lateral Occipital Cortex, superior division	cope	106.02165482209884	4.610212958614891
11036	22	23	Lateral Occipital Cortex, inferior division	cope	109.03126219619799	5.408973407471968
11036	23	24	Intracalcarine Cortex	cope	39.80712949499082	7.596197151923226
11036	24	25	Frontal Medial Cortex	cope	-9.655408698721981	1.099945756814819
11036	25	26	Juxtapositional Lobule Cortex (formerly Supplementary Motor Cortex)	cope	3.2302550727853903	-1.8286347938072238
11036	26	27	Subcallosal Cortex	cope	70.4694630567844	0.22291049195919185
11036	27	28	Paracingulate Gyrus	cope	-55.73018206643291	5.252172669352631
11036	28	29	Cingulate Gyrus, anterior division	cope	9.883746123798735	1.420446732218606
11036	29	30	Cingulate Gyrus, posterior division	cope	62.36711096647807	1.850009082535548
11036	30	31	Precuneous Cortex	cope	14.091578525207568	4.575875709822705
11036	31	32	Cuneal Cortex	cope	-15.67938579278616	3.2327946402027194
11036	32	33	Frontal Orbital Cortex	cope	1.8100702591557158	5.027985384214373
11036	33	34	Parahippocampal Gyrus, anterior division	cope	7.178488830813264	1.3778104117609955
11036	34	35	Parahippocampal Gyrus, posterior division	cope	-7.451815792074743	1.4503298392888369
11036	35	36	Lingual Gyrus	cope	111.18969010242566	7.888046569371151
11036	36	37	Temporal Fusiform Cortex, anterior division	cope	86.30426381496673	2.193976040837084
11036	37	38	Temporal Fusiform Cortex, posterior division	cope	82.94141370073449	-1.0389443553924855
11036	38	39	Temporal Occipital Fusiform Cortex	cope	123.60729913076699	6.374644681999955
11036	39	40	Occipital Fusiform Gyrus	cope	425.09008348553186	7.258003616628638
11036	40	41	Frontal Operculum Cortex	cope	-61.62856263535864	3.485207126295867
11036	41	42	Central Opercular Cortex	cope	82.20928660493966	1.3688478203124401
11036	42	43	Parietal Operculum Cortex	cope	103.30049968567596	0.9587941370327687
11036	43	44	Planum Polare	cope	-63.79319979079807	-0.5909152849939944
11036	44	45	Heschl's Gyrus (includes H1 and H2)	cope	2.806251931300361	0.4906661487806777
11036	45	46	Planum Temporale	cope	47.933227662523365	1.1117571363021772
11036	46	47	Supracalcarine Cortex	cope	49.123049147585604	8.617252397727459
11036	47	48	Occipital Pole	cope	407.7490898423399	10.126652812728365
11039	0	1	Frontal Pole	cope	-88.54202829923817	4.257254130663831
11039	1	2	Insular Cortex	cope	122.75213947577677	2.9258715934492265
11039	2	3	Superior Frontal Gyrus	cope	-179.4514539690118	7.265817417935222
11039	3	4	Middle Frontal Gyrus	cope	-107.83941376632119	4.2262566953422604
11039	4	5	Inferior Frontal Gyrus, pars triangularis	cope	-8.158414387784967	8.876238383848323
11039	5	6	Inferior Frontal Gyrus, pars opercularis	cope	-30.30708178323884	9.056017722406505
11039	6	7	Precentral Gyrus	cope	55.466442048232416	3.828876585119951
11039	7	8	Temporal Pole	cope	-23.996310887101753	0.4618148825324871
11039	8	9	Superior Temporal Gyrus, anterior division	cope	61.345434853148	3.2579370418038125
11039	9	10	Superior Temporal Gyrus, posterior division	cope	16.196209967523426	6.555178366831274
11039	10	11	Middle Temporal Gyrus, anterior division	cope	-100.32761665120054	0.6674504498158818
11039	11	12	Middle Temporal Gyrus, posterior division	cope	-60.6779031957069	7.552035043669474
11039	12	13	Middle Temporal Gyrus, temporooccipital part	cope	-8.432521817813713	5.817468671248572
11039	13	14	Inferior Temporal Gyrus, anterior division	cope	-152.27405876379746	-0.8851024999597369
11039	14	15	Inferior Temporal Gyrus, posterior division	cope	-83.64688017432415	-0.45665528044825265
11039	15	16	Inferior Temporal Gyrus, temporooccipital part	cope	-147.35392581949483	5.358796322261289
11039	16	17	Postcentral Gyrus	cope	65.30701259465322	2.518063570857453
11039	17	18	Superior Parietal Lobule	cope	18.91195539792809	3.2089080840417643
11039	18	19	Supramarginal Gyrus, anterior division	cope	49.24983096692573	0.7202954614509238
11039	19	20	Supramarginal Gyrus, posterior division	cope	-26.040276340505965	6.31839489484382
11039	20	21	Angular Gyrus	cope	-69.52727452974246	10.689401175289031
11039	21	22	Lateral Occipital Cortex, superior division	cope	-29.760782960851657	2.2831887622347384
11039	22	23	Lateral Occipital Cortex, inferior division	cope	-19.763747743196433	4.077259814821516
11039	23	24	Intracalcarine Cortex	cope	256.5241516564143	-4.02763095003252
11039	24	25	Frontal Medial Cortex	cope	-16.41199900072517	3.6661864766150924
11039	25	26	Juxtapositional Lobule Cortex (formerly Supplementary Motor Cortex)	cope	87.23167125115523	5.200295839559388
11039	26	27	Subcallosal Cortex	cope	-83.64183779771511	3.0780805310476214
11039	27	28	Paracingulate Gyrus	cope	-72.75230625790941	2.8391004756649
11039	28	29	Cingulate Gyrus, anterior division	cope	-14.99771343717762	2.578935724657455
11039	29	30	Cingulate Gyrus, posterior division	cope	-59.524849261828834	-1.0169973161465355
11039	30	31	Precuneous Cortex	cope	-26.61335727752383	-3.375054834501763
11039	31	32	Cuneal Cortex	cope	105.98982167686697	-5.177186912395465
11039	32	33	Frontal Orbital Cortex	cope	-62.503988273758544	4.096578111016284
11039	33	34	Parahippocampal Gyrus, anterior division	cope	-22.681909713861163	-0.8727816322126087
11039	34	35	Parahippocampal Gyrus, posterior division	cope	-60.52025764831957	-0.3682079995297036
11039	35	36	Lingual Gyrus	cope	125.78232479790444	-1.4410087744958004
11039	36	37	Temporal Fusiform Cortex, anterior division	cope	16.873805516577782	-1.8486554520667022
11039	37	38	Temporal Fusiform Cortex, posterior division	cope	16.20109945863947	-1.5174446295940425
11039	38	39	Temporal Occipital Fusiform Cortex	cope	44.619675940054236	-4.224136479169881
11039	39	40	Occipital Fusiform Gyrus	cope	45.45841306094821	4.0842025120848
11039	40	41	Frontal Operculum Cortex	cope	104.44496723996991	3.830216840354182
11039	41	42	Central Opercular Cortex	cope	160.7768277928801	2.840363543786524
11039	42	43	Parietal Operculum Cortex	cope	65.2562520723355	3.322143778853771
11039	43	44	Planum Polare	cope	137.29226805281093	0.6879774946257301
11039	44	45	Heschl's Gyrus (includes H1 and H2)	cope	-12.471296023937963	0.8467655603512092
11039	45	46	Planum Temporale	cope	0.5271783066588426	3.6699828133128913
11039	46	47	Supracalcarine Cortex	cope	211.79459905370751	-7.968618167207596
11039	47	48	Occipital Pole	cope	70.05607646518527	-0.4513794158571251
11042	0	1	Frontal Pole	cope	-87.99383251043375	6.804807841233262
11042	1	2	Insular Cortex	cope	22.662638753664023	5.458344861284876
11042	2	3	Superior Frontal Gyrus	cope	-21.38244725023263	3.6381387725538685
11042	3	4	Middle Frontal Gyrus	cope	-52.92893032209475	8.481151707957927
11042	4	5	Inferior Frontal Gyrus, pars triangularis	cope	-119.51379444333938	2.057225736781929
11042	5	6	Inferior Frontal Gyrus, pars opercularis	cope	-101.11570779785347	6.531618330167212
11042	6	7	Precentral Gyrus	cope	-1.9520568347572929	5.834211642366293
11042	7	8	Temporal Pole	cope	-114.50929215492427	-1.3062868268477883
11042	8	9	Superior Temporal Gyrus, anterior division	cope	-36.525622472167015	4.86350938320542
11042	9	10	Superior Temporal Gyrus, posterior division	cope	-161.44775254308402	3.9478223125220504
11042	10	11	Middle Temporal Gyrus, anterior division	cope	-173.9692885021665	5.0530482899564415
11042	11	12	Middle Temporal Gyrus, posterior division	cope	-144.16370103381604	2.191973279894738
11042	12	13	Middle Temporal Gyrus, temporooccipital part	cope	-77.0914646872464	3.923078016369659
11042	13	14	Inferior Temporal Gyrus, anterior division	cope	-216.0088999370146	2.9342897298508848
11042	14	15	Inferior Temporal Gyrus, posterior division	cope	-103.8416703331497	-2.442350144809868
11042	15	16	Inferior Temporal Gyrus, temporooccipital part	cope	-27.66078493082479	-1.2031192619826143
11042	16	17	Postcentral Gyrus	cope	-4.101638896724452	3.594458646632569
11042	17	18	Superior Parietal Lobule	cope	93.15426327440683	4.956396060567985
11042	18	19	Supramarginal Gyrus, anterior division	cope	-50.89689723589906	5.192761781135643
11042	19	20	Supramarginal Gyrus, posterior division	cope	-68.58805819745805	6.66486350926665
11042	20	21	Angular Gyrus	cope	-124.21120411040366	6.8549996587891915
11042	21	22	Lateral Occipital Cortex, superior division	cope	-50.58648427053792	7.9729507600416785
11042	22	23	Lateral Occipital Cortex, inferior division	cope	-93.27625225683649	3.0859106929498124
11042	23	24	Intracalcarine Cortex	cope	43.74646511775213	8.812897196271482
11042	24	25	Frontal Medial Cortex	cope	-214.09631374034475	1.880637390544004
11042	25	26	Juxtapositional Lobule Cortex (formerly Supplementary Motor Cortex)	cope	-31.296658977916515	8.477315423034787
11042	26	27	Subcallosal Cortex	cope	-10.983004318292325	-0.6154806826048745
11042	27	28	Paracingulate Gyrus	cope	-55.2900325950295	5.3874486732017335
11042	28	29	Cingulate Gyrus, anterior division	cope	-40.99817454606547	4.655559199455715
11042	29	30	Cingulate Gyrus, posterior division	cope	-65.20972250739379	4.485401741851653
11042	30	31	Precuneous Cortex	cope	-43.2274372825398	4.338444284031157
11042	31	32	Cuneal Cortex	cope	-70.31179794781488	3.8184900647875937
11042	32	33	Frontal Orbital Cortex	cope	-132.42101974878287	1.4139780166144473
11042	33	34	Parahippocampal Gyrus, anterior division	cope	-27.0315719639833	-2.5951651739764268
11042	34	35	Parahippocampal Gyrus, posterior division	cope	41.19694809261358	1.5994345527774882
11042	35	36	Lingual Gyrus	cope	-41.85237932137632	-1.1101466570999698
11042	36	37	Temporal Fusiform Cortex, anterior division	cope	-133.44177142525396	3.1171858237415604
11042	37	38	Temporal Fusiform Cortex, posterior division	cope	-65.28112776492836	-3.72551475446543
11042	38	39	Temporal Occipital Fusiform Cortex	cope	-92.65789792766192	1.9000943511754786
11042	39	40	Occipital Fusiform Gyrus	cope	-122.83229544234038	6.240645734435204
11042	40	41	Frontal Operculum Cortex	cope	-165.76358570897278	7.698953740620847
11042	41	42	Central Opercular Cortex	cope	82.40504156625515	3.825021146673742
11042	42	43	Parietal Operculum Cortex	cope	-30.32920583099278	6.358583433515756
11042	43	44	Planum Polare	cope	32.11488468091906	-1.8550736663848844
11042	44	45	Heschl's Gyrus (includes H1 and H2)	cope	9.028317405331519	2.254564612554515
11042	45	46	Planum Temporale	cope	-113.24262849437564	4.1378031617618705
11042	46	47	Supracalcarine Cortex	cope	-26.81706492586973	1.9921125623972176
11042	47	48	Occipital Pole	cope	-97.16062600813297	0.7143734106026316
11053	0	1	Frontal Pole	cope	74.7318059992783	4.732110461886257
11053	1	2	Insular Cortex	cope	-78.47537227759909	-1.0646166663853542
11053	2	3	Superior Frontal Gyrus	cope	-52.53207036875655	7.810722271120216
11053	3	4	Middle Frontal Gyrus	cope	23.19560980065655	2.7667702828276504
11053	4	5	Inferior Frontal Gyrus, pars triangularis	cope	-129.57979039917913	6.670602718257097
11053	5	6	Inferior Frontal Gyrus, pars opercularis	cope	-40.46770389948636	1.2499640867716484
11053	6	7	Precentral Gyrus	cope	-73.84261429758378	-1.7070600058435117
11053	7	8	Temporal Pole	cope	-111.29725215189178	5.618618122256796
11053	8	9	Superior Temporal Gyrus, anterior division	cope	-56.84884133163171	7.434730797853225
11053	9	10	Superior Temporal Gyrus, posterior division	cope	-55.72102216408624	7.680291497738209
11053	10	11	Middle Temporal Gyrus, anterior division	cope	-108.36241189081278	10.535718748329291
11053	11	12	Middle Temporal Gyrus, posterior division	cope	-34.15348661051908	9.150246829385068
11053	12	13	Middle Temporal Gyrus, temporooccipital part	cope	42.44387009647384	2.3262759532947275
11053	13	14	Inferior Temporal Gyrus, anterior division	cope	-99.4207372210435	6.199278932417462
11053	14	15	Inferior Temporal Gyrus, posterior division	cope	-31.249046382645016	0.14072223296368333
11053	15	16	Inferior Temporal Gyrus, temporooccipital part	cope	53.220085758576865	-0.6637118965215327
11053	16	17	Postcentral Gyrus	cope	-135.8470322477364	0.8200574136873626
11053	17	18	Superior Parietal Lobule	cope	7.2882201184281525	-2.1514454702907817
11053	18	19	Supramarginal Gyrus, anterior division	cope	-140.12041171060667	-1.8950882444076274
11053	19	20	Supramarginal Gyrus, posterior division	cope	-36.48358958955552	2.4499483756293117
11053	20	21	Angular Gyrus	cope	-62.21531551698138	8.308348108211835
11053	21	22	Lateral Occipital Cortex, superior division	cope	45.15728573368975	4.148353912542028
11053	22	23	Lateral Occipital Cortex, inferior division	cope	23.155220819697906	2.28194884727173
11053	23	24	Intracalcarine Cortex	cope	65.7139587386254	3.527880577359653
11053	24	25	Frontal Medial Cortex	cope	33.62001225812004	13.955846796380289
11053	25	26	Juxtapositional Lobule Cortex (formerly Supplementary Motor Cortex)	cope	-180.78794073897438	-3.9640665229070127
11053	26	27	Subcallosal Cortex	cope	78.66106420583449	5.975156713463366
11053	27	28	Paracingulate Gyrus	cope	50.658832709168415	6.043031249424423
11053	28	29	Cingulate Gyrus, anterior division	cope	-47.984326323178614	4.719370386198211
11053	29	30	Cingulate Gyrus, posterior division	cope	217.63232841341835	7.215025888272694
11053	30	31	Precuneous Cortex	cope	94.73024379464077	6.392955299504163
11053	31	32	Cuneal Cortex	cope	26.899433387720137	0.7542406609096046
11053	32	33	Frontal Orbital Cortex	cope	-111.01987479379238	6.068197425262049
11053	33	34	Parahippocampal Gyrus, anterior division	cope	-85.03574478257019	3.4080568850534942
11053	34	35	Parahippocampal Gyrus, posterior division	cope	-17.886303540080224	4.482222454228772
11053	35	36	Lingual Gyrus	cope	-36.86844449385639	4.221459225428324
11053	36	37	Temporal Fusiform Cortex, anterior division	cope	-81.91835481562514	6.093563912291053
11053	37	38	Temporal Fusiform Cortex, posterior division	cope	-43.861846480743	-0.47795723886958447
11053	38	39	Temporal Occipital Fusiform Cortex	cope	46.684411013320386	3.72873660510997
11053	39	40	Occipital Fusiform Gyrus	cope	91.62821746118571	5.715899261019395
11053	40	41	Frontal Operculum Cortex	cope	-203.94879539783636	-5.433188811555004
11053	41	42	Central Opercular Cortex	cope	-116.99071865863115	2.0894261313236355
11053	42	43	Parietal Operculum Cortex	cope	-21.416646408399348	2.000988120172967
11053	43	44	Planum Polare	cope	-79.73887006290086	4.845692862869855
11053	44	45	Heschl's Gyrus (includes H1 and H2)	cope	109.2224898143298	5.943552109971857
11053	45	46	Planum Temporale	cope	55.987857212402815	5.4614160411573245
11053	46	47	Supracalcarine Cortex	cope	131.5987666984822	3.8861480469498386
11053	47	48	Occipital Pole	cope	43.393024436954235	5.071071949475375
11060	0	1	Frontal Pole	cope	66.88102211350278	-4.132455494004473
11060	1	2	Insular Cortex	cope	-81.02927805531625	3.8162410245601426
11060	2	3	Superior Frontal Gyrus	cope	50.05073474444359	-8.195932855461267
11060	3	4	Middle Frontal Gyrus	cope	41.7474759654213	-2.3020526257439933
11060	4	5	Inferior Frontal Gyrus, pars triangularis	cope	166.71420784991815	-1.6446075324618488
11060	5	6	Inferior Frontal Gyrus, pars opercularis	cope	89.79887099097375	1.0273311343346982
11060	6	7	Precentral Gyrus	cope	-84.4862042653365	4.005300267881508
11060	7	8	Temporal Pole	cope	66.77175855114635	-1.2081240857205935
11060	8	9	Superior Temporal Gyrus, anterior division	cope	120.42466706923949	-1.5191496338313206
11060	9	10	Superior Temporal Gyrus, posterior division	cope	77.77358722270696	-0.43651631156696225
11060	10	11	Middle Temporal Gyrus, anterior division	cope	221.2415742814541	-4.882907207510365
11060	11	12	Middle Temporal Gyrus, posterior division	cope	165.28024000789338	-2.1778079316539047
11060	12	13	Middle Temporal Gyrus, temporooccipital part	cope	118.43645166778909	1.1363971735769691
11060	13	14	Inferior Temporal Gyrus, anterior division	cope	173.7990148194443	0.2685244771811736
11060	14	15	Inferior Temporal Gyrus, posterior division	cope	69.2561396526466	1.1456987804262393
11060	15	16	Inferior Temporal Gyrus, temporooccipital part	cope	141.76318673522616	3.022581217649789
11060	16	17	Postcentral Gyrus	cope	-89.2974401988154	2.163437358201684
11060	17	18	Superior Parietal Lobule	cope	-189.85321042356216	5.845916565585871
11060	18	19	Supramarginal Gyrus, anterior division	cope	-153.65405779533364	7.078373018070124
11060	19	20	Supramarginal Gyrus, posterior division	cope	-48.49989638276197	1.5083107931957882
11060	20	21	Angular Gyrus	cope	124.83534789531667	-1.783599738546926
11060	21	22	Lateral Occipital Cortex, superior division	cope	-17.575979294395847	1.4044174952950215
11060	22	23	Lateral Occipital Cortex, inferior division	cope	-20.230761161717233	4.1007958139877765
11060	23	24	Intracalcarine Cortex	cope	-141.35689080718194	7.436091440265268
11060	24	25	Frontal Medial Cortex	cope	284.64205843421587	-2.33131256218709
11060	25	26	Juxtapositional Lobule Cortex (formerly Supplementary Motor Cortex)	cope	-126.19173344405922	6.125760001445038
11060	26	27	Subcallosal Cortex	cope	79.8343660909396	2.97177490050403
11060	27	28	Paracingulate Gyrus	cope	-59.38392166608668	-2.2459344238839347
11060	28	29	Cingulate Gyrus, anterior division	cope	-63.78752800590217	2.37536980657566
11060	29	30	Cingulate Gyrus, posterior division	cope	48.01153536599023	0.9888748469278217
11060	30	31	Precuneous Cortex	cope	26.80858546699427	0.3897881840309569
11060	31	32	Cuneal Cortex	cope	-201.8283346817393	7.016024690963939
11060	32	33	Frontal Orbital Cortex	cope	48.15452914236048	-1.349691196370615
11060	33	34	Parahippocampal Gyrus, anterior division	cope	45.18661167452821	-0.19910710993087932
11060	34	35	Parahippocampal Gyrus, posterior division	cope	16.778248340538088	2.1738035998781617
11060	35	36	Lingual Gyrus	cope	-150.4118878949509	5.978197322188601
11060	36	37	Temporal Fusiform Cortex, anterior division	cope	14.619206752337462	8.252060045640096
11060	37	38	Temporal Fusiform Cortex, posterior division	cope	73.77125154666462	2.2260236664356188
11060	38	39	Temporal Occipital Fusiform Cortex	cope	18.33435158682128	3.5447248898810333
11060	39	40	Occipital Fusiform Gyrus	cope	-82.85364742574798	2.944790507601261
11060	40	41	Frontal Operculum Cortex	cope	-259.8895440584972	-0.06828732888738648
11060	41	42	Central Opercular Cortex	cope	-88.50550376918834	4.48309449505476
11060	42	43	Parietal Operculum Cortex	cope	-41.01999832372072	5.851234397959664
11060	43	44	Planum Polare	cope	-69.91937549878622	4.335288738796331
11060	44	45	Heschl's Gyrus (includes H1 and H2)	cope	-42.97819318749388	6.573230471959861
11060	45	46	Planum Temporale	cope	-100.32049994752678	4.23794573754681
11060	46	47	Supracalcarine Cortex	cope	-200.21381380202922	11.821127596687763
11060	47	48	Occipital Pole	cope	-139.43404519463408	1.1155734352126787
11063	0	1	Frontal Pole	cope	-55.96944087489243	8.334996215443946
11063	1	2	Insular Cortex	cope	-127.00206765301954	-0.15039093945877718
11063	2	3	Superior Frontal Gyrus	cope	-78.12114546789181	9.285722133865885
11063	3	4	Middle Frontal Gyrus	cope	22.85726037443552	11.519656503864724
11063	4	5	Inferior Frontal Gyrus, pars triangularis	cope	-121.71635050606837	-0.3833535015679161
11063	5	6	Inferior Frontal Gyrus, pars opercularis	cope	-270.46431628478945	-0.526931044929505
11063	6	7	Precentral Gyrus	cope	-80.96334557705804	-0.8361572307175976
11063	7	8	Temporal Pole	cope	-93.04256146246355	1.612086533217288
11063	8	9	Superior Temporal Gyrus, anterior division	cope	-210.56594850100004	-2.246262258023788
11063	9	10	Superior Temporal Gyrus, posterior division	cope	-224.31977277297477	1.3375191709462118
11063	10	11	Middle Temporal Gyrus, anterior division	cope	-113.19898171496035	-2.2937854088705603
11063	11	12	Middle Temporal Gyrus, posterior division	cope	-100.05978788725531	3.62051270045745
11063	12	13	Middle Temporal Gyrus, temporooccipital part	cope	-97.18415063875824	1.0601890327273118
11063	13	14	Inferior Temporal Gyrus, anterior division	cope	-0.8177404435428642	-4.668914904873047
11063	14	15	Inferior Temporal Gyrus, posterior division	cope	20.045055276836102	-2.4120389425800806
11063	15	16	Inferior Temporal Gyrus, temporooccipital part	cope	48.10614575823741	4.959059125931461
11063	16	17	Postcentral Gyrus	cope	-5.016130014275727	-0.3954225847554272
11063	17	18	Superior Parietal Lobule	cope	194.31206604908772	5.78490778489779
11063	18	19	Supramarginal Gyrus, anterior division	cope	-38.92450077633063	-3.123551339963106
11063	19	20	Supramarginal Gyrus, posterior division	cope	-116.40965909330627	1.8348377406984926
11063	20	21	Angular Gyrus	cope	-195.31395415908793	8.68208970448982
11063	21	22	Lateral Occipital Cortex, superior division	cope	-79.14299858572664	8.144305785246493
11063	22	23	Lateral Occipital Cortex, inferior division	cope	73.33524593186682	4.6884216725391274
11063	23	24	Intracalcarine Cortex	cope	-21.191542831608295	11.829495435461025
11063	24	25	Frontal Medial Cortex	cope	121.97991777015916	1.1662240819014766
11063	25	26	Juxtapositional Lobule Cortex (formerly Supplementary Motor Cortex)	cope	-99.2877646621216	0.2844473944089652
11063	26	27	Subcallosal Cortex	cope	143.01406344381664	-4.8511912292371
11063	27	28	Paracingulate Gyrus	cope	-22.340825421941823	10.46318215607906
11063	28	29	Cingulate Gyrus, anterior division	cope	-107.31667650221074	4.214231520149289
11063	29	30	Cingulate Gyrus, posterior division	cope	-175.08046272819382	6.14709273452844
11063	30	31	Precuneous Cortex	cope	-221.77460736986592	7.758589747303016
11063	31	32	Cuneal Cortex	cope	-204.45945694917057	4.1466096018600025
11063	32	33	Frontal Orbital Cortex	cope	-117.0923447388047	5.566031714366807
11063	33	34	Parahippocampal Gyrus, anterior division	cope	0.9528134372378947	0.31625990016258165
11063	34	35	Parahippocampal Gyrus, posterior division	cope	-10.653557955656412	1.525794780535518
11063	35	36	Lingual Gyrus	cope	-50.228064053430245	8.321318605554485
11063	36	37	Temporal Fusiform Cortex, anterior division	cope	109.21357433593019	-1.6821532713031357
11063	37	38	Temporal Fusiform Cortex, posterior division	cope	26.915041650223856	-2.4078398401914693
11063	38	39	Temporal Occipital Fusiform Cortex	cope	1.374861832768749	3.4705435843804806
11063	39	40	Occipital Fusiform Gyrus	cope	46.2837773283391	10.47481035903119
11063	40	41	Frontal Operculum Cortex	cope	-262.718292802447	-2.398063691317284
11063	41	42	Central Opercular Cortex	cope	-244.6386071098777	-5.909940007500503
11063	42	43	Parietal Operculum Cortex	cope	-121.63859909303902	-2.6982017738572064
11063	43	44	Planum Polare	cope	-125.26565876281074	0.8560865036645577
11063	44	45	Heschl's Gyrus (includes H1 and H2)	cope	-154.103180605695	-1.7370376777041205
11063	45	46	Planum Temporale	cope	-6.925753526080018	-2.1220623068047115
11063	46	47	Supracalcarine Cortex	cope	-127.68908774599116	9.280599358234
11063	47	48	Occipital Pole	cope	-6.454173308405762	7.576368348100737
11065	0	1	Frontal Pole	cope	30.506310775973763	-6.606000358571431
11065	1	2	Insular Cortex	cope	61.00318227236571	5.570664545306917
11065	2	3	Superior Frontal Gyrus	cope	20.51288493322685	-8.084100431912068
11065	3	4	Middle Frontal Gyrus	cope	73.66577974976019	-5.469976424591256
11065	4	5	Inferior Frontal Gyrus, pars triangularis	cope	-196.65872038914523	-10.37685713776037
11065	5	6	Inferior Frontal Gyrus, pars opercularis	cope	-71.9317449534028	-2.5667975549741913
11065	6	7	Precentral Gyrus	cope	-5.356269090424833	3.5642586088826285
11065	7	8	Temporal Pole	cope	-81.20231537441376	-2.2843598935730305
11065	8	9	Superior Temporal Gyrus, anterior division	cope	-39.416723620585906	-3.7553217184849275
11065	9	10	Superior Temporal Gyrus, posterior division	cope	-78.98386927278011	-1.4556840942180775
11065	10	11	Middle Temporal Gyrus, anterior division	cope	-44.97537693981804	-8.764055948582158
11065	11	12	Middle Temporal Gyrus, posterior division	cope	-86.03168193800117	-6.588134640686282
11065	12	13	Middle Temporal Gyrus, temporooccipital part	cope	-106.08790770218165	-0.7700045535410082
11065	13	14	Inferior Temporal Gyrus, anterior division	cope	-222.91351375847879	-8.51476067957088
11065	14	15	Inferior Temporal Gyrus, posterior division	cope	-51.47193343210511	-1.2588541296407778
11065	15	16	Inferior Temporal Gyrus, temporooccipital part	cope	40.751624584227535	4.641682064414386
11065	16	17	Postcentral Gyrus	cope	45.84820060838662	2.95001056965319
11065	17	18	Superior Parietal Lobule	cope	-51.82158221891076	3.927051134680684
11065	18	19	Supramarginal Gyrus, anterior division	cope	1.3695947538923334	4.793930175167474
11065	19	20	Supramarginal Gyrus, posterior division	cope	-27.94606588438556	-1.5734727293935704
11065	20	21	Angular Gyrus	cope	-104.54410600083582	-12.056076118716648
11065	21	22	Lateral Occipital Cortex, superior division	cope	7.3151524678020685	-1.1827458111849916
11065	22	23	Lateral Occipital Cortex, inferior division	cope	-30.595217688761387	4.159735377495941
11065	23	24	Intracalcarine Cortex	cope	-111.87929244194513	6.256955048754261
11065	24	25	Frontal Medial Cortex	cope	117.8018506786502	-11.183508408854465
11065	25	26	Juxtapositional Lobule Cortex (formerly Supplementary Motor Cortex)	cope	10.088794447683	3.1466939608579048
11065	26	27	Subcallosal Cortex	cope	158.52399322860515	0.7601223912519904
11065	27	28	Paracingulate Gyrus	cope	38.40558588617572	-7.885469752668941
11065	28	29	Cingulate Gyrus, anterior division	cope	61.77453858086492	-0.9894139589135085
11065	29	30	Cingulate Gyrus, posterior division	cope	50.789359602638655	-8.356506000774779
11065	30	31	Precuneous Cortex	cope	36.662646033545634	-7.174188359702212
11065	31	32	Cuneal Cortex	cope	-8.908745775201632	6.3531994281653255
11065	32	33	Frontal Orbital Cortex	cope	50.51706320387199	-2.677143875664434
11065	33	34	Parahippocampal Gyrus, anterior division	cope	-97.18118644947499	-2.286935415617561
11065	34	35	Parahippocampal Gyrus, posterior division	cope	56.00147354197952	-1.8588672629047958
11065	35	36	Lingual Gyrus	cope	-16.165427128123007	3.4896875761696777
11065	36	37	Temporal Fusiform Cortex, anterior division	cope	-122.01989282445705	0.7622021369054808
11065	37	38	Temporal Fusiform Cortex, posterior division	cope	-38.69080304535244	-2.0616184936102204
11065	38	39	Temporal Occipital Fusiform Cortex	cope	-56.50227612025268	3.8999187073570964
11065	39	40	Occipital Fusiform Gyrus	cope	66.62795757326876	6.063348518988895
11065	40	41	Frontal Operculum Cortex	cope	-40.88444769545263	7.826854621193239
11065	41	42	Central Opercular Cortex	cope	31.585438572154366	5.996858919581502
11065	42	43	Parietal Operculum Cortex	cope	-23.52301129838688	11.700890254182031
11065	43	44	Planum Polare	cope	37.251149019212214	2.3910962198754304
11065	44	45	Heschl's Gyrus (includes H1 and H2)	cope	116.23731131707468	1.4339206817770196
11065	45	46	Planum Temporale	cope	49.86068676808369	4.58032919312737
11065	46	47	Supracalcarine Cortex	cope	-39.74805824553713	7.914291004561125
11065	47	48	Occipital Pole	cope	110.14853927050949	4.84645609970906
11066	0	1	Frontal Pole	cope	-29.715275737141088	-1.5277853240791974
11066	1	2	Insular Cortex	cope	-97.49176175829756	2.243775968431766
11066	2	3	Superior Frontal Gyrus	cope	-144.16347447301342	0.8529694788981833
11066	3	4	Middle Frontal Gyrus	cope	-93.42054314369734	-4.819099122223509
11066	4	5	Inferior Frontal Gyrus, pars triangularis	cope	7.098025618022769	1.2643070243642913
11066	5	6	Inferior Frontal Gyrus, pars opercularis	cope	-43.869505920374706	6.552992498564454
11066	6	7	Precentral Gyrus	cope	-3.7343665670618935	4.922580529387108
11066	7	8	Temporal Pole	cope	-33.347548562712966	4.423563953282324
11066	8	9	Superior Temporal Gyrus, anterior division	cope	0.8117888343639863	6.505079409728448
11066	9	10	Superior Temporal Gyrus, posterior division	cope	-22.879244258264443	7.764358651231635
11066	10	11	Middle Temporal Gyrus, anterior division	cope	36.71933054559266	6.323950276657272
11066	11	12	Middle Temporal Gyrus, posterior division	cope	-49.27001266721696	0.9193713579937933
11066	12	13	Middle Temporal Gyrus, temporooccipital part	cope	-45.215578512792085	12.943995262110578
11066	13	14	Inferior Temporal Gyrus, anterior division	cope	45.918342036255716	8.472598224790138
11066	14	15	Inferior Temporal Gyrus, posterior division	cope	106.75928496845282	0.0054489820467684
11066	15	16	Inferior Temporal Gyrus, temporooccipital part	cope	11.068909619503946	7.537860071557616
11066	16	17	Postcentral Gyrus	cope	-16.36022592059944	3.7170821669252345
11066	17	18	Superior Parietal Lobule	cope	6.4319200254438975	5.545035499936395
11066	18	19	Supramarginal Gyrus, anterior division	cope	-44.26833962654626	8.664892272947839
11066	19	20	Supramarginal Gyrus, posterior division	cope	-80.0222237918979	4.74458666821388
11066	20	21	Angular Gyrus	cope	-152.58964259060204	-6.275676852527079
11066	21	22	Lateral Occipital Cortex, superior division	cope	-18.303426962669025	8.076666907087626
11066	22	23	Lateral Occipital Cortex, inferior division	cope	36.17470151164178	15.448098411529523
11066	23	24	Intracalcarine Cortex	cope	157.1979957221199	8.403714880709634
11066	24	25	Frontal Medial Cortex	cope	-47.5882623924854	16.345680085743997
11066	25	26	Juxtapositional Lobule Cortex (formerly Supplementary Motor Cortex)	cope	-117.12723662986143	6.752764703507686
11066	26	27	Subcallosal Cortex	cope	37.668825180713945	4.9110183054438
11066	27	28	Paracingulate Gyrus	cope	-82.41406795684188	5.050153709130402
11066	28	29	Cingulate Gyrus, anterior division	cope	-66.06111045791057	4.92843814198716
11066	29	30	Cingulate Gyrus, posterior division	cope	-30.01140597980842	5.06074665378247
11066	30	31	Precuneous Cortex	cope	-118.88821763361342	9.934191241092838
11066	31	32	Cuneal Cortex	cope	49.9133859501115	9.992571053405689
11066	32	33	Frontal Orbital Cortex	cope	-65.0846912523735	6.353558246850238
11066	33	34	Parahippocampal Gyrus, anterior division	cope	41.7498072040292	2.3640693814403058
11066	34	35	Parahippocampal Gyrus, posterior division	cope	-53.93190423722537	6.348010745363416
11066	35	36	Lingual Gyrus	cope	75.57524292555898	17.784352701896356
11066	36	37	Temporal Fusiform Cortex, anterior division	cope	158.45233507359282	1.157923179103973
11066	37	38	Temporal Fusiform Cortex, posterior division	cope	55.029395134231514	6.444409502628091
11066	38	39	Temporal Occipital Fusiform Cortex	cope	98.24377096507692	24.541989843342556
11066	39	40	Occipital Fusiform Gyrus	cope	122.66586643543994	16.515805584859866
11066	40	41	Frontal Operculum Cortex	cope	-202.67563448232764	4.991661903362314
11066	41	42	Central Opercular Cortex	cope	3.0914771096552847	5.213369934745898
11066	42	43	Parietal Operculum Cortex	cope	70.6098235434082	13.382723844671613
11066	43	44	Planum Polare	cope	-27.947679952853395	3.7190628287076724
11066	44	45	Heschl's Gyrus (includes H1 and H2)	cope	45.232301910077375	5.75991339173301
11066	45	46	Planum Temporale	cope	118.3877217807598	11.371365084005856
11066	46	47	Supracalcarine Cortex	cope	193.28123394986417	9.681355283833406
11066	47	48	Occipital Pole	cope	125.19891153797639	0.7327763954921388
11068	0	1	Frontal Pole	cope	13.381782829275924	1.2748344219349383
11068	1	2	Insular Cortex	cope	-81.14428279249638	-2.6344110340463973
11068	2	3	Superior Frontal Gyrus	cope	74.26124059707443	-1.258923191651508
11068	3	4	Middle Frontal Gyrus	cope	-41.807846299937516	2.782230850437279
11068	4	5	Inferior Frontal Gyrus, pars triangularis	cope	21.896036812198272	-3.379780717390598
11068	5	6	Inferior Frontal Gyrus, pars opercularis	cope	95.1739207472666	-1.0383029080179544
11068	6	7	Precentral Gyrus	cope	-1.2960949795676415	3.6161661766445246
11068	7	8	Temporal Pole	cope	-34.8338816993322	-0.6297532407828821
11068	8	9	Superior Temporal Gyrus, anterior division	cope	42.376348977211194	3.4408477638776485
11068	9	10	Superior Temporal Gyrus, posterior division	cope	-9.076571939634038	-0.4753003620675632
11068	10	11	Middle Temporal Gyrus, anterior division	cope	87.63311151383972	-0.20701859966476463
11068	11	12	Middle Temporal Gyrus, posterior division	cope	22.92329193601245	-1.2265226694763538
11068	12	13	Middle Temporal Gyrus, temporooccipital part	cope	-1.599400801048646	1.5370769429326754
11068	13	14	Inferior Temporal Gyrus, anterior division	cope	-130.43885671272432	-6.742338666196406
11068	14	15	Inferior Temporal Gyrus, posterior division	cope	45.80850147745033	1.557420130290438
11068	15	16	Inferior Temporal Gyrus, temporooccipital part	cope	-158.7999013600065	16.805175055819216
11068	16	17	Postcentral Gyrus	cope	-63.77280127440458	3.5702649841501133
11068	17	18	Superior Parietal Lobule	cope	-4.143153513823282	6.778088420460836
11068	18	19	Supramarginal Gyrus, anterior division	cope	15.213355181780127	0.6704914534585206
11068	19	20	Supramarginal Gyrus, posterior division	cope	16.601947807540764	6.406004163059028e-05
11068	20	21	Angular Gyrus	cope	93.93094527248653	-0.310247621499002
11068	21	22	Lateral Occipital Cortex, superior division	cope	-69.66464178966272	10.351502905425304
11068	22	23	Lateral Occipital Cortex, inferior division	cope	-262.50016234768526	15.983804494374898
11068	23	24	Intracalcarine Cortex	cope	-31.159164286773027	7.829592792201309
11068	24	25	Frontal Medial Cortex	cope	29.207730532537962	1.5772437601323828
11068	25	26	Juxtapositional Lobule Cortex (formerly Supplementary Motor Cortex)	cope	41.095217732158865	2.3285968019186543
11068	26	27	Subcallosal Cortex	cope	10.851015879557682	0.455772927761651
11068	27	28	Paracingulate Gyrus	cope	67.78591866130071	-0.7769623081111274
11068	28	29	Cingulate Gyrus, anterior division	cope	-29.596986512353613	1.840627033376654
11068	29	30	Cingulate Gyrus, posterior division	cope	-84.9007305693967	13.527603285359485
11068	30	31	Precuneous Cortex	cope	-73.15072554177006	10.420150368673957
11068	31	32	Cuneal Cortex	cope	-102.93651199155795	5.637994076274005
11068	32	33	Frontal Orbital Cortex	cope	20.39039186329035	0.5543646153455081
11068	33	34	Parahippocampal Gyrus, anterior division	cope	-122.10715906994533	1.726875464769855
11068	34	35	Parahippocampal Gyrus, posterior division	cope	-256.7753003934644	1.0708135501920897
11068	35	36	Lingual Gyrus	cope	-120.97653667494836	4.167031422051929
11068	36	37	Temporal Fusiform Cortex, anterior division	cope	-144.38039320749593	-2.45186485455814
11068	37	38	Temporal Fusiform Cortex, posterior division	cope	-84.77867191593947	5.263099073908466
11068	38	39	Temporal Occipital Fusiform Cortex	cope	-101.01947086324635	10.625187746517758
11068	39	40	Occipital Fusiform Gyrus	cope	-230.5441116684256	18.93498359080575
11068	40	41	Frontal Operculum Cortex	cope	-100.45959768150033	-6.051641172377252
11068	41	42	Central Opercular Cortex	cope	-109.71740190440084	-3.2511900565109033
11068	42	43	Parietal Operculum Cortex	cope	-70.96095330744679	1.0692861164603287
11068	43	44	Planum Polare	cope	-104.79575005332933	-1.6589609750596281
11068	44	45	Heschl's Gyrus (includes H1 and H2)	cope	-127.80776491637603	-4.939927571723538
11068	45	46	Planum Temporale	cope	-71.01094670353298	4.545572474562767
11068	46	47	Supracalcarine Cortex	cope	-141.3334065802554	9.458098844580471
11068	47	48	Occipital Pole	cope	-243.78478047686352	19.134842784217497
11072	0	1	Frontal Pole	cope	-125.75213976538053	-0.5859737253558647
11072	1	2	Insular Cortex	cope	-7.139427640246319	3.1661861004722
11072	2	3	Superior Frontal Gyrus	cope	-113.17426388809605	-3.056852620819556
11072	3	4	Middle Frontal Gyrus	cope	-42.070934474383996	2.348774782572665
11072	4	5	Inferior Frontal Gyrus, pars triangularis	cope	104.84687251180684	4.214466441174918
11072	5	6	Inferior Frontal Gyrus, pars opercularis	cope	33.574614649700855	6.1518712372373665
11072	6	7	Precentral Gyrus	cope	84.80267972452869	4.5733168103318
11072	7	8	Temporal Pole	cope	-33.67178788500775	1.1099250998788812
11072	8	9	Superior Temporal Gyrus, anterior division	cope	47.677001589536665	0.31481720682902214
11072	9	10	Superior Temporal Gyrus, posterior division	cope	100.71836337021419	3.837963922009743
11072	10	11	Middle Temporal Gyrus, anterior division	cope	-80.06845032185761	-1.3309291951580724
11072	11	12	Middle Temporal Gyrus, posterior division	cope	12.042823762162644	1.5049622709156114
11072	12	13	Middle Temporal Gyrus, temporooccipital part	cope	79.10741930581024	4.575621654769531
11072	13	14	Inferior Temporal Gyrus, anterior division	cope	-73.99896934893005	0.3775557533964603
11072	14	15	Inferior Temporal Gyrus, posterior division	cope	-40.990266723729704	-0.84809305570078
11072	15	16	Inferior Temporal Gyrus, temporooccipital part	cope	98.56132278980604	3.246965221223185
11072	16	17	Postcentral Gyrus	cope	139.3637157895254	6.047289117151952
11072	17	18	Superior Parietal Lobule	cope	75.3488822150731	6.74646141801489
11072	18	19	Supramarginal Gyrus, anterior division	cope	-1.9667427678902945	5.813790036608569
11072	19	20	Supramarginal Gyrus, posterior division	cope	-72.31454394904746	6.266000553949207
11072	20	21	Angular Gyrus	cope	-127.15074896192188	-0.4599028807015248
11072	21	22	Lateral Occipital Cortex, superior division	cope	69.31770765452171	1.4123731635484322
11072	22	23	Lateral Occipital Cortex, inferior division	cope	210.90724402527292	2.1246664342332595
11072	23	24	Intracalcarine Cortex	cope	-209.32047795762347	0.511264053648084
11072	24	25	Frontal Medial Cortex	cope	-38.9570662877027	-9.307330791620497
11072	25	26	Juxtapositional Lobule Cortex (formerly Supplementary Motor Cortex)	cope	46.797847847680785	8.204366029595729
11072	26	27	Subcallosal Cortex	cope	-187.81310577851076	-5.3019452430236225
11072	27	28	Paracingulate Gyrus	cope	-190.50133781089266	-4.427441593631397
11072	28	29	Cingulate Gyrus, anterior division	cope	-125.74804223928663	-2.4690591841450225
11072	29	30	Cingulate Gyrus, posterior division	cope	-100.42067249262546	-5.055070190705679
11072	30	31	Precuneous Cortex	cope	-95.43113315457029	-2.995870304701805
11072	31	32	Cuneal Cortex	cope	-126.55858876290183	0.6959116189680454
11072	32	33	Frontal Orbital Cortex	cope	-80.55190312113895	-2.4472728664943753
11072	33	34	Parahippocampal Gyrus, anterior division	cope	-31.839556631788742	1.3274348005119287
11072	34	35	Parahippocampal Gyrus, posterior division	cope	-23.350062557886233	1.9041901207335714
11072	35	36	Lingual Gyrus	cope	-47.47695650987191	0.5000273979753482
11072	36	37	Temporal Fusiform Cortex, anterior division	cope	173.46767220260404	-1.3711916186073994
11072	37	38	Temporal Fusiform Cortex, posterior division	cope	33.21100254939058	1.096281086384814
11072	38	39	Temporal Occipital Fusiform Cortex	cope	163.62750775009985	2.9754982204555414
11072	39	40	Occipital Fusiform Gyrus	cope	183.96044449054776	2.3270887636511217
11072	40	41	Frontal Operculum Cortex	cope	-75.43125764161599	6.455186643489018
11072	41	42	Central Opercular Cortex	cope	155.5675736577455	8.39132450939473
11072	42	43	Parietal Operculum Cortex	cope	154.55115151314567	4.834310291817195
11072	43	44	Planum Polare	cope	90.96210186809074	3.1542149009965077
11072	44	45	Heschl's Gyrus (includes H1 and H2)	cope	-4.951923620590966	3.4928004642785417
11072	45	46	Planum Temporale	cope	127.61322542967228	6.966496054423648
11072	46	47	Supracalcarine Cortex	cope	-235.69865033474375	-0.3870351059545584
11072	47	48	Occipital Pole	cope	176.91586579114852	0.3513688737370991
11074	0	1	Frontal Pole	cope	132.39174639958853	1.0427801985089806
11074	1	2	Insular Cortex	cope	-0.5579865236201735	3.6448480776727266
11074	2	3	Superior Frontal Gyrus	cope	159.1002500644414	0.3183760729164825
11074	3	4	Middle Frontal Gyrus	cope	125.28490210006645	-1.4351197805111795
11074	4	5	Inferior Frontal Gyrus, pars triangularis	cope	53.223156849828065	-3.8286327073209567
11074	5	6	Inferior Frontal Gyrus, pars opercularis	cope	76.53907944203863	-2.3077191965114396
11074	6	7	Precentral Gyrus	cope	97.69602937576494	3.13901760682077
11074	7	8	Temporal Pole	cope	-14.051177511360013	0.901522552975377
11074	8	9	Superior Temporal Gyrus, anterior division	cope	47.30844128414606	3.4814911080715367
11074	9	10	Superior Temporal Gyrus, posterior division	cope	-22.344126415523615	3.4575756754145606
11074	10	11	Middle Temporal Gyrus, anterior division	cope	112.6140641304984	-0.17482948093605574
11074	11	12	Middle Temporal Gyrus, posterior division	cope	41.048170929546416	-1.412309377381059
11074	12	13	Middle Temporal Gyrus, temporooccipital part	cope	150.12038725136972	-1.7563213838041443
11074	13	14	Inferior Temporal Gyrus, anterior division	cope	-58.776434659957886	0.05451526664770567
11074	14	15	Inferior Temporal Gyrus, posterior division	cope	78.59033698292899	0.8257221140704653
11074	15	16	Inferior Temporal Gyrus, temporooccipital part	cope	-50.169958508295466	2.782077111483642
11074	16	17	Postcentral Gyrus	cope	70.51636663603394	5.213855098134777
11074	17	18	Superior Parietal Lobule	cope	218.14702509777752	-1.612907918277649
11074	18	19	Supramarginal Gyrus, anterior division	cope	110.3524599990359	2.3245697191985393
11074	19	20	Supramarginal Gyrus, posterior division	cope	111.35414075507103	-2.9456564848505535
11074	20	21	Angular Gyrus	cope	44.01070542642043	-3.146052724591972
11074	21	22	Lateral Occipital Cortex, superior division	cope	184.56139966229173	-4.239964689986672
11074	22	23	Lateral Occipital Cortex, inferior division	cope	182.7802372292844	1.22253623895015
11074	23	24	Intracalcarine Cortex	cope	83.46385153948333	-1.0417465025745694
11074	24	25	Frontal Medial Cortex	cope	134.07405600606972	-0.36010760023978583
11074	25	26	Juxtapositional Lobule Cortex (formerly Supplementary Motor Cortex)	cope	251.0432776575153	6.333846198331967
11074	26	27	Subcallosal Cortex	cope	105.4229004919529	0.3197693695493329
11074	27	28	Paracingulate Gyrus	cope	290.02386843747865	1.3439850745565816
11074	28	29	Cingulate Gyrus, anterior division	cope	182.24340005168472	2.5092084171295843
11074	29	30	Cingulate Gyrus, posterior division	cope	237.41941850420406	-3.877055548957416
11074	30	31	Precuneous Cortex	cope	189.58244490081577	-2.3862947297733927
11074	31	32	Cuneal Cortex	cope	49.55161193264297	-3.0840443508274142
11074	32	33	Frontal Orbital Cortex	cope	105.00163373682999	-2.9094776435683753
11074	33	34	Parahippocampal Gyrus, anterior division	cope	57.726073039448366	1.612427631020134
11074	34	35	Parahippocampal Gyrus, posterior division	cope	66.75204594585131	-0.34327933783379366
11074	35	36	Lingual Gyrus	cope	129.0004730015752	1.7667622060790236
11074	36	37	Temporal Fusiform Cortex, anterior division	cope	41.990055118046755	3.3649844055902873
11074	37	38	Temporal Fusiform Cortex, posterior division	cope	16.542324202776392	0.42933306944670346
11074	38	39	Temporal Occipital Fusiform Cortex	cope	145.96809822149157	1.0637374629879583
11074	39	40	Occipital Fusiform Gyrus	cope	264.47409909343867	6.94399120074637
11074	40	41	Frontal Operculum Cortex	cope	26.656652154040938	3.3047818048943243
11074	41	42	Central Opercular Cortex	cope	-59.303235692318935	7.160257236261871
11074	42	43	Parietal Operculum Cortex	cope	80.24561593148309	4.202882855454564
11074	43	44	Planum Polare	cope	-87.79323330999331	5.2040968464531066
11074	44	45	Heschl's Gyrus (includes H1 and H2)	cope	30.25476696304462	7.706771699067909
11074	45	46	Planum Temporale	cope	10.090424040843246	8.166659556533057
11074	46	47	Supracalcarine Cortex	cope	93.40617652776393	-5.208422463149466
11074	47	48	Occipital Pole	cope	176.63564715800456	0.6297184747539221
11113	0	1	Frontal Pole	cope	72.77396543927738	-0.11715562699776619
11113	1	2	Insular Cortex	cope	-109.27058140469379	3.790878679460801
11113	2	3	Superior Frontal Gyrus	cope	59.23118437128101	-1.6396524447492176
11113	3	4	Middle Frontal Gyrus	cope	-19.214342761934308	-2.355341605965044
11113	4	5	Inferior Frontal Gyrus, pars triangularis	cope	-136.82577832915538	-7.289035082606753
11113	5	6	Inferior Frontal Gyrus, pars opercularis	cope	-213.10527917510072	-5.881714701231874
11113	6	7	Precentral Gyrus	cope	-79.16430953594441	1.788204281824398
11113	7	8	Temporal Pole	cope	-64.09087819923347	3.055628417074103
11113	8	9	Superior Temporal Gyrus, anterior division	cope	-17.75928664681239	0.9248303675450957
11113	9	10	Superior Temporal Gyrus, posterior division	cope	-121.43034146295545	2.0904496214333648
11113	10	11	Middle Temporal Gyrus, anterior division	cope	-36.13531167951982	-2.7025070255372063
11113	11	12	Middle Temporal Gyrus, posterior division	cope	-172.15250043146932	-2.094689124098173
11113	12	13	Middle Temporal Gyrus, temporooccipital part	cope	-61.509590957815945	-1.8611847236086365
11113	13	14	Inferior Temporal Gyrus, anterior division	cope	-34.72687461390298	-0.9639938081774486
11113	14	15	Inferior Temporal Gyrus, posterior division	cope	47.40207075061661	0.835465363235091
11113	15	16	Inferior Temporal Gyrus, temporooccipital part	cope	169.34683487492043	4.955852325196003
11113	16	17	Postcentral Gyrus	cope	54.66341944295427	3.735591825378006
11113	17	18	Superior Parietal Lobule	cope	-123.64591506796246	-4.108849412886447
11113	18	19	Supramarginal Gyrus, anterior division	cope	-44.06005692826929	-3.0420663999788102
11113	19	20	Supramarginal Gyrus, posterior division	cope	-224.54490343642397	-4.284869178007048
11113	20	21	Angular Gyrus	cope	-5.241032860341108	-0.07765554352119793
11113	21	22	Lateral Occipital Cortex, superior division	cope	87.00523051610648	0.08352589636843726
11113	22	23	Lateral Occipital Cortex, inferior division	cope	53.421807898931	3.0648334842071145
11113	23	24	Intracalcarine Cortex	cope	-316.0912429335516	5.203696281906463
11113	24	25	Frontal Medial Cortex	cope	328.43980074013376	7.235209163788587
11113	25	26	Juxtapositional Lobule Cortex (formerly Supplementary Motor Cortex)	cope	27.10521515478959	3.2110330057015792
11113	26	27	Subcallosal Cortex	cope	114.98345264196396	9.518203821993218
11113	27	28	Paracingulate Gyrus	cope	-8.735810107700422	1.9586594987426273
11113	28	29	Cingulate Gyrus, anterior division	cope	-70.87315276991261	3.7703733218067237
11113	29	30	Cingulate Gyrus, posterior division	cope	236.60524791192157	6.660889818749258
11113	30	31	Precuneous Cortex	cope	16.579831318949484	2.841362574352941
11113	31	32	Cuneal Cortex	cope	-215.94401135108953	1.774418384894035
11113	32	33	Frontal Orbital Cortex	cope	-14.96098240312058	1.1475288418367808
11113	33	34	Parahippocampal Gyrus, anterior division	cope	141.24181570191826	5.442066692685362
11113	34	35	Parahippocampal Gyrus, posterior division	cope	306.3350938456238	7.50876227615858
11113	35	36	Lingual Gyrus	cope	-31.126686687339173	6.298205894828955
11113	36	37	Temporal Fusiform Cortex, anterior division	cope	19.566040749245502	-0.15557160042226315
11113	37	38	Temporal Fusiform Cortex, posterior division	cope	43.138407069016345	1.9644774796798659
11113	38	39	Temporal Occipital Fusiform Cortex	cope	46.2698124327291	2.234337428218068
11113	39	40	Occipital Fusiform Gyrus	cope	2.725452923600417	5.222820192826086
11113	40	41	Frontal Operculum Cortex	cope	-181.3111089521847	-5.863895800042929
11113	41	42	Central Opercular Cortex	cope	58.53647015154187	8.378266320866327
11113	42	43	Parietal Operculum Cortex	cope	15.69965755818459	5.756205429403385
11113	43	44	Planum Polare	cope	64.30172530021376	5.015509170903522
11113	44	45	Heschl's Gyrus (includes H1 and H2)	cope	162.5758595014772	8.8050704001007
11113	45	46	Planum Temporale	cope	153.2116793887767	7.29631396401106
11113	46	47	Supracalcarine Cortex	cope	-384.8831019908824	3.4950626338733004
11113	47	48	Occipital Pole	cope	97.4762945404063	8.364383020316179
11139	0	1	Frontal Pole	cope	-4.309759967778512	1.811777866348892
11139	1	2	Insular Cortex	cope	59.41813736545594	-2.2356600046060504
11139	2	3	Superior Frontal Gyrus	cope	118.65168919428498	1.8616784789897534
11139	3	4	Middle Frontal Gyrus	cope	-39.14939884483759	4.175329792337759
11139	4	5	Inferior Frontal Gyrus, pars triangularis	cope	-47.438578911057306	2.7339203214665893
11139	5	6	Inferior Frontal Gyrus, pars opercularis	cope	-93.3082200832748	5.46186046900927
11139	6	7	Precentral Gyrus	cope	-83.91884872272483	-2.4607632810595246
11139	7	8	Temporal Pole	cope	53.783861635431734	-4.535641592544342
11139	8	9	Superior Temporal Gyrus, anterior division	cope	80.46875000366798	-1.3494652288082318
11139	9	10	Superior Temporal Gyrus, posterior division	cope	26.394351721971066	-1.0364701954917015
11139	10	11	Middle Temporal Gyrus, anterior division	cope	116.54443771803557	2.8463708630484987
11139	11	12	Middle Temporal Gyrus, posterior division	cope	46.444423504718564	2.6713732113898825
11139	12	13	Middle Temporal Gyrus, temporooccipital part	cope	27.51922991984566	4.2158338034735605
11139	13	14	Inferior Temporal Gyrus, anterior division	cope	-30.834423246115623	-3.741359141451367
11139	14	15	Inferior Temporal Gyrus, posterior division	cope	55.6358583385988	2.380534267420581
11139	15	16	Inferior Temporal Gyrus, temporooccipital part	cope	108.09184741829313	8.751468491375642
11139	16	17	Postcentral Gyrus	cope	-58.64912312595983	-6.5931513347168975
11139	17	18	Superior Parietal Lobule	cope	-61.16031571546095	4.025821349366013
11139	18	19	Supramarginal Gyrus, anterior division	cope	-9.87924250954831	2.787484141204644
11139	19	20	Supramarginal Gyrus, posterior division	cope	13.959268647915609	5.580121315399034
11139	20	21	Angular Gyrus	cope	-93.92885723505832	-0.23855545950656387
11139	21	22	Lateral Occipital Cortex, superior division	cope	25.45230504284597	3.93510285927704
11139	22	23	Lateral Occipital Cortex, inferior division	cope	52.79733370970972	4.140864500604194
11139	23	24	Intracalcarine Cortex	cope	52.567519799338704	-15.45980814102392
11139	24	25	Frontal Medial Cortex	cope	202.3684683581616	4.544580633936992
11139	25	26	Juxtapositional Lobule Cortex (formerly Supplementary Motor Cortex)	cope	-61.23439738788718	0.7052332673070801
11139	26	27	Subcallosal Cortex	cope	-57.655089122056964	-0.02481823916761921
11139	27	28	Paracingulate Gyrus	cope	-26.833740586480136	3.390840897872311
11139	28	29	Cingulate Gyrus, anterior division	cope	-119.12805516298039	3.7186735643322284
11139	29	30	Cingulate Gyrus, posterior division	cope	-76.49574909501416	3.4306635582659926
11139	30	31	Precuneous Cortex	cope	-20.98961132516878	-2.78439627750103
11139	31	32	Cuneal Cortex	cope	285.730808973841	-6.831956668337704
11139	32	33	Frontal Orbital Cortex	cope	-6.670328918789374	-0.04934509033651406
11139	33	34	Parahippocampal Gyrus, anterior division	cope	-79.11773946960416	-1.6254058576856567
11139	34	35	Parahippocampal Gyrus, posterior division	cope	102.09693616493693	2.350781201676659
11139	35	36	Lingual Gyrus	cope	146.37257794904474	-5.37317434783105
11139	36	37	Temporal Fusiform Cortex, anterior division	cope	-38.15913530782605	-9.072248279837007
11139	37	38	Temporal Fusiform Cortex, posterior division	cope	-4.732033212295703	-0.07730186166700213
11139	38	39	Temporal Occipital Fusiform Cortex	cope	-148.26806246695423	0.6018267518539271
11139	39	40	Occipital Fusiform Gyrus	cope	-47.371392941347324	2.1216606105868605
11139	40	41	Frontal Operculum Cortex	cope	-175.73587771724252	0.3489489962479898
11139	41	42	Central Opercular Cortex	cope	66.39862412098478	-4.511674043494399
11139	42	43	Parietal Operculum Cortex	cope	127.50449065387552	0.3479462953066917
11139	43	44	Planum Polare	cope	200.61552592088248	-1.5761006845317724
11139	44	45	Heschl's Gyrus (includes H1 and H2)	cope	11.076755943910372	-6.088188796583134
11139	45	46	Planum Temporale	cope	52.99615460221457	-2.311753020203902
11139	46	47	Supracalcarine Cortex	cope	238.4809649244268	-15.183522474793518
11139	47	48	Occipital Pole	cope	34.313085283774456	-1.9440412112796253
11227	0	1	Frontal Pole	cope	88.07940032953896	-5.340306217891615
11227	1	2	Insular Cortex	cope	12.953329630557745	6.797437098621558
11227	2	3	Superior Frontal Gyrus	cope	71.11517855607083	-8.94050095772899
11227	3	4	Middle Frontal Gyrus	cope	33.74107606172427	-5.544393032353298
11227	4	5	Inferior Frontal Gyrus, pars triangularis	cope	10.41713658946624	-7.033734119198191
11227	5	6	Inferior Frontal Gyrus, pars opercularis	cope	-1.395514492194781	5.453955446525743
11227	6	7	Precentral Gyrus	cope	47.48897908726131	1.1265005533085581
11227	7	8	Temporal Pole	cope	-43.61216325574769	-5.178946829428434
11227	8	9	Superior Temporal Gyrus, anterior division	cope	-37.217159492302784	-1.6002697109220885
11227	9	10	Superior Temporal Gyrus, posterior division	cope	-101.94085776902638	-3.782743703079555
11227	10	11	Middle Temporal Gyrus, anterior division	cope	-0.9148218832798858	-9.16572573265033
11227	11	12	Middle Temporal Gyrus, posterior division	cope	18.733272353744894	-6.739248722449328
11227	12	13	Middle Temporal Gyrus, temporooccipital part	cope	-32.242814624910096	-5.616024183697084
11227	13	14	Inferior Temporal Gyrus, anterior division	cope	-85.92418177452313	-7.014225587248802
11227	14	15	Inferior Temporal Gyrus, posterior division	cope	-59.89489818964063	-3.758558490530416
11227	15	16	Inferior Temporal Gyrus, temporooccipital part	cope	31.432726332834406	-5.957529556365865
11227	16	17	Postcentral Gyrus	cope	58.094308563600414	2.3541533414165126
11227	17	18	Superior Parietal Lobule	cope	-23.663740488057687	-1.1623559420429699
11227	18	19	Supramarginal Gyrus, anterior division	cope	97.40821505663571	7.018701170495262
11227	19	20	Supramarginal Gyrus, posterior division	cope	-53.54193051127163	-0.5559107062117373
11227	20	21	Angular Gyrus	cope	-42.25253310966008	-3.627406853825849
11227	21	22	Lateral Occipital Cortex, superior division	cope	60.80334668377806	-3.569610780151561
11227	22	23	Lateral Occipital Cortex, inferior division	cope	116.5396834638562	-1.7332239739162862
11227	23	24	Intracalcarine Cortex	cope	93.56776238305328	8.49795301411127
11227	24	25	Frontal Medial Cortex	cope	-17.139829752504404	-5.870979288900073
11227	25	26	Juxtapositional Lobule Cortex (formerly Supplementary Motor Cortex)	cope	89.52136180082312	15.474638082439432
11227	26	27	Subcallosal Cortex	cope	63.52260727469738	-7.2466845233136645
11227	27	28	Paracingulate Gyrus	cope	181.45652594598488	-1.4480896133933014
11227	28	29	Cingulate Gyrus, anterior division	cope	114.20155145336827	4.710591332487129
11227	29	30	Cingulate Gyrus, posterior division	cope	165.7842707566555	-5.41286119551318
11227	30	31	Precuneous Cortex	cope	230.1052167208313	-0.490935221609971
11227	31	32	Cuneal Cortex	cope	39.033706114489064	2.986858402343752
11227	32	33	Frontal Orbital Cortex	cope	-22.870272186142135	-3.4186171778867642
11227	33	34	Parahippocampal Gyrus, anterior division	cope	-84.13948794170818	-6.145715208224482
11227	34	35	Parahippocampal Gyrus, posterior division	cope	166.02030105230943	-1.1741425149353608
11227	35	36	Lingual Gyrus	cope	72.19627430706251	3.289945650471729
11227	36	37	Temporal Fusiform Cortex, anterior division	cope	147.19279174052232	-7.509739476738247
11227	37	38	Temporal Fusiform Cortex, posterior division	cope	1.4633146823991392	-3.4309114884623613
11227	38	39	Temporal Occipital Fusiform Cortex	cope	64.37253854093673	-2.863824250045187
11227	39	40	Occipital Fusiform Gyrus	cope	198.07403074594433	-7.231266972423739
11227	40	41	Frontal Operculum Cortex	cope	-71.17607300071155	6.97315002384619
11227	41	42	Central Opercular Cortex	cope	117.24466531009269	9.67276481551506
11227	42	43	Parietal Operculum Cortex	cope	192.46096701420805	13.362781609098905
11227	43	44	Planum Polare	cope	43.799457368049914	4.563974183322933
11227	44	45	Heschl's Gyrus (includes H1 and H2)	cope	229.56805088264602	5.186641564824477
11227	45	46	Planum Temporale	cope	251.9220887207919	3.6866263054785966
11227	46	47	Supracalcarine Cortex	cope	145.3894712164047	9.530212869035436
11227	47	48	Occipital Pole	cope	87.58488603733126	-2.639244286340534
11238	0	1	Frontal Pole	cope	43.58109074394531	-5.316808823226205
11238	1	2	Insular Cortex	cope	52.207520547216056	3.6389500679177247
11238	2	3	Superior Frontal Gyrus	cope	100.12061552883021	-6.642324878615291
11238	3	4	Middle Frontal Gyrus	cope	129.08048903413112	-6.780245092136752
11238	4	5	Inferior Frontal Gyrus, pars triangularis	cope	116.59083084304125	-2.198822865356614
11238	5	6	Inferior Frontal Gyrus, pars opercularis	cope	158.7890885135498	-4.608958210228322
11238	6	7	Precentral Gyrus	cope	29.45198034737887	1.3734110677891562
11238	7	8	Temporal Pole	cope	14.362601122992524	0.12468839236751447
11238	8	9	Superior Temporal Gyrus, anterior division	cope	41.64587763333932	5.169928971224297
11238	9	10	Superior Temporal Gyrus, posterior division	cope	25.399308784247992	1.4588669308872482
11238	10	11	Middle Temporal Gyrus, anterior division	cope	-90.79194155717964	-1.4391640693282903
11238	11	12	Middle Temporal Gyrus, posterior division	cope	20.608645551525086	-2.1563530279518557
11238	12	13	Middle Temporal Gyrus, temporooccipital part	cope	59.79665762704619	1.3444147412031069
11238	13	14	Inferior Temporal Gyrus, anterior division	cope	0.6127986552623602	-7.238329177777443
11238	14	15	Inferior Temporal Gyrus, posterior division	cope	1.08108081627315	-1.0310226906908722
11238	15	16	Inferior Temporal Gyrus, temporooccipital part	cope	106.47273134429064	-1.3523129714138584
11238	16	17	Postcentral Gyrus	cope	-59.32445242471021	0.6520739251913745
11238	17	18	Superior Parietal Lobule	cope	103.85884731178834	-3.4868061439258846
11238	18	19	Supramarginal Gyrus, anterior division	cope	-49.261278074648644	8.037642165051807
11238	19	20	Supramarginal Gyrus, posterior division	cope	29.22219710971254	1.256366815614338
11238	20	21	Angular Gyrus	cope	73.16777733479849	-8.839105876222334
11238	21	22	Lateral Occipital Cortex, superior division	cope	73.21034040049533	-2.9376364215630235
11238	22	23	Lateral Occipital Cortex, inferior division	cope	5.1791031358048505	0.5214268288688817
11238	23	24	Intracalcarine Cortex	cope	24.28518876418877	3.0967409301056357
11238	24	25	Frontal Medial Cortex	cope	-37.531679021551255	-2.765694658410676
11238	25	26	Juxtapositional Lobule Cortex (formerly Supplementary Motor Cortex)	cope	-63.548304525581564	3.8947547557763755
11238	26	27	Subcallosal Cortex	cope	-85.30793406871649	0.32628313029328215
11238	27	28	Paracingulate Gyrus	cope	69.83923096626349	-1.6434768828798645
11238	28	29	Cingulate Gyrus, anterior division	cope	7.2702861993999806	8.091230533537614
11238	29	30	Cingulate Gyrus, posterior division	cope	-0.4408298615387508	2.481334729763014
11238	30	31	Precuneous Cortex	cope	6.163459193357409	1.3636580843055537
11238	31	32	Cuneal Cortex	cope	-36.62891766240618	2.7150116948856913
11238	32	33	Frontal Orbital Cortex	cope	58.56773124657254	0.27653712909599826
11238	33	34	Parahippocampal Gyrus, anterior division	cope	-19.34191624813639	-1.4436020367754112
11238	34	35	Parahippocampal Gyrus, posterior division	cope	77.11791123342964	4.730807912574624
11238	35	36	Lingual Gyrus	cope	22.047879674071485	5.6261924754926245
11238	36	37	Temporal Fusiform Cortex, anterior division	cope	-3.935039606077451	-1.882030819361065
11238	37	38	Temporal Fusiform Cortex, posterior division	cope	-24.644017652574792	-1.1056779999536
11238	38	39	Temporal Occipital Fusiform Cortex	cope	-54.05240783576347	2.7635386836214857
11238	39	40	Occipital Fusiform Gyrus	cope	116.09814973804382	-3.2629118408760003
11238	40	41	Frontal Operculum Cortex	cope	-21.37701819423868	5.690560881486711
11238	41	42	Central Opercular Cortex	cope	69.42954615955829	3.4653618975113694
11238	42	43	Parietal Operculum Cortex	cope	-7.574284133269702	0.5696193569618736
11238	43	44	Planum Polare	cope	155.16888875997702	5.756951531224692
11238	44	45	Heschl's Gyrus (includes H1 and H2)	cope	149.13758418479	4.853433366306985
11238	45	46	Planum Temporale	cope	46.87488048650851	2.03090301439891
11238	46	47	Supracalcarine Cortex	cope	7.76600852355044	3.3469005389574993
11238	47	48	Occipital Pole	cope	83.86006856967549	-1.8417674463404896
11246	0	1	Frontal Pole	cope	-154.5909896969509	-0.7249661071458027
11246	1	2	Insular Cortex	cope	-252.38733639030673	-3.4241871912992314
11246	2	3	Superior Frontal Gyrus	cope	-199.45333680874973	-0.267773625516722
11246	3	4	Middle Frontal Gyrus	cope	-111.48094585882168	-1.1183579755157818
11246	4	5	Inferior Frontal Gyrus, pars triangularis	cope	-315.757147382979	-4.243780368884839
11246	5	6	Inferior Frontal Gyrus, pars opercularis	cope	-368.21022606073257	-7.762690206964113
11246	6	7	Precentral Gyrus	cope	-73.98646158968677	-1.290152777558941
11246	7	8	Temporal Pole	cope	-133.4663432248718	-3.21420854452573
11246	8	9	Superior Temporal Gyrus, anterior division	cope	-134.83121733657825	-3.4843578236416364
11246	9	10	Superior Temporal Gyrus, posterior division	cope	-132.8582608200513	-2.126745819126244
11246	10	11	Middle Temporal Gyrus, anterior division	cope	-140.2717650016742	-2.0106782713376763
11246	11	12	Middle Temporal Gyrus, posterior division	cope	-153.3470734265364	-2.776542821783101
11246	12	13	Middle Temporal Gyrus, temporooccipital part	cope	-123.25685154934615	-3.175848101675664
11246	13	14	Inferior Temporal Gyrus, anterior division	cope	82.12030524826613	2.802334962247391
11246	14	15	Inferior Temporal Gyrus, posterior division	cope	5.017351887971493	-3.834433243983733
11246	15	16	Inferior Temporal Gyrus, temporooccipital part	cope	-117.6277615802863	-3.837562605544035
11246	16	17	Postcentral Gyrus	cope	-52.40040294756708	-0.7086950360764952
11246	17	18	Superior Parietal Lobule	cope	-17.420104991585955	-2.525438728117753
11246	18	19	Supramarginal Gyrus, anterior division	cope	-161.9430433065803	-5.33522602875579
11246	19	20	Supramarginal Gyrus, posterior division	cope	-184.5378111721998	-2.9663529580427537
11246	20	21	Angular Gyrus	cope	-201.93211994017594	-0.3574712639585903
11246	21	22	Lateral Occipital Cortex, superior division	cope	-150.82493756895033	-2.335731390037532
11246	22	23	Lateral Occipital Cortex, inferior division	cope	-24.859433900899514	-4.844772151859102
11246	23	24	Intracalcarine Cortex	cope	-323.5694366769742	-6.248978500047894
11246	24	25	Frontal Medial Cortex	cope	-11.216257383214666	2.9816169647618813
11246	25	26	Juxtapositional Lobule Cortex (formerly Supplementary Motor Cortex)	cope	-140.57823612710234	-1.5289310499108586
11246	26	27	Subcallosal Cortex	cope	8.486331773492006	-1.776179627314783
11246	27	28	Paracingulate Gyrus	cope	-230.42452656523506	0.011864415091224977
11246	28	29	Cingulate Gyrus, anterior division	cope	-130.7007496738925	-2.039268286340333
11246	29	30	Cingulate Gyrus, posterior division	cope	-243.95652664538792	-2.124908623125936
11246	30	31	Precuneous Cortex	cope	-247.01623375038008	-3.6583780682659732
11246	31	32	Cuneal Cortex	cope	-334.257100390291	-5.794644553127581
11246	32	33	Frontal Orbital Cortex	cope	-192.33521017026288	-1.7947510199271859
11246	33	34	Parahippocampal Gyrus, anterior division	cope	65.76824594401153	-6.396684789650999
11246	34	35	Parahippocampal Gyrus, posterior division	cope	-8.894448413489	-3.8535703344657173
11246	35	36	Lingual Gyrus	cope	-154.13404543772415	-4.224597346731405
11246	36	37	Temporal Fusiform Cortex, anterior division	cope	127.93828667562904	6.202357640608828
11246	37	38	Temporal Fusiform Cortex, posterior division	cope	63.79865189878953	-2.5443118319328932
11246	38	39	Temporal Occipital Fusiform Cortex	cope	72.43470943292054	-6.0282968858873325
11246	39	40	Occipital Fusiform Gyrus	cope	7.5509717460602115	-5.913530989290878
11246	40	41	Frontal Operculum Cortex	cope	-442.4350358337915	-8.81283515602538
11246	41	42	Central Opercular Cortex	cope	-138.2515283159016	-5.224206338841413
11246	42	43	Parietal Operculum Cortex	cope	-212.63810866443336	-9.285821255135733
11246	43	44	Planum Polare	cope	-140.09772198709823	-1.9731599722370392
11246	44	45	Heschl's Gyrus (includes H1 and H2)	cope	-229.46549199528408	-8.111479216316406
11246	45	46	Planum Temporale	cope	-162.98950210703316	-7.29040655716828
11246	46	47	Supracalcarine Cortex	cope	-378.87256362590387	-8.422213147612329
11246	47	48	Occipital Pole	cope	26.9625983127591	-4.414387339439342
11286	0	1	Frontal Pole	cope	-43.540036764979824	-0.7530439118766428
11286	1	2	Insular Cortex	cope	12.166545489192254	1.4521507741535105
11286	2	3	Superior Frontal Gyrus	cope	11.381703131889532	0.13499080259040933
11286	3	4	Middle Frontal Gyrus	cope	-114.96590917620443	1.6782489650159675
11286	4	5	Inferior Frontal Gyrus, pars triangularis	cope	-17.009970745088857	0.7503341297093574
11286	5	6	Inferior Frontal Gyrus, pars opercularis	cope	-293.1816751086136	2.041144151467359
11286	6	7	Precentral Gyrus	cope	4.798233969845341	3.5067970632437215
11286	7	8	Temporal Pole	cope	-100.90797729203706	0.956205587343027
11286	8	9	Superior Temporal Gyrus, anterior division	cope	17.014558361738157	1.6376882777859767
11286	9	10	Superior Temporal Gyrus, posterior division	cope	-78.53500027790085	0.22796600213117124
11286	10	11	Middle Temporal Gyrus, anterior division	cope	-9.835883007721225	0.6681729565989644
11286	11	12	Middle Temporal Gyrus, posterior division	cope	-142.22409142895782	-0.6169755540189071
11286	12	13	Middle Temporal Gyrus, temporooccipital part	cope	-96.19730184769368	1.6287448656331476
11286	13	14	Inferior Temporal Gyrus, anterior division	cope	-44.227618174792745	0.16489998118940896
11286	14	15	Inferior Temporal Gyrus, posterior division	cope	15.159692171539806	1.0679102485251928
11286	15	16	Inferior Temporal Gyrus, temporooccipital part	cope	-30.365953103764287	0.2362597409371676
11286	16	17	Postcentral Gyrus	cope	54.25197788878304	2.0927603308716285
11286	17	18	Superior Parietal Lobule	cope	10.237782670756964	2.8159673716619325
11286	18	19	Supramarginal Gyrus, anterior division	cope	-53.593039962759725	2.1170571779832246
11286	19	20	Supramarginal Gyrus, posterior division	cope	-134.05537917428725	0.8171021748812416
11286	20	21	Angular Gyrus	cope	-178.97903993703085	-3.1661781515633014
11286	21	22	Lateral Occipital Cortex, superior division	cope	125.85387791110486	4.485447764630038
11286	22	23	Lateral Occipital Cortex, inferior division	cope	136.98271312871458	5.683649283480605
11286	23	24	Intracalcarine Cortex	cope	-107.12122338755121	4.634108035082309
11286	24	25	Frontal Medial Cortex	cope	204.2842629725206	-2.5330134729412217
11286	25	26	Juxtapositional Lobule Cortex (formerly Supplementary Motor Cortex)	cope	6.314812925468023	3.687897673527029
11286	26	27	Subcallosal Cortex	cope	-37.404945737008866	3.0813434523837016
11286	27	28	Paracingulate Gyrus	cope	13.803476293024131	1.6945622466790822
11286	28	29	Cingulate Gyrus, anterior division	cope	61.19369456430866	2.4497731573555632
11286	29	30	Cingulate Gyrus, posterior division	cope	-223.16200965886458	1.1382638062733625
11286	30	31	Precuneous Cortex	cope	-42.14137240333828	0.32490094805160097
11286	31	32	Cuneal Cortex	cope	77.44220921696481	1.2525180970915406
11286	32	33	Frontal Orbital Cortex	cope	-97.8173105232211	0.4349157984855683
11286	33	34	Parahippocampal Gyrus, anterior division	cope	-21.740507179854717	0.9265370889880027
11286	34	35	Parahippocampal Gyrus, posterior division	cope	254.33376347790912	2.766265778784763
11286	35	36	Lingual Gyrus	cope	13.179306002674616	2.907580375847848
11286	36	37	Temporal Fusiform Cortex, anterior division	cope	-48.21561390626515	1.0703433465925938
11286	37	38	Temporal Fusiform Cortex, posterior division	cope	49.69861492622329	1.9422608355810407
11286	38	39	Temporal Occipital Fusiform Cortex	cope	299.1318650505965	3.9531279770370276
11286	39	40	Occipital Fusiform Gyrus	cope	224.3823268512429	6.325199859961939
11286	40	41	Frontal Operculum Cortex	cope	-172.52473837588013	3.8623582585675624
11286	41	42	Central Opercular Cortex	cope	16.676275357123345	4.650002760422086
11286	42	43	Parietal Operculum Cortex	cope	109.97800190661216	4.045397097956351
11286	43	44	Planum Polare	cope	68.5551024871018	3.073973303877585
11286	44	45	Heschl's Gyrus (includes H1 and H2)	cope	141.71913358198333	-0.9005005632007864
11286	45	46	Planum Temporale	cope	202.06913322028691	1.8077474680375771
11286	46	47	Supracalcarine Cortex	cope	27.284138534931426	4.57115410442682
11286	47	48	Occipital Pole	cope	-46.021267168601646	4.979292714567412
11301	0	1	Frontal Pole	cope	124.70806022794035	-1.551033476259164
11301	1	2	Insular Cortex	cope	121.6575196775852	-2.3113626220643324
11301	2	3	Superior Frontal Gyrus	cope	6.070626891445101	2.5572817835004487
11301	3	4	Middle Frontal Gyrus	cope	6.324132784976797	0.6038582823726251
11301	4	5	Inferior Frontal Gyrus, pars triangularis	cope	72.11256181701607	0.7269551926847855
11301	5	6	Inferior Frontal Gyrus, pars opercularis	cope	7.0271671875258805	4.87358750111413
11301	6	7	Precentral Gyrus	cope	52.7768118565055	4.661777802991545
11301	7	8	Temporal Pole	cope	4.241005532382721	-0.5271818765556897
11301	8	9	Superior Temporal Gyrus, anterior division	cope	35.19848915777909	-0.19267993057385469
11301	9	10	Superior Temporal Gyrus, posterior division	cope	89.20621820394095	2.044026914270377
11301	10	11	Middle Temporal Gyrus, anterior division	cope	6.0748268363246725	-0.27323753279425317
11301	11	12	Middle Temporal Gyrus, posterior division	cope	37.48961201010515	0.4017192555198965
11301	12	13	Middle Temporal Gyrus, temporooccipital part	cope	92.91300494733179	-1.3482846658666614
11301	13	14	Inferior Temporal Gyrus, anterior division	cope	50.49843284223206	1.3576424714817097
11301	14	15	Inferior Temporal Gyrus, posterior division	cope	17.079501295169017	1.6330084144022934
11301	15	16	Inferior Temporal Gyrus, temporooccipital part	cope	166.6001054491125	-3.686447529678247
11301	16	17	Postcentral Gyrus	cope	2.3354517925044767	7.5406590189420335
11301	17	18	Superior Parietal Lobule	cope	78.8077740157683	3.380192753875975
11301	18	19	Supramarginal Gyrus, anterior division	cope	68.77765870445442	-1.5578031513184585
11301	19	20	Supramarginal Gyrus, posterior division	cope	90.83712766082907	-2.3423231383458383
11301	20	21	Angular Gyrus	cope	30.245539888191193	-1.197063457996107
11301	21	22	Lateral Occipital Cortex, superior division	cope	219.65823589271267	-1.2865160264839983
11301	22	23	Lateral Occipital Cortex, inferior division	cope	174.87106144032674	-2.2412841091768736
11301	23	24	Intracalcarine Cortex	cope	303.3899900458666	-8.452776415534462
11301	24	25	Frontal Medial Cortex	cope	-140.4267885849831	-4.625505758251282
11301	25	26	Juxtapositional Lobule Cortex (formerly Supplementary Motor Cortex)	cope	-3.6858824691357643	3.8785672386686594
11301	26	27	Subcallosal Cortex	cope	-43.930291776817576	-9.254298492499556
11301	27	28	Paracingulate Gyrus	cope	233.04793847844977	-2.3533598098888695
11301	28	29	Cingulate Gyrus, anterior division	cope	225.64724432014054	-2.0428523912441805
11301	29	30	Cingulate Gyrus, posterior division	cope	322.0573509524209	1.4885526048051458
11301	30	31	Precuneous Cortex	cope	356.9434104236584	0.789391428745729
11301	31	32	Cuneal Cortex	cope	352.6548442570968	-7.527810790173363
11301	32	33	Frontal Orbital Cortex	cope	-7.128710382657604	-3.8482055234500723
11301	33	34	Parahippocampal Gyrus, anterior division	cope	91.22950888057528	3.19071495654865
11301	34	35	Parahippocampal Gyrus, posterior division	cope	204.57201411769074	-1.7813090142214074
11301	35	36	Lingual Gyrus	cope	181.5140874104582	-5.767687509922303
11301	36	37	Temporal Fusiform Cortex, anterior division	cope	73.38151440721877	-1.9485349728864558
11301	37	38	Temporal Fusiform Cortex, posterior division	cope	51.638833842158526	2.0196731414344553
11301	38	39	Temporal Occipital Fusiform Cortex	cope	172.53945745266367	-2.226271671972029
11301	39	40	Occipital Fusiform Gyrus	cope	344.146053255698	-1.1751853247943536
11301	40	41	Frontal Operculum Cortex	cope	17.958068081561258	-0.5471762696734997
11301	41	42	Central Opercular Cortex	cope	50.94834134255773	3.7802771649847786
11301	42	43	Parietal Operculum Cortex	cope	116.32875892414054	0.8702300514270632
11301	43	44	Planum Polare	cope	-49.562858834578336	-0.769960593858748
11301	44	45	Heschl's Gyrus (includes H1 and H2)	cope	59.733489581997496	-0.6817501659766869
11301	45	46	Planum Temporale	cope	105.32862643356799	0.7575121467979495
11301	46	47	Supracalcarine Cortex	cope	424.769205377457	-7.710866967017981
11301	47	48	Occipital Pole	cope	205.43555296281372	0.5957692808599903
11311	0	1	Frontal Pole	cope	-9.173095145868768	-4.081944400270238
11311	1	2	Insular Cortex	cope	113.59318176059999	-4.435269669738594
11311	2	3	Superior Frontal Gyrus	cope	-37.76040544855212	-6.442467788359855
11311	3	4	Middle Frontal Gyrus	cope	-112.08983819397906	-7.170234885697983
11311	4	5	Inferior Frontal Gyrus, pars triangularis	cope	-79.91983093991192	-6.325939307655763
11311	5	6	Inferior Frontal Gyrus, pars opercularis	cope	-44.615991821297925	-9.347218177115137
11311	6	7	Precentral Gyrus	cope	8.555364351276813	-2.6469545673869774
11311	7	8	Temporal Pole	cope	-8.121222497173921	-0.12547526552709615
11311	8	9	Superior Temporal Gyrus, anterior division	cope	-43.02762631942064	2.2039426368780624
11311	9	10	Superior Temporal Gyrus, posterior division	cope	59.79824120851306	1.2189892398846613
11311	10	11	Middle Temporal Gyrus, anterior division	cope	-26.934726407990528	1.4872323559902942
11311	11	12	Middle Temporal Gyrus, posterior division	cope	2.946898063769925	1.5842766008914306
11311	12	13	Middle Temporal Gyrus, temporooccipital part	cope	-85.63859802960037	0.4043238442045274
11311	13	14	Inferior Temporal Gyrus, anterior division	cope	3.011682526776071	2.444161638970206
11311	14	15	Inferior Temporal Gyrus, posterior division	cope	-71.84951783891792	6.632447742627822
11311	15	16	Inferior Temporal Gyrus, temporooccipital part	cope	-108.02044669753496	6.152021345209831
11311	16	17	Postcentral Gyrus	cope	9.011924338677655	-1.5248080286262151
11311	17	18	Superior Parietal Lobule	cope	-145.65738125767294	-1.8525835912078228
11311	18	19	Supramarginal Gyrus, anterior division	cope	34.17352800104353	-0.013425764501853673
11311	19	20	Supramarginal Gyrus, posterior division	cope	5.9204611498333914	2.2332825988373797
11311	20	21	Angular Gyrus	cope	-21.152201342909375	-1.6862513762272346
11311	21	22	Lateral Occipital Cortex, superior division	cope	-139.15157566502543	-0.7287513638930612
11311	22	23	Lateral Occipital Cortex, inferior division	cope	20.979421525767304	0.862804685130496
11311	23	24	Intracalcarine Cortex	cope	-27.327621395485874	9.64629487307735
11311	24	25	Frontal Medial Cortex	cope	52.41144423524961	4.991065594321447
11311	25	26	Juxtapositional Lobule Cortex (formerly Supplementary Motor Cortex)	cope	138.4229212985248	-6.159924896333266
11311	26	27	Subcallosal Cortex	cope	59.06669000524741	3.6026716228914806
11311	27	28	Paracingulate Gyrus	cope	22.65401492582576	-3.8033445063819173
11311	28	29	Cingulate Gyrus, anterior division	cope	24.92538352370641	4.748430631167709
11311	29	30	Cingulate Gyrus, posterior division	cope	-42.26715435826778	5.0175736748820965
11311	30	31	Precuneous Cortex	cope	-183.03495431099756	2.49880036716707
11311	31	32	Cuneal Cortex	cope	2.964652777775428	6.557294662717623
11311	32	33	Frontal Orbital Cortex	cope	26.43634117247499	-1.0893864072593533
11311	33	34	Parahippocampal Gyrus, anterior division	cope	-47.962423808724346	2.395575862585987
11311	34	35	Parahippocampal Gyrus, posterior division	cope	-54.84710827638518	2.9344366096100716
11311	35	36	Lingual Gyrus	cope	-74.72660592032469	7.0616069781496416
11311	36	37	Temporal Fusiform Cortex, anterior division	cope	50.06156082271684	-0.5248317700539921
11311	37	38	Temporal Fusiform Cortex, posterior division	cope	-33.10521389202899	3.620650780497827
11311	38	39	Temporal Occipital Fusiform Cortex	cope	-68.62544278571445	2.3845089294342556
11311	39	40	Occipital Fusiform Gyrus	cope	56.76056013634537	2.744936575839689
11311	40	41	Frontal Operculum Cortex	cope	79.49666254485355	-7.534623958193893
11311	41	42	Central Opercular Cortex	cope	195.3672566754727	-4.751431856162387
11311	42	43	Parietal Operculum Cortex	cope	234.78829053543546	-1.7416404449596037
11311	43	44	Planum Polare	cope	123.72635144222784	-2.028616118998416
11311	44	45	Heschl's Gyrus (includes H1 and H2)	cope	107.12521806510362	1.1516842639013645
11311	45	46	Planum Temporale	cope	160.96648661845938	3.9718920969429434
11311	46	47	Supracalcarine Cortex	cope	8.943375207008199	8.761752235762616
11311	47	48	Occipital Pole	cope	91.107137683742	4.427520758778118
11316	0	1	Frontal Pole	cope	-134.3266838539384	-12.633102098837334
11316	1	2	Insular Cortex	cope	-62.33275475230862	-3.478960262768001
11316	2	3	Superior Frontal Gyrus	cope	-235.92559951596795	-10.51791600531782
11316	3	4	Middle Frontal Gyrus	cope	-113.5371945014633	-9.14642337327923
11316	4	5	Inferior Frontal Gyrus, pars triangularis	cope	-223.54077388879355	-3.841599482779686
11316	5	6	Inferior Frontal Gyrus, pars opercularis	cope	-252.1805995346002	-12.137300750773857
11316	6	7	Precentral Gyrus	cope	-103.26510444944306	-16.195735558234087
11316	7	8	Temporal Pole	cope	-158.29161154135022	0.6710995918312868
11316	8	9	Superior Temporal Gyrus, anterior division	cope	-100.93109808885134	5.716801510713039
11316	9	10	Superior Temporal Gyrus, posterior division	cope	-112.46082964272226	-10.284283149745557
11316	10	11	Middle Temporal Gyrus, anterior division	cope	-232.46041983001268	9.72099209854018
11316	11	12	Middle Temporal Gyrus, posterior division	cope	-168.333059222154	-2.6735767917431477
11316	12	13	Middle Temporal Gyrus, temporooccipital part	cope	-83.90593141645316	-9.916938425724535
11316	13	14	Inferior Temporal Gyrus, anterior division	cope	-50.70840192617044	19.296407065470014
11316	14	15	Inferior Temporal Gyrus, posterior division	cope	41.515281729053235	18.5979592141813
11316	15	16	Inferior Temporal Gyrus, temporooccipital part	cope	67.80173567804827	-2.5060295374202193
11316	16	17	Postcentral Gyrus	cope	-95.9350276430016	-10.188747835557745
11316	17	18	Superior Parietal Lobule	cope	86.80367145094816	-11.412681402775442
11316	18	19	Supramarginal Gyrus, anterior division	cope	67.67398950821824	-6.643940344291601
11316	19	20	Supramarginal Gyrus, posterior division	cope	2.311628471415591	-11.223833520714244
11316	20	21	Angular Gyrus	cope	-67.41743382731414	-10.392719946350775
11316	21	22	Lateral Occipital Cortex, superior division	cope	-15.000711758010436	-7.891426265778387
11316	22	23	Lateral Occipital Cortex, inferior division	cope	-16.27547980689816	-11.697888236207836
11316	23	24	Intracalcarine Cortex	cope	-197.45004672241117	-15.735166837149643
11316	24	25	Frontal Medial Cortex	cope	168.68209551834892	2.843402118309804
11316	25	26	Juxtapositional Lobule Cortex (formerly Supplementary Motor Cortex)	cope	-90.05316614500575	-17.01926646703804
11316	26	27	Subcallosal Cortex	cope	1.0376864277399502	-15.838123707000452
11316	27	28	Paracingulate Gyrus	cope	-174.31459148534086	-13.222546358632458
11316	28	29	Cingulate Gyrus, anterior division	cope	-98.4527232353023	-5.773273158826376
11316	29	30	Cingulate Gyrus, posterior division	cope	-124.88210680552892	-8.88642073016933
11316	30	31	Precuneous Cortex	cope	-80.94059955339897	-6.093155953654576
11316	31	32	Cuneal Cortex	cope	-251.9306871645202	-20.14765014387089
11316	32	33	Frontal Orbital Cortex	cope	-233.97290345971334	-8.44928492979076
11316	33	34	Parahippocampal Gyrus, anterior division	cope	-8.04043715849387	26.90662677104758
11316	34	35	Parahippocampal Gyrus, posterior division	cope	47.90888369848143	6.843848153509481
11316	35	36	Lingual Gyrus	cope	-110.45228271034324	-10.72376871582739
11316	36	37	Temporal Fusiform Cortex, anterior division	cope	-159.56464136999548	24.66964249915265
11316	37	38	Temporal Fusiform Cortex, posterior division	cope	87.98222797175488	18.032763047172672
11316	38	39	Temporal Occipital Fusiform Cortex	cope	61.94803497976679	-5.5433049481867345
11316	39	40	Occipital Fusiform Gyrus	cope	-108.84529648757673	-17.637775239936257
11316	40	41	Frontal Operculum Cortex	cope	-165.57826848215416	-2.602789257322399
11316	41	42	Central Opercular Cortex	cope	-199.6197585536937	-3.669406707682292
11316	42	43	Parietal Operculum Cortex	cope	-113.03299863954183	-19.410626784401952
11316	43	44	Planum Polare	cope	-93.50130064683106	1.2019030007014748
11316	44	45	Heschl's Gyrus (includes H1 and H2)	cope	-210.50928448971516	-13.9265170798461
11316	45	46	Planum Temporale	cope	-166.27115793538556	-15.153556297788619
11316	46	47	Supracalcarine Cortex	cope	-342.17707403162694	-18.5090544848366
11316	47	48	Occipital Pole	cope	-116.7310240940798	-13.8707287826902
11318	0	1	Frontal Pole	cope	-40.73308889138196	-8.41409752971747
11318	1	2	Insular Cortex	cope	159.8560660750773	-3.6833439330389335
11318	2	3	Superior Frontal Gyrus	cope	35.4755926407221	1.6520188716878341
11318	3	4	Middle Frontal Gyrus	cope	-65.51242837480834	-2.4057026639057515
11318	4	5	Inferior Frontal Gyrus, pars triangularis	cope	60.77323555358506	-2.9612593635619797
11318	5	6	Inferior Frontal Gyrus, pars opercularis	cope	77.6043487122511	0.4699921237190555
11318	6	7	Precentral Gyrus	cope	102.49536609232848	-0.7046833455470065
11318	7	8	Temporal Pole	cope	0.25614420742109856	0.2862247360625024
11318	8	9	Superior Temporal Gyrus, anterior division	cope	21.60754875968664	-0.643932029299247
11318	9	10	Superior Temporal Gyrus, posterior division	cope	35.08976233479652	-2.7630288969999777
11318	10	11	Middle Temporal Gyrus, anterior division	cope	-18.164637104166086	0.7563062042665126
11318	11	12	Middle Temporal Gyrus, posterior division	cope	-61.202329554628186	-0.9946197135175342
11318	12	13	Middle Temporal Gyrus, temporooccipital part	cope	-94.23394627002115	-3.500816720024381
11318	13	14	Inferior Temporal Gyrus, anterior division	cope	-156.0659631286147	-0.09439435409459136
11318	14	15	Inferior Temporal Gyrus, posterior division	cope	-86.75050110698672	1.9261570566689012
11318	15	16	Inferior Temporal Gyrus, temporooccipital part	cope	24.973615862497773	2.0963121698648015
11318	16	17	Postcentral Gyrus	cope	117.94096985607044	-0.8544927605636337
11318	17	18	Superior Parietal Lobule	cope	8.25901995243363	-2.22460237209712
11318	18	19	Supramarginal Gyrus, anterior division	cope	169.32517878711224	5.375158738925691
11318	19	20	Supramarginal Gyrus, posterior division	cope	28.615659565659794	-0.6618799476648328
11318	20	21	Angular Gyrus	cope	-92.72149036767973	1.0729778754917272
11318	21	22	Lateral Occipital Cortex, superior division	cope	-99.80055266539782	-0.4762717175676753
11318	22	23	Lateral Occipital Cortex, inferior division	cope	41.64492600204526	0.43720296150095406
11318	23	24	Intracalcarine Cortex	cope	278.4561522981072	6.484230158096795
11318	24	25	Frontal Medial Cortex	cope	159.8546255323111	-2.800782712473673
11318	25	26	Juxtapositional Lobule Cortex (formerly Supplementary Motor Cortex)	cope	161.80027622759744	-4.775358196813613
11318	26	27	Subcallosal Cortex	cope	207.0671013364425	-1.5736397671584899
11318	27	28	Paracingulate Gyrus	cope	111.13426510764809	-3.647643651179317
11318	28	29	Cingulate Gyrus, anterior division	cope	167.92784296790674	-4.925643741483682
11318	29	30	Cingulate Gyrus, posterior division	cope	4.131936306135995	0.2540488670681204
11318	30	31	Precuneous Cortex	cope	-72.23701037459062	1.8583176592520387
11318	31	32	Cuneal Cortex	cope	72.86157099205481	-1.101470416847476
11318	32	33	Frontal Orbital Cortex	cope	129.5894748379034	-2.0741911960831136
11318	33	34	Parahippocampal Gyrus, anterior division	cope	31.12042788079882	0.8111404947796425
11318	34	35	Parahippocampal Gyrus, posterior division	cope	5.871471097784222	7.715942324304356
11318	35	36	Lingual Gyrus	cope	152.13624562575268	8.401226426359372
11318	36	37	Temporal Fusiform Cortex, anterior division	cope	68.93634115550535	-3.946339788906118
11318	37	38	Temporal Fusiform Cortex, posterior division	cope	-14.428520119551845	4.678497108632439
11318	38	39	Temporal Occipital Fusiform Cortex	cope	36.10433926510121	6.333825132421598
11318	39	40	Occipital Fusiform Gyrus	cope	114.98428663046353	7.757517644756727
11318	40	41	Frontal Operculum Cortex	cope	115.53092932225276	-0.1594075108369609
11318	41	42	Central Opercular Cortex	cope	169.00840302875753	0.3507011211274091
11318	42	43	Parietal Operculum Cortex	cope	158.86706007827962	1.730378751751735
11318	43	44	Planum Polare	cope	120.84711232394663	-0.9941260362584287
11318	44	45	Heschl's Gyrus (includes H1 and H2)	cope	202.13504988586848	-4.478463836597957
11318	45	46	Planum Temporale	cope	146.1097754472428	-5.5454317291932815
11318	46	47	Supracalcarine Cortex	cope	242.35307386580934	3.883231056814498
11318	47	48	Occipital Pole	cope	180.74219851628126	8.449872984869042
11321	0	1	Frontal Pole	cope	6.704212974415697	-1.4839230410762103
11321	1	2	Insular Cortex	cope	22.412517563638385	-3.9515768033791083
11321	2	3	Superior Frontal Gyrus	cope	-40.33391201262365	-2.4018912333776004
11321	3	4	Middle Frontal Gyrus	cope	1.6249887086724817	3.1054376173579414
11321	4	5	Inferior Frontal Gyrus, pars triangularis	cope	-35.294517540535246	-5.404488882630927
11321	5	6	Inferior Frontal Gyrus, pars opercularis	cope	39.6173160970765	-6.104544941477865
11321	6	7	Precentral Gyrus	cope	2.9980549593183468	0.1032681733275924
11321	7	8	Temporal Pole	cope	-38.3567520868868	-5.235715719881162
11321	8	9	Superior Temporal Gyrus, anterior division	cope	-51.44677692560049	-3.548629790888383
11321	9	10	Superior Temporal Gyrus, posterior division	cope	-27.369330352293208	-1.6453474592296529
11321	10	11	Middle Temporal Gyrus, anterior division	cope	-82.87163108533888	-3.9755374035061295
11321	11	12	Middle Temporal Gyrus, posterior division	cope	-86.2658745596708	0.5047272057288599
11321	12	13	Middle Temporal Gyrus, temporooccipital part	cope	-32.124046255461614	2.0342682477392953
11321	13	14	Inferior Temporal Gyrus, anterior division	cope	-81.49348503809709	-4.015079335943305
11321	14	15	Inferior Temporal Gyrus, posterior division	cope	18.99298243849082	-1.115088775018829
11321	15	16	Inferior Temporal Gyrus, temporooccipital part	cope	-43.033260374010275	1.8188532354125975
11321	16	17	Postcentral Gyrus	cope	-20.212871318759962	0.9943915515150065
11321	17	18	Superior Parietal Lobule	cope	-15.27385776896724	4.6293137192266585
11321	18	19	Supramarginal Gyrus, anterior division	cope	61.66652648504134	-3.8035230048207773
11321	19	20	Supramarginal Gyrus, posterior division	cope	49.27296125780338	0.2861103950823481
11321	20	21	Angular Gyrus	cope	-27.84661599754493	-1.6593516684801501
11321	21	22	Lateral Occipital Cortex, superior division	cope	-66.117241164942	4.3538564016614245
11321	22	23	Lateral Occipital Cortex, inferior division	cope	-32.79190169982562	1.2378796624801731
11321	23	24	Intracalcarine Cortex	cope	-101.19642149794716	1.7342383126811585
11321	24	25	Frontal Medial Cortex	cope	133.35953378225577	-8.515843832059533
11321	25	26	Juxtapositional Lobule Cortex (formerly Supplementary Motor Cortex)	cope	58.225343518663905	-1.526383289035309
11321	26	27	Subcallosal Cortex	cope	122.51697124334483	-9.401231835753872
11321	27	28	Paracingulate Gyrus	cope	-1.9904081485495888	-8.100247672271749
11321	28	29	Cingulate Gyrus, anterior division	cope	40.09106816914943	-7.740307411378233
11321	29	30	Cingulate Gyrus, posterior division	cope	-28.225858244725636	1.7591171117893287
11321	30	31	Precuneous Cortex	cope	-84.94349228128227	1.8434744834928147
11321	31	32	Cuneal Cortex	cope	-167.1938715602071	0.8278324028906596
11321	32	33	Frontal Orbital Cortex	cope	27.95696095398424	-5.85685300022405
11321	33	34	Parahippocampal Gyrus, anterior division	cope	-0.4691471231985936	-4.581556359338945
11321	34	35	Parahippocampal Gyrus, posterior division	cope	-19.919297373575983	0.15264058158434224
11321	35	36	Lingual Gyrus	cope	-204.3826280302123	2.37570893633941
11321	36	37	Temporal Fusiform Cortex, anterior division	cope	-100.27671349978615	-1.0150085618944034
11321	37	38	Temporal Fusiform Cortex, posterior division	cope	-27.583536267425647	-1.7605342077100954
11321	38	39	Temporal Occipital Fusiform Cortex	cope	-85.98455606780905	1.4598599982601177
11321	39	40	Occipital Fusiform Gyrus	cope	-105.47814561285375	0.34437391212650087
11321	40	41	Frontal Operculum Cortex	cope	-19.605107025532913	-3.805803318265356
11321	41	42	Central Opercular Cortex	cope	-13.369129228080647	-0.9127148734214456
11321	42	43	Parietal Operculum Cortex	cope	5.933147329364331	0.02317173266310604
11321	43	44	Planum Polare	cope	42.042577522401594	-1.9614917633358304
11321	44	45	Heschl's Gyrus (includes H1 and H2)	cope	36.56541843320917	-2.7885264389770543
11321	45	46	Planum Temporale	cope	59.67394536653136	-0.413057045301634
11321	46	47	Supracalcarine Cortex	cope	-116.54898799733913	1.359175861238482
11321	47	48	Occipital Pole	cope	-9.829887583684341	0.2151564062532608
11325	0	1	Frontal Pole	cope	52.317813173868515	2.152561541546923
11325	1	2	Insular Cortex	cope	-89.7495915789723	-2.23347032607388
11325	2	3	Superior Frontal Gyrus	cope	50.60747753506315	0.7022759939169516
11325	3	4	Middle Frontal Gyrus	cope	3.954765433625625	3.3108985203848977
11325	4	5	Inferior Frontal Gyrus, pars triangularis	cope	161.1650392686555	1.0981238332679581
11325	5	6	Inferior Frontal Gyrus, pars opercularis	cope	82.11220522180588	1.072941576066638
11325	6	7	Precentral Gyrus	cope	18.3985113995728	1.7349261709360604
11325	7	8	Temporal Pole	cope	37.135775322577466	0.7993933095586901
11325	8	9	Superior Temporal Gyrus, anterior division	cope	112.76355090019031	0.9928799163967293
11325	9	10	Superior Temporal Gyrus, posterior division	cope	98.96118157047343	-3.8525433842993837
11325	10	11	Middle Temporal Gyrus, anterior division	cope	18.529279444789264	-0.42293265493058446
11325	11	12	Middle Temporal Gyrus, posterior division	cope	106.97155314290771	0.5516625980657006
11325	12	13	Middle Temporal Gyrus, temporooccipital part	cope	175.45385159079646	4.459740704571139
11325	13	14	Inferior Temporal Gyrus, anterior division	cope	-14.804464084862252	-1.5860155917615932
11325	14	15	Inferior Temporal Gyrus, posterior division	cope	35.14698829341622	-4.0198993107299845
11325	15	16	Inferior Temporal Gyrus, temporooccipital part	cope	58.39730067000683	0.176623893407375
11325	16	17	Postcentral Gyrus	cope	4.2828521645328275	-1.2747676400475851
11325	17	18	Superior Parietal Lobule	cope	35.53410603209665	1.8324548934813676
11325	18	19	Supramarginal Gyrus, anterior division	cope	-38.38378192335367	-0.5683649104416233
11325	19	20	Supramarginal Gyrus, posterior division	cope	37.373778816856245	1.6906863717060234
11325	20	21	Angular Gyrus	cope	38.90981603580702	2.367826085307796
11325	21	22	Lateral Occipital Cortex, superior division	cope	71.24577011721863	3.91059575417042
11325	22	23	Lateral Occipital Cortex, inferior division	cope	104.5477222510857	2.742200721026766
11325	23	24	Intracalcarine Cortex	cope	80.35108069985641	-4.8336739798659885
11325	24	25	Frontal Medial Cortex	cope	146.5316250107337	11.250470432512303
11325	25	26	Juxtapositional Lobule Cortex (formerly Supplementary Motor Cortex)	cope	16.13579421782413	1.096794972001147
11325	26	27	Subcallosal Cortex	cope	5.1903216974093365	9.758208348731008
11325	27	28	Paracingulate Gyrus	cope	-103.46641308101654	-1.7294199046299803
11325	28	29	Cingulate Gyrus, anterior division	cope	-67.07345945081057	-3.0230554459730983
11325	29	30	Cingulate Gyrus, posterior division	cope	111.08583385338102	2.5008368861332335
11325	30	31	Precuneous Cortex	cope	93.13148329436414	3.713596589134684
11325	31	32	Cuneal Cortex	cope	4.421726667596865	-2.8066370990457727
11325	32	33	Frontal Orbital Cortex	cope	42.313202223170705	-0.3299335710368207
11325	33	34	Parahippocampal Gyrus, anterior division	cope	-11.144640365990488	-2.2494959500741905
11325	34	35	Parahippocampal Gyrus, posterior division	cope	35.537174376451745	3.2014004698620653
11325	35	36	Lingual Gyrus	cope	69.4074928135645	-1.7147807112802573
11325	36	37	Temporal Fusiform Cortex, anterior division	cope	44.78889251769857	2.3505849866790975
11325	37	38	Temporal Fusiform Cortex, posterior division	cope	22.575763703521066	-0.6808925750769559
11325	38	39	Temporal Occipital Fusiform Cortex	cope	21.56494067277874	0.6296958564911173
11325	39	40	Occipital Fusiform Gyrus	cope	202.89574699217755	2.6590356090453535
11325	40	41	Frontal Operculum Cortex	cope	-171.78195603004022	-5.83691826963625
11325	41	42	Central Opercular Cortex	cope	-41.491695611281564	0.7509356547472043
11325	42	43	Parietal Operculum Cortex	cope	-5.580792613592244	0.6869182328718388
11325	43	44	Planum Polare	cope	-66.26029593121432	-3.5608037432321553
11325	44	45	Heschl's Gyrus (includes H1 and H2)	cope	-99.89893035240436	-5.056938693373708
11325	45	46	Planum Temporale	cope	-0.31834062496380794	-2.875567480454794
11325	46	47	Supracalcarine Cortex	cope	21.705459528146907	-0.7379305282637243
11325	47	48	Occipital Pole	cope	137.12411666687595	0.8788005374599602
11326	0	1	Frontal Pole	cope	-141.2209670179269	1.0466999699779458
11326	1	2	Insular Cortex	cope	-23.82526486312024	1.5882645983799537
11326	2	3	Superior Frontal Gyrus	cope	-49.604077617648315	2.635889451418792
11326	3	4	Middle Frontal Gyrus	cope	-90.84289734616272	3.9688639055235746
11326	4	5	Inferior Frontal Gyrus, pars triangularis	cope	-134.96880219152214	1.370532491498567
11326	5	6	Inferior Frontal Gyrus, pars opercularis	cope	-81.07854186062144	3.8007197514605675
11326	6	7	Precentral Gyrus	cope	55.780216327425045	2.631223637963844
11326	7	8	Temporal Pole	cope	-182.50822386022116	-1.4072012996282932
11326	8	9	Superior Temporal Gyrus, anterior division	cope	-7.549705137656285	-1.1796889981971337
11326	9	10	Superior Temporal Gyrus, posterior division	cope	-55.2705174150405	4.204230011567812
11326	10	11	Middle Temporal Gyrus, anterior division	cope	-80.99854557672099	-5.07773544185642
11326	11	12	Middle Temporal Gyrus, posterior division	cope	-119.07814580037189	0.5477714956606455
11326	12	13	Middle Temporal Gyrus, temporooccipital part	cope	-42.910197143562065	0.537673488286858
11326	13	14	Inferior Temporal Gyrus, anterior division	cope	-177.97159486691626	-1.727348957469786
11326	14	15	Inferior Temporal Gyrus, posterior division	cope	-67.42753309923371	1.2485503942154332
11326	15	16	Inferior Temporal Gyrus, temporooccipital part	cope	-52.99538885190416	-1.5309308530066037
11326	16	17	Postcentral Gyrus	cope	26.854398020052393	3.8071569771603073
11326	17	18	Superior Parietal Lobule	cope	-15.893409888458065	-1.4904454410799688
11326	18	19	Supramarginal Gyrus, anterior division	cope	-8.286843609754685	3.269186663013965
11326	19	20	Supramarginal Gyrus, posterior division	cope	-152.13395656591433	4.484096341368717
11326	20	21	Angular Gyrus	cope	-129.36213223123687	3.482481047541091
11326	21	22	Lateral Occipital Cortex, superior division	cope	-62.70668939085591	-1.8992012006337045
11326	22	23	Lateral Occipital Cortex, inferior division	cope	-93.94883784070284	-1.3577515155302302
11326	23	24	Intracalcarine Cortex	cope	17.61814543059828	-0.6368837129136236
11326	24	25	Frontal Medial Cortex	cope	153.7178246886172	0.9095188103457714
11326	25	26	Juxtapositional Lobule Cortex (formerly Supplementary Motor Cortex)	cope	26.603573340419178	-0.8198444325149663
11326	26	27	Subcallosal Cortex	cope	108.67782840361961	-2.3071554921854003
11326	27	28	Paracingulate Gyrus	cope	-70.24219641420733	-1.3080081905559051
11326	28	29	Cingulate Gyrus, anterior division	cope	-6.097949140784094	0.4569236841319145
11326	29	30	Cingulate Gyrus, posterior division	cope	18.774288218777095	0.7733850553759507
11326	30	31	Precuneous Cortex	cope	-3.42090686754379	0.8550243771561921
11326	31	32	Cuneal Cortex	cope	18.06796462044219	-0.12984687445619186
11326	32	33	Frontal Orbital Cortex	cope	-187.45953174995847	1.0592509233823146
11326	33	34	Parahippocampal Gyrus, anterior division	cope	-96.85706023463106	-4.811984644458934
11326	34	35	Parahippocampal Gyrus, posterior division	cope	-120.38718753130931	-1.0795960343811872
11326	35	36	Lingual Gyrus	cope	72.91340340303506	-5.170340279668291
11326	36	37	Temporal Fusiform Cortex, anterior division	cope	-296.2528892341235	-5.002464657504085
11326	37	38	Temporal Fusiform Cortex, posterior division	cope	-70.779305926904	-2.7303828248840705
11326	38	39	Temporal Occipital Fusiform Cortex	cope	-35.380861443701534	-4.086726982328387
11326	39	40	Occipital Fusiform Gyrus	cope	87.76511357884159	-7.0336812202454135
11326	40	41	Frontal Operculum Cortex	cope	-148.90332681291244	3.4428175470063915
11326	41	42	Central Opercular Cortex	cope	72.9123783285929	3.0521143128142265
11326	42	43	Parietal Operculum Cortex	cope	-9.141955888059538	3.7493410650167975
11326	43	44	Planum Polare	cope	24.071812723429147	2.5780356597468144
11326	44	45	Heschl's Gyrus (includes H1 and H2)	cope	-67.37258318701785	5.291962537657006
11326	45	46	Planum Temporale	cope	-16.33749891747398	7.175800507290642
11326	46	47	Supracalcarine Cortex	cope	81.19521337367118	-0.9199840710201161
11326	47	48	Occipital Pole	cope	46.05633740444116	-2.0325091423632813
11329	0	1	Frontal Pole	cope	-53.36294286744124	-5.987183733741321
11329	1	2	Insular Cortex	cope	57.06927717795412	-2.444654221724734
11329	2	3	Superior Frontal Gyrus	cope	-85.570014637109	-6.734645224276103
11329	3	4	Middle Frontal Gyrus	cope	-197.55596917407317	-5.540193809414047
11329	4	5	Inferior Frontal Gyrus, pars triangularis	cope	-134.35157769152877	-5.156810261219432
11329	5	6	Inferior Frontal Gyrus, pars opercularis	cope	-26.310680809711215	-7.257122566916575
11329	6	7	Precentral Gyrus	cope	77.09120901468354	-7.263242774463734
11329	7	8	Temporal Pole	cope	14.922389758085483	-1.0357391227724244
11329	8	9	Superior Temporal Gyrus, anterior division	cope	45.68164277198987	-1.386558224222599
11329	9	10	Superior Temporal Gyrus, posterior division	cope	86.65813995781657	-3.6775613877374567
11329	10	11	Middle Temporal Gyrus, anterior division	cope	-17.3914127824133	2.745534795289164
11329	11	12	Middle Temporal Gyrus, posterior division	cope	-52.921724263416685	-2.1588869309439342
11329	12	13	Middle Temporal Gyrus, temporooccipital part	cope	-20.25788731940675	-3.4455189715809555
11329	13	14	Inferior Temporal Gyrus, anterior division	cope	-98.05426508743734	5.214418871091271
11329	14	15	Inferior Temporal Gyrus, posterior division	cope	14.13240153284665	0.15694824019921924
11329	15	16	Inferior Temporal Gyrus, temporooccipital part	cope	-42.15895810356336	-3.722469561844508
11329	16	17	Postcentral Gyrus	cope	135.460697578171	-9.588971687082363
11329	17	18	Superior Parietal Lobule	cope	176.51123105666144	-4.748662982155566
11329	18	19	Supramarginal Gyrus, anterior division	cope	181.44943440305414	-3.6259275869151613
11329	19	20	Supramarginal Gyrus, posterior division	cope	-48.25330625567082	-6.170143506333635
11329	20	21	Angular Gyrus	cope	-138.7787673668132	-10.396825074594938
11329	21	22	Lateral Occipital Cortex, superior division	cope	-148.31439855781343	-2.2941689098709483
11329	22	23	Lateral Occipital Cortex, inferior division	cope	63.312675968739526	0.08409551517033785
11329	23	24	Intracalcarine Cortex	cope	-81.2786574171211	8.034006121068295
11329	24	25	Frontal Medial Cortex	cope	-13.047745714373622	0.553603184523378
11329	25	26	Juxtapositional Lobule Cortex (formerly Supplementary Motor Cortex)	cope	294.0506123960824	-1.8644129921858374
11329	26	27	Subcallosal Cortex	cope	67.82302987896479	-10.111660415664888
11329	27	28	Paracingulate Gyrus	cope	123.77439083577669	-6.930463389876803
11329	28	29	Cingulate Gyrus, anterior division	cope	103.18047338166132	-2.371038386383157
11329	29	30	Cingulate Gyrus, posterior division	cope	-220.50509815543037	3.4600069819390775
11329	30	31	Precuneous Cortex	cope	-242.83839300742738	3.5395215807520692
11329	31	32	Cuneal Cortex	cope	-271.27856905180175	5.357638468131621
11329	32	33	Frontal Orbital Cortex	cope	-43.220125345420264	-5.881873939351597
11329	33	34	Parahippocampal Gyrus, anterior division	cope	-23.01517611399161	-2.683247756880535
11329	34	35	Parahippocampal Gyrus, posterior division	cope	14.581212702787147	-1.4638256231850049
11329	35	36	Lingual Gyrus	cope	-16.179809740031146	-2.3957423663106163
11329	36	37	Temporal Fusiform Cortex, anterior division	cope	-102.05841329080839	0.986465668842421
11329	37	38	Temporal Fusiform Cortex, posterior division	cope	8.174682297415249	4.252282404540373
11329	38	39	Temporal Occipital Fusiform Cortex	cope	-10.529305249169658	-0.33274022453072166
11329	39	40	Occipital Fusiform Gyrus	cope	73.66192877928324	-0.6511977022684277
11329	40	41	Frontal Operculum Cortex	cope	8.420389795315867	-3.6609262210168256
11329	41	42	Central Opercular Cortex	cope	158.19717662997783	-5.766516983241411
11329	42	43	Parietal Operculum Cortex	cope	214.23791832745377	-2.3067421570921383
11329	43	44	Planum Polare	cope	71.05348839243973	-2.713070100717218
11329	44	45	Heschl's Gyrus (includes H1 and H2)	cope	133.73639700874205	1.3100456484177145
11329	45	46	Planum Temporale	cope	109.63534173212554	-4.312060025053672
11329	46	47	Supracalcarine Cortex	cope	-173.12367087729433	5.978518418492155
11329	47	48	Occipital Pole	cope	63.98442191704017	0.7471676246938332
11330	0	1	Frontal Pole	cope	89.72366868744209	0.1427036640235231
11330	1	2	Insular Cortex	cope	125.43815236046389	4.474978100391082
11330	2	3	Superior Frontal Gyrus	cope	-33.095734138826856	-3.677492005967011
11330	3	4	Middle Frontal Gyrus	cope	103.58757655933255	3.5089090780590366
11330	4	5	Inferior Frontal Gyrus, pars triangularis	cope	55.06984054850876	-1.6386882207963034
11330	5	6	Inferior Frontal Gyrus, pars opercularis	cope	107.84995563170392	-4.548313540607331
11330	6	7	Precentral Gyrus	cope	116.04164508367558	7.005532102657004
11330	7	8	Temporal Pole	cope	3.4987787387280607	-3.8560153948763127
11330	8	9	Superior Temporal Gyrus, anterior division	cope	63.61453304007076	-0.15788018254993053
11330	9	10	Superior Temporal Gyrus, posterior division	cope	72.96379779385668	4.816675404274183
11330	10	11	Middle Temporal Gyrus, anterior division	cope	-62.54135987731948	-10.19071839377284
11330	11	12	Middle Temporal Gyrus, posterior division	cope	-21.438906270480558	-4.65600671731635
11330	12	13	Middle Temporal Gyrus, temporooccipital part	cope	93.49991495745383	4.822394830916472
11330	13	14	Inferior Temporal Gyrus, anterior division	cope	-38.693237980441936	-9.581882473974098
11330	14	15	Inferior Temporal Gyrus, posterior division	cope	15.825140540324927	-6.2928256202993005
11330	15	16	Inferior Temporal Gyrus, temporooccipital part	cope	161.97927598766427	7.264880065371824
11330	16	17	Postcentral Gyrus	cope	151.21498336965624	6.790863051998642
11330	17	18	Superior Parietal Lobule	cope	166.20721317814014	8.72490324950783
11330	18	19	Supramarginal Gyrus, anterior division	cope	111.33775742484464	9.953880644982888
11330	19	20	Supramarginal Gyrus, posterior division	cope	143.87844029930798	8.909843849335369
11330	20	21	Angular Gyrus	cope	27.40553343628869	4.894920482163124
11330	21	22	Lateral Occipital Cortex, superior division	cope	143.23728381116993	10.642773527902213
11330	22	23	Lateral Occipital Cortex, inferior division	cope	139.87992585511384	7.914502031912086
11330	23	24	Intracalcarine Cortex	cope	77.01527066162066	4.869001991088406
11330	24	25	Frontal Medial Cortex	cope	10.586599121649638	-6.0170552094618905
11330	25	26	Juxtapositional Lobule Cortex (formerly Supplementary Motor Cortex)	cope	214.55899675452227	11.15030735791535
11330	26	27	Subcallosal Cortex	cope	32.854303540174776	-1.0828577555286196
11330	27	28	Paracingulate Gyrus	cope	-12.40020239837873	-7.1770361383994485
11330	28	29	Cingulate Gyrus, anterior division	cope	28.8951646288407	1.3599476066350906
11330	29	30	Cingulate Gyrus, posterior division	cope	50.07285264188903	12.613957625953214
11330	30	31	Precuneous Cortex	cope	90.46505329743262	16.89747749571261
11330	31	32	Cuneal Cortex	cope	118.74026365480086	7.57791062507225
11330	32	33	Frontal Orbital Cortex	cope	-16.465488021756055	-6.449832961935887
11330	33	34	Parahippocampal Gyrus, anterior division	cope	77.39131000339655	-0.6618777415962411
11330	34	35	Parahippocampal Gyrus, posterior division	cope	96.13299240661117	5.168169390086858
11330	35	36	Lingual Gyrus	cope	175.3224446904442	5.601862158010967
11330	36	37	Temporal Fusiform Cortex, anterior division	cope	-11.277546382964925	3.755076353900557
11330	37	38	Temporal Fusiform Cortex, posterior division	cope	51.06090290614896	0.8322886606764927
11330	38	39	Temporal Occipital Fusiform Cortex	cope	137.28810220805906	6.415806671033595
11330	39	40	Occipital Fusiform Gyrus	cope	198.8667998337429	9.600982216149797
11330	40	41	Frontal Operculum Cortex	cope	-172.0380817236019	-5.633459067926938
11330	41	42	Central Opercular Cortex	cope	190.3793626768778	5.799524962926649
11330	42	43	Parietal Operculum Cortex	cope	221.54675387065421	6.004276694540823
11330	43	44	Planum Polare	cope	266.40038944291706	1.2674046264719645
11330	44	45	Heschl's Gyrus (includes H1 and H2)	cope	347.6045719753213	0.06457822944986107
11330	45	46	Planum Temporale	cope	271.5001882299822	2.882569199203516
11330	46	47	Supracalcarine Cortex	cope	130.82237024066296	8.966114491065765
11330	47	48	Occipital Pole	cope	111.9158982380843	7.277194666151046
11337	0	1	Frontal Pole	cope	42.92233240570068	-1.04334922992433
11337	1	2	Insular Cortex	cope	-220.4428208459352	6.167275306978644
11337	2	3	Superior Frontal Gyrus	cope	118.3600982400974	-4.096616939367712
11337	3	4	Middle Frontal Gyrus	cope	169.19389872469424	-6.999284086338312
11337	4	5	Inferior Frontal Gyrus, pars triangularis	cope	-142.79509355373887	1.6259178678684552
11337	5	6	Inferior Frontal Gyrus, pars opercularis	cope	-30.790083163178988	-0.2486022197655281
11337	6	7	Precentral Gyrus	cope	-69.5913735716656	-1.7480546933225372
11337	7	8	Temporal Pole	cope	-103.01501740678462	0.5086056478032158
11337	8	9	Superior Temporal Gyrus, anterior division	cope	-80.51243412372393	2.3855463730410125
11337	9	10	Superior Temporal Gyrus, posterior division	cope	72.58328731609629	0.6421976169274951
11337	10	11	Middle Temporal Gyrus, anterior division	cope	13.553278783186158	-0.12749396841069544
11337	11	12	Middle Temporal Gyrus, posterior division	cope	81.63012334303893	-1.0028877414168473
11337	12	13	Middle Temporal Gyrus, temporooccipital part	cope	117.55417860759502	-1.110305064953505
11337	13	14	Inferior Temporal Gyrus, anterior division	cope	-4.091493114211856	3.2760158412202576
11337	14	15	Inferior Temporal Gyrus, posterior division	cope	180.4935753323022	2.0078593506178346
11337	15	16	Inferior Temporal Gyrus, temporooccipital part	cope	311.72014062746024	-3.71771334418888
11337	16	17	Postcentral Gyrus	cope	-63.21913993254952	-1.4882915974274764
11337	17	18	Superior Parietal Lobule	cope	116.67140636481638	-4.455934067645411
11337	18	19	Supramarginal Gyrus, anterior division	cope	-32.20531619147018	2.3134185890184233
11337	19	20	Supramarginal Gyrus, posterior division	cope	-78.8630753298869	4.013563714001479
11337	20	21	Angular Gyrus	cope	97.98952168664957	-4.087222844292824
11337	21	22	Lateral Occipital Cortex, superior division	cope	198.34833691660901	-4.31375424955125
11337	22	23	Lateral Occipital Cortex, inferior division	cope	152.82826511049302	-0.5768164698335362
11337	23	24	Intracalcarine Cortex	cope	61.33504419899564	11.831696337704992
11337	24	25	Frontal Medial Cortex	cope	99.2281250691583	-7.048065584179358
11337	25	26	Juxtapositional Lobule Cortex (formerly Supplementary Motor Cortex)	cope	-159.33689033199806	0.7320906299801946
11337	26	27	Subcallosal Cortex	cope	1.0304241372988774	3.5585673943161966
11337	27	28	Paracingulate Gyrus	cope	43.846984679490866	-2.3056655658555263
11337	28	29	Cingulate Gyrus, anterior division	cope	-49.61959710264957	4.399204866510768
11337	29	30	Cingulate Gyrus, posterior division	cope	187.6372292651449	2.4902437572814855
11337	30	31	Precuneous Cortex	cope	205.02666139280092	0.5963923731911046
11337	31	32	Cuneal Cortex	cope	77.7257024039186	10.69847081972058
11337	32	33	Frontal Orbital Cortex	cope	-144.84669515048455	1.651652662645571
11337	33	34	Parahippocampal Gyrus, anterior division	cope	215.28574264979204	2.859049086411848
11337	34	35	Parahippocampal Gyrus, posterior division	cope	-50.627991542951115	-1.9624491614862873
11337	35	36	Lingual Gyrus	cope	-51.1976723145045	8.194359914205124
11337	36	37	Temporal Fusiform Cortex, anterior division	cope	-123.02916873980921	-0.8132347536425218
11337	37	38	Temporal Fusiform Cortex, posterior division	cope	132.40362429126404	-0.19084214164575694
11337	38	39	Temporal Occipital Fusiform Cortex	cope	58.301675636341514	-1.0684120355099844
11337	39	40	Occipital Fusiform Gyrus	cope	209.75193362598753	1.0689703836233928
11337	40	41	Frontal Operculum Cortex	cope	-212.68886164206415	10.73925214364123
11337	41	42	Central Opercular Cortex	cope	-224.90153174575343	1.8472725009297148
11337	42	43	Parietal Operculum Cortex	cope	-313.36520262297034	3.925316009382117
11337	43	44	Planum Polare	cope	-318.15326745398625	5.9775398190751785
11337	44	45	Heschl's Gyrus (includes H1 and H2)	cope	-307.54826091896007	4.632823501074094
11337	45	46	Planum Temporale	cope	-186.7284011394611	3.7888394112407213
11337	46	47	Supracalcarine Cortex	cope	215.2342400804479	13.529902970854272
11337	47	48	Occipital Pole	cope	249.2751436506929	2.2629022851837792
11338	0	1	Frontal Pole	cope	-47.6099814120853	3.082150060079561
11338	1	2	Insular Cortex	cope	36.10079609065271	1.8685839459382105
11338	2	3	Superior Frontal Gyrus	cope	-29.954010003613888	2.8258599150606414
11338	3	4	Middle Frontal Gyrus	cope	-128.38076601370352	2.0642500906201358
11338	4	5	Inferior Frontal Gyrus, pars triangularis	cope	-162.30479015488552	-0.9068885106431029
11338	5	6	Inferior Frontal Gyrus, pars opercularis	cope	-170.46300245865748	-1.7666773163509246
11338	6	7	Precentral Gyrus	cope	59.93969070285973	-5.26652976186447
11338	7	8	Temporal Pole	cope	-33.834137552548185	-0.8825929215581584
11338	8	9	Superior Temporal Gyrus, anterior division	cope	-2.7499350963494718	-6.77747347105581
11338	9	10	Superior Temporal Gyrus, posterior division	cope	29.848434607703965	-5.289733497220297
11338	10	11	Middle Temporal Gyrus, anterior division	cope	-50.55544533017856	-2.344266962604736
11338	11	12	Middle Temporal Gyrus, posterior division	cope	-92.67034858833675	-0.9660334650605638
11338	12	13	Middle Temporal Gyrus, temporooccipital part	cope	-181.15038163547996	-2.6682695411855066
11338	13	14	Inferior Temporal Gyrus, anterior division	cope	-133.50268430963777	-2.5972315212546366
11338	14	15	Inferior Temporal Gyrus, posterior division	cope	-112.12535534650418	-1.4279480186640028
11338	15	16	Inferior Temporal Gyrus, temporooccipital part	cope	-81.97142793259708	-5.576908115990835
11338	16	17	Postcentral Gyrus	cope	112.59176672392404	-5.831824421311688
11338	17	18	Superior Parietal Lobule	cope	-76.80013190931457	-1.804824911345168
11338	18	19	Supramarginal Gyrus, anterior division	cope	-112.37622905997215	-2.4086264849217884
11338	19	20	Supramarginal Gyrus, posterior division	cope	-101.10808911428258	-1.4033769168878427
11338	20	21	Angular Gyrus	cope	-178.093998746937	-0.028925295405800164
11338	21	22	Lateral Occipital Cortex, superior division	cope	-184.65953201010132	1.473307820139449
11338	22	23	Lateral Occipital Cortex, inferior division	cope	-183.57144781486122	-2.220749964683979
11338	23	24	Intracalcarine Cortex	cope	163.50824404667324	-3.2049877882485753
11338	24	25	Frontal Medial Cortex	cope	-148.6276142945949	5.390918001456596
11338	25	26	Juxtapositional Lobule Cortex (formerly Supplementary Motor Cortex)	cope	-81.01896572213721	-7.636241991374944
11338	26	27	Subcallosal Cortex	cope	53.41880418669719	9.296008972972274
11338	27	28	Paracingulate Gyrus	cope	88.75850689807307	10.95525612835856
11338	28	29	Cingulate Gyrus, anterior division	cope	59.57626647871556	9.400816548515788
11338	29	30	Cingulate Gyrus, posterior division	cope	-54.54004171153477	8.5947907751166
11338	30	31	Precuneous Cortex	cope	-127.10954966089281	13.489050819190778
11338	31	32	Cuneal Cortex	cope	44.31955354365039	-4.351132502420052
11338	32	33	Frontal Orbital Cortex	cope	1.122269633854438	3.0958002559890603
11338	33	34	Parahippocampal Gyrus, anterior division	cope	-50.922887441199435	-0.40437123893999155
11338	34	35	Parahippocampal Gyrus, posterior division	cope	-74.046591547975	7.9842754220062835
11338	35	36	Lingual Gyrus	cope	-6.759975071540969	-5.732981922483893
11338	36	37	Temporal Fusiform Cortex, anterior division	cope	-17.901562644234787	-0.2634271779857206
11338	37	38	Temporal Fusiform Cortex, posterior division	cope	-154.77164898594768	-0.7629470139294671
11338	38	39	Temporal Occipital Fusiform Cortex	cope	-173.25030499265594	1.1529286953891758
11338	39	40	Occipital Fusiform Gyrus	cope	-170.78216542734683	-3.2179646347578195
11338	40	41	Frontal Operculum Cortex	cope	-83.10713693800093	3.778138039120524
11338	41	42	Central Opercular Cortex	cope	71.93036854752172	-3.6815000029507465
11338	42	43	Parietal Operculum Cortex	cope	-50.0227390237266	-4.711899056158449
11338	43	44	Planum Polare	cope	90.03314950834704	4.157342216941948
11338	44	45	Heschl's Gyrus (includes H1 and H2)	cope	65.4495712427019	6.096552762327381
11338	45	46	Planum Temporale	cope	19.974296837467236	-0.5283099508888174
11338	46	47	Supracalcarine Cortex	cope	42.325633555016616	-5.595928840022138
11338	47	48	Occipital Pole	cope	-9.331951143569617	-2.0496628578921214
11345	0	1	Frontal Pole	cope	58.92611548756464	2.778386121494554
11345	1	2	Insular Cortex	cope	-146.92143183968747	3.5247253295941636
11345	2	3	Superior Frontal Gyrus	cope	35.346388840044675	0.8644656145270527
11345	3	4	Middle Frontal Gyrus	cope	57.502088105281814	0.057324540072319206
11345	4	5	Inferior Frontal Gyrus, pars triangularis	cope	-102.58277128240384	-3.678715675152606
11345	5	6	Inferior Frontal Gyrus, pars opercularis	cope	-163.86039799457367	-0.13653936067623776
11345	6	7	Precentral Gyrus	cope	-64.1434977302699	2.759796081489202
11345	7	8	Temporal Pole	cope	-71.5570483323507	1.210993527255649
11345	8	9	Superior Temporal Gyrus, anterior division	cope	-97.23679735354888	1.6872957572627527
11345	9	10	Superior Temporal Gyrus, posterior division	cope	-120.20497949276265	2.6722312143991713
11345	10	11	Middle Temporal Gyrus, anterior division	cope	0.2327685946848855	0.7332479368061272
11345	11	12	Middle Temporal Gyrus, posterior division	cope	-50.72585604599725	1.3558383516165733
11345	12	13	Middle Temporal Gyrus, temporooccipital part	cope	-2.0521179338842837	-0.7009380760370784
11345	13	14	Inferior Temporal Gyrus, anterior division	cope	-73.17303136326152	0.21576664347708577
11345	14	15	Inferior Temporal Gyrus, posterior division	cope	-87.28093627263728	2.1035817825687664
11345	15	16	Inferior Temporal Gyrus, temporooccipital part	cope	-61.97681341644849	1.070661960589941
11345	16	17	Postcentral Gyrus	cope	-58.397910251902495	0.31609584766999393
11345	17	18	Superior Parietal Lobule	cope	17.640098658994113	2.7319711979742594
11345	18	19	Supramarginal Gyrus, anterior division	cope	-98.98028660841562	1.3410897648289661
11345	19	20	Supramarginal Gyrus, posterior division	cope	-19.663509535507576	2.1519255499726766
11345	20	21	Angular Gyrus	cope	85.07431189549719	0.4920250182178907
11345	21	22	Lateral Occipital Cortex, superior division	cope	13.478307960521652	1.4665436180548617
11345	22	23	Lateral Occipital Cortex, inferior division	cope	-107.30905061844842	0.6186206860243016
11345	23	24	Intracalcarine Cortex	cope	-1.2669043349906628	11.238223019012084
11345	24	25	Frontal Medial Cortex	cope	-114.50011089349047	2.7591900051115674
11345	25	26	Juxtapositional Lobule Cortex (formerly Supplementary Motor Cortex)	cope	-63.47078225507426	4.118600616357415
11345	26	27	Subcallosal Cortex	cope	49.11316657433143	2.229231283799387
11345	27	28	Paracingulate Gyrus	cope	27.076158854148247	6.631493702674921
11345	28	29	Cingulate Gyrus, anterior division	cope	-63.819367289416874	8.07978456985833
11345	29	30	Cingulate Gyrus, posterior division	cope	9.576037775175912	8.193665844563395
11345	30	31	Precuneous Cortex	cope	54.11036081303639	5.309629821772835
11345	31	32	Cuneal Cortex	cope	-16.89382020346077	8.22617532421903
11345	32	33	Frontal Orbital Cortex	cope	-43.66220218196594	0.041590119400035847
11345	33	34	Parahippocampal Gyrus, anterior division	cope	-91.59686046970629	0.8800040918971057
11345	34	35	Parahippocampal Gyrus, posterior division	cope	-7.167105123231996	5.554578629452384
11345	35	36	Lingual Gyrus	cope	6.169284912467244	9.165322605770662
11345	36	37	Temporal Fusiform Cortex, anterior division	cope	-141.29321926198108	-2.0145125873651066
11345	37	38	Temporal Fusiform Cortex, posterior division	cope	-90.63262582855322	1.0658096390088665
11345	38	39	Temporal Occipital Fusiform Cortex	cope	-78.53524224473598	2.0993927240078043
11345	39	40	Occipital Fusiform Gyrus	cope	9.835109939906939	4.292460116363768
11345	40	41	Frontal Operculum Cortex	cope	-180.67760399009	5.083359393267696
11345	41	42	Central Opercular Cortex	cope	-126.83013426039444	3.8450099896787067
11345	42	43	Parietal Operculum Cortex	cope	-168.21771071147796	1.5084148865987352
11345	43	44	Planum Polare	cope	-98.8922111066698	1.2904213809244733
11345	44	45	Heschl's Gyrus (includes H1 and H2)	cope	-85.46495850322434	0.41012158282616173
11345	45	46	Planum Temporale	cope	-101.17822467977403	2.8145682389494495
11345	46	47	Supracalcarine Cortex	cope	-54.25822118495373	9.28555201485436
11345	47	48	Occipital Pole	cope	102.63733191530366	4.843306073557522
11348	0	1	Frontal Pole	cope	9.797966281418885	-1.4918490343876942
11348	1	2	Insular Cortex	cope	6.491553437392243	-4.258216009989617
11348	2	3	Superior Frontal Gyrus	cope	-86.1226130998229	-4.089430897732097
11348	3	4	Middle Frontal Gyrus	cope	-121.35898302748606	-0.052441389183711246
11348	4	5	Inferior Frontal Gyrus, pars triangularis	cope	-131.71097735814544	-1.5740201872476556
11348	5	6	Inferior Frontal Gyrus, pars opercularis	cope	-60.31017455447562	3.738511178654629
11348	6	7	Precentral Gyrus	cope	-56.52967963137871	4.561538619717177
11348	7	8	Temporal Pole	cope	4.122013413075448	-1.3427651210204854
11348	8	9	Superior Temporal Gyrus, anterior division	cope	-1.9293655713399251	-0.564726909230917
11348	9	10	Superior Temporal Gyrus, posterior division	cope	-40.12421403941396	0.4573404823502453
11348	10	11	Middle Temporal Gyrus, anterior division	cope	12.620644288632407	-3.2975032442562116
11348	11	12	Middle Temporal Gyrus, posterior division	cope	2.7974364102593525	-1.9125591251049412
11348	12	13	Middle Temporal Gyrus, temporooccipital part	cope	-81.39338554511617	-0.49382273656056047
11348	13	14	Inferior Temporal Gyrus, anterior division	cope	90.23113702034809	-5.669560508262476
11348	14	15	Inferior Temporal Gyrus, posterior division	cope	180.46706617037103	-2.4364856242335415
11348	15	16	Inferior Temporal Gyrus, temporooccipital part	cope	-11.816163057767188	3.4000594060287685
11348	16	17	Postcentral Gyrus	cope	-94.43542392461845	5.090862507498418
11348	17	18	Superior Parietal Lobule	cope	20.342898285920853	7.89150858888515
11348	18	19	Supramarginal Gyrus, anterior division	cope	25.04658072662574	3.817031532022412
11348	19	20	Supramarginal Gyrus, posterior division	cope	-30.921020113983715	-0.643627592004093
11348	20	21	Angular Gyrus	cope	-78.4438059109873	-4.409339782699167
11348	21	22	Lateral Occipital Cortex, superior division	cope	39.297594491995035	1.6268006940933548
11348	22	23	Lateral Occipital Cortex, inferior division	cope	79.89832136636763	1.1849111755613544
11348	23	24	Intracalcarine Cortex	cope	1.7543425649868376	12.470995693670378
11348	24	25	Frontal Medial Cortex	cope	144.96071194313097	-1.3304949535440045
11348	25	26	Juxtapositional Lobule Cortex (formerly Supplementary Motor Cortex)	cope	-148.7975150511877	1.7170444756645609
11348	26	27	Subcallosal Cortex	cope	44.11284286242265	0.4821810153241341
11348	27	28	Paracingulate Gyrus	cope	50.931935379078986	-4.072678701025183
11348	28	29	Cingulate Gyrus, anterior division	cope	66.10682236911508	-2.078239781511711
11348	29	30	Cingulate Gyrus, posterior division	cope	60.21695186712912	-3.7213208863812364
11348	30	31	Precuneous Cortex	cope	131.14798607892405	-0.25312708786784105
11348	31	32	Cuneal Cortex	cope	79.37166660839068	5.541135244176799
11348	32	33	Frontal Orbital Cortex	cope	1.0457789177099128	-0.6976921018471256
11348	33	34	Parahippocampal Gyrus, anterior division	cope	180.72989601015516	3.93569825098446
11348	34	35	Parahippocampal Gyrus, posterior division	cope	14.681015451899114	0.6674835437873624
11348	35	36	Lingual Gyrus	cope	25.530038357794528	5.21061209026528
11348	36	37	Temporal Fusiform Cortex, anterior division	cope	-60.73225456180302	2.399840221495916
11348	37	38	Temporal Fusiform Cortex, posterior division	cope	129.28323160955705	-0.23183925362326294
11348	38	39	Temporal Occipital Fusiform Cortex	cope	22.778144320247403	1.2396479879975804
11348	39	40	Occipital Fusiform Gyrus	cope	31.986710467287523	6.381814940851068
11348	40	41	Frontal Operculum Cortex	cope	30.029428613286058	-5.7012505659270065
11348	41	42	Central Opercular Cortex	cope	-17.31377682465612	0.423066988109428
11348	42	43	Parietal Operculum Cortex	cope	27.189671815500645	0.7848126259892423
11348	43	44	Planum Polare	cope	79.69467324882973	-5.968704783805568
11348	44	45	Heschl's Gyrus (includes H1 and H2)	cope	-17.088560054516464	-2.2068282947081577
11348	45	46	Planum Temporale	cope	3.4658385005023673	-0.4303436655179698
11348	46	47	Supracalcarine Cortex	cope	32.435105361837024	9.075768019290681
11348	47	48	Occipital Pole	cope	74.05896339685862	1.3246085956652287
11358	0	1	Frontal Pole	cope	-16.26863986581919	5.132362212639186
11358	1	2	Insular Cortex	cope	23.4416074770518	-0.0571449798389651
11358	2	3	Superior Frontal Gyrus	cope	-91.99001248695234	6.479379438546769
11358	3	4	Middle Frontal Gyrus	cope	51.24818507229426	7.999538004016393
11358	4	5	Inferior Frontal Gyrus, pars triangularis	cope	-7.1645320656649565	4.781825894304047
11358	5	6	Inferior Frontal Gyrus, pars opercularis	cope	-85.74978244293578	5.395397450406187
11358	6	7	Precentral Gyrus	cope	64.65457614624486	1.9389653983363115
11358	7	8	Temporal Pole	cope	1.046169073044393	1.4157008090134235
11358	8	9	Superior Temporal Gyrus, anterior division	cope	81.57123930270855	2.365665050758383
11358	9	10	Superior Temporal Gyrus, posterior division	cope	16.205395749250016	3.815332748627822
11358	10	11	Middle Temporal Gyrus, anterior division	cope	46.76614976961221	-0.014489815063051768
11358	11	12	Middle Temporal Gyrus, posterior division	cope	9.325399736023467	7.048965772006499
11358	12	13	Middle Temporal Gyrus, temporooccipital part	cope	21.205969575700315	1.487738822552246
11358	13	14	Inferior Temporal Gyrus, anterior division	cope	-170.2583043102682	0.4354564174128002
11358	14	15	Inferior Temporal Gyrus, posterior division	cope	-4.5511807629512315	0.4669129460360318
11358	15	16	Inferior Temporal Gyrus, temporooccipital part	cope	168.24345061824476	2.4600274303216496
11358	16	17	Postcentral Gyrus	cope	87.5935733859403	4.000994120466158
11358	17	18	Superior Parietal Lobule	cope	25.902130456890646	8.647660224642262
11358	18	19	Supramarginal Gyrus, anterior division	cope	66.5094463908424	0.872642242980914
11358	19	20	Supramarginal Gyrus, posterior division	cope	-47.269445382098894	6.104887074536669
11358	20	21	Angular Gyrus	cope	-10.704918760111376	9.736645824909399
11358	21	22	Lateral Occipital Cortex, superior division	cope	113.42152291330453	8.74093243755764
11358	22	23	Lateral Occipital Cortex, inferior division	cope	122.97839411275234	2.7772930132146
11358	23	24	Intracalcarine Cortex	cope	95.50885222591315	4.87269539595491
11358	24	25	Frontal Medial Cortex	cope	215.44067963405598	2.05666922715803
11358	25	26	Juxtapositional Lobule Cortex (formerly Supplementary Motor Cortex)	cope	-19.850274062841326	3.3209771016562306
11358	26	27	Subcallosal Cortex	cope	138.41637756228448	3.2928022319880816
11358	27	28	Paracingulate Gyrus	cope	29.369246426402338	3.9205266891669415
11358	28	29	Cingulate Gyrus, anterior division	cope	47.02351366098718	2.6859556152958866
11358	29	30	Cingulate Gyrus, posterior division	cope	181.33474350466048	11.343474627145167
11358	30	31	Precuneous Cortex	cope	128.4561989099092	8.673026853259943
11358	31	32	Cuneal Cortex	cope	-19.292583678718945	6.8962680132782905
11358	32	33	Frontal Orbital Cortex	cope	-16.5774651993765	3.9979114920897634
11358	33	34	Parahippocampal Gyrus, anterior division	cope	157.1700146195965	1.0812733082092507
11358	34	35	Parahippocampal Gyrus, posterior division	cope	181.04094184333422	1.8547393211216296
11358	35	36	Lingual Gyrus	cope	110.22248906112966	5.010973360169272
11358	36	37	Temporal Fusiform Cortex, anterior division	cope	41.439427426520815	2.201671956410856
11358	37	38	Temporal Fusiform Cortex, posterior division	cope	106.79582560421473	-0.6317970580677863
11358	38	39	Temporal Occipital Fusiform Cortex	cope	76.30236384563592	2.429850180472111
11358	39	40	Occipital Fusiform Gyrus	cope	138.85350616736514	5.951151538966366
11358	40	41	Frontal Operculum Cortex	cope	-210.550575863163	2.1433068401387603
11358	41	42	Central Opercular Cortex	cope	53.85823200763233	-0.6463857876393627
11358	42	43	Parietal Operculum Cortex	cope	37.82814489140502	-4.052311567116888
11358	43	44	Planum Polare	cope	40.570822389867466	-0.6770161304992574
11358	44	45	Heschl's Gyrus (includes H1 and H2)	cope	63.718716257316174	-1.9174039210643499
11358	45	46	Planum Temporale	cope	13.990707777213522	0.6141634855194951
11358	46	47	Supracalcarine Cortex	cope	66.55072841492105	6.757129169524984
11358	47	48	Occipital Pole	cope	173.27714833886725	1.8521715952312283
11364	0	1	Frontal Pole	cope	93.07160553333738	-4.934030605696095
11364	1	2	Insular Cortex	cope	-112.54494312775061	0.28734185312631794
11364	2	3	Superior Frontal Gyrus	cope	130.44715804564674	-4.811514295147872
11364	3	4	Middle Frontal Gyrus	cope	172.3401784137557	-0.7925461742169009
11364	4	5	Inferior Frontal Gyrus, pars triangularis	cope	207.48664705537328	-2.1417302475631272
11364	5	6	Inferior Frontal Gyrus, pars opercularis	cope	274.89085019366007	1.4846504665694813
11364	6	7	Precentral Gyrus	cope	29.480021027168497	4.524871909657701
11364	7	8	Temporal Pole	cope	54.978649089453135	-1.6001052112147278
11364	8	9	Superior Temporal Gyrus, anterior division	cope	17.169912522878402	1.0272128792145314
11364	9	10	Superior Temporal Gyrus, posterior division	cope	6.832682063004801	2.9820484574521324
11364	10	11	Middle Temporal Gyrus, anterior division	cope	40.52926709643051	-1.2456632905792613
11364	11	12	Middle Temporal Gyrus, posterior division	cope	44.73881156374461	-6.088429020106675
11364	12	13	Middle Temporal Gyrus, temporooccipital part	cope	255.70082312916628	2.673139799066001
11364	13	14	Inferior Temporal Gyrus, anterior division	cope	-58.486800368720964	-1.6160360738778343
11364	14	15	Inferior Temporal Gyrus, posterior division	cope	29.253105509637994	-0.997729990511571
11364	15	16	Inferior Temporal Gyrus, temporooccipital part	cope	340.947214096451	-1.7793195980614913
11364	16	17	Postcentral Gyrus	cope	-19.52141317476073	4.264009501823913
11364	17	18	Superior Parietal Lobule	cope	186.26424201548568	7.944019050129599
11364	18	19	Supramarginal Gyrus, anterior division	cope	287.39518341046795	4.228304660492668
11364	19	20	Supramarginal Gyrus, posterior division	cope	149.02443451110173	2.6746006072945643
11364	20	21	Angular Gyrus	cope	170.79674248662093	-4.5560190840695185
11364	21	22	Lateral Occipital Cortex, superior division	cope	306.703029297756	5.676177506482179
11364	22	23	Lateral Occipital Cortex, inferior division	cope	178.0164884731461	6.109806252141439
11364	23	24	Intracalcarine Cortex	cope	-74.72893112619563	11.288858613905276
11364	24	25	Frontal Medial Cortex	cope	-18.959910381347576	-4.620658864696503
11364	25	26	Juxtapositional Lobule Cortex (formerly Supplementary Motor Cortex)	cope	-25.773859598346657	5.440234150454351
11364	26	27	Subcallosal Cortex	cope	125.30805927813053	2.792243446314779
11364	27	28	Paracingulate Gyrus	cope	-0.35449266559184445	-5.701674311037652
11364	28	29	Cingulate Gyrus, anterior division	cope	44.54804471615007	0.9106208068771008
11364	29	30	Cingulate Gyrus, posterior division	cope	249.12615328468596	-1.688537745241608
11364	30	31	Precuneous Cortex	cope	197.96830626295616	3.659873009064576
11364	31	32	Cuneal Cortex	cope	46.6074910512702	8.169102198244
11364	32	33	Frontal Orbital Cortex	cope	115.70943464038552	-5.314259524381411
11364	33	34	Parahippocampal Gyrus, anterior division	cope	-18.60139547763969	1.233532262286089
11364	34	35	Parahippocampal Gyrus, posterior division	cope	119.29602452106072	2.8083976482164186
11364	35	36	Lingual Gyrus	cope	143.4049880338584	7.509894048639758
11364	36	37	Temporal Fusiform Cortex, anterior division	cope	-108.58062779227048	-0.0018450409596693432
11364	37	38	Temporal Fusiform Cortex, posterior division	cope	33.082422992089526	5.382309104926666
11364	38	39	Temporal Occipital Fusiform Cortex	cope	120.65759009262968	7.023681927317413
11364	39	40	Occipital Fusiform Gyrus	cope	314.51875867618287	6.678131783221256
11364	40	41	Frontal Operculum Cortex	cope	45.357447775589506	-2.510626666780029
11364	41	42	Central Opercular Cortex	cope	8.460163580007917	3.5447146784175527
11364	42	43	Parietal Operculum Cortex	cope	-76.3580847306905	4.139864234614238
11364	43	44	Planum Polare	cope	-69.58395523606366	2.412712806267024
11364	44	45	Heschl's Gyrus (includes H1 and H2)	cope	-109.55921176886228	3.825008581207919
11364	45	46	Planum Temporale	cope	-107.14190657548296	4.322746513571353
11364	46	47	Supracalcarine Cortex	cope	-22.264140042852848	9.095544775591252
11364	47	48	Occipital Pole	cope	194.3872966694422	1.423218691991754
11387	0	1	Frontal Pole	cope	91.59861846565614	1.0528983628696122
11387	1	2	Insular Cortex	cope	-14.315054119610396	-0.5291598224439291
11387	2	3	Superior Frontal Gyrus	cope	54.40933782849638	-1.269442884663422
11387	3	4	Middle Frontal Gyrus	cope	23.17254841833077	2.6220798460130172
11387	4	5	Inferior Frontal Gyrus, pars triangularis	cope	30.85457621301191	-2.0123362788874997
11387	5	6	Inferior Frontal Gyrus, pars opercularis	cope	-8.432586784339527	4.352856206718043
11387	6	7	Precentral Gyrus	cope	79.81190232707199	0.9906470089133869
11387	7	8	Temporal Pole	cope	45.007670496957005	-1.9475638684322643
11387	8	9	Superior Temporal Gyrus, anterior division	cope	85.06455152768355	-1.3394469150365926
11387	9	10	Superior Temporal Gyrus, posterior division	cope	1.9055475060428892	-0.6946184543572221
11387	10	11	Middle Temporal Gyrus, anterior division	cope	98.36182279568999	-4.6410113977184935
11387	11	12	Middle Temporal Gyrus, posterior division	cope	39.19936920488953	-1.0778845667925556
11387	12	13	Middle Temporal Gyrus, temporooccipital part	cope	147.5898474999684	1.5717948335965908
11387	13	14	Inferior Temporal Gyrus, anterior division	cope	70.9682280241385	-3.6404859278813975
11387	14	15	Inferior Temporal Gyrus, posterior division	cope	84.84558824583591	-0.27132049387118506
11387	15	16	Inferior Temporal Gyrus, temporooccipital part	cope	134.32282502348744	7.710771543349125
11387	16	17	Postcentral Gyrus	cope	41.327016950380866	1.7676017625032134
11387	17	18	Superior Parietal Lobule	cope	61.477679128721945	7.988795258554574
11387	18	19	Supramarginal Gyrus, anterior division	cope	16.66653919595259	3.6287423584196303
11387	19	20	Supramarginal Gyrus, posterior division	cope	19.420737107712274	2.870259728643263
11387	20	21	Angular Gyrus	cope	86.6984190111838	-1.8314622400253469
11387	21	22	Lateral Occipital Cortex, superior division	cope	195.3808057696173	5.1731479443593695
11387	22	23	Lateral Occipital Cortex, inferior division	cope	207.19533969597742	5.8476558735715605
11387	23	24	Intracalcarine Cortex	cope	312.4506307234444	6.119554661384671
11387	24	25	Frontal Medial Cortex	cope	12.31961419311821	-4.452488173314548
11387	25	26	Juxtapositional Lobule Cortex (formerly Supplementary Motor Cortex)	cope	105.6003913412223	0.4039973053370124
11387	26	27	Subcallosal Cortex	cope	96.75194944234995	-1.6966719448351517
11387	27	28	Paracingulate Gyrus	cope	124.71558446890359	-0.39389476090887265
11387	28	29	Cingulate Gyrus, anterior division	cope	195.7007336071811	0.06192154092645131
11387	29	30	Cingulate Gyrus, posterior division	cope	273.0291498396737	1.071732807642115
11387	30	31	Precuneous Cortex	cope	256.1066489625405	4.363793545461604
11387	31	32	Cuneal Cortex	cope	251.95129965460487	4.847339084675482
11387	32	33	Frontal Orbital Cortex	cope	31.72474422787838	-1.0947542491712385
11387	33	34	Parahippocampal Gyrus, anterior division	cope	126.52872561999655	1.537468815123481
11387	34	35	Parahippocampal Gyrus, posterior division	cope	64.22780959516201	-3.0660547253236454
11387	35	36	Lingual Gyrus	cope	202.1376321531983	3.7666059623574197
11387	36	37	Temporal Fusiform Cortex, anterior division	cope	143.87953431217383	-6.1615334853582775
11387	37	38	Temporal Fusiform Cortex, posterior division	cope	75.13101309830269	-0.5455544911895633
11387	38	39	Temporal Occipital Fusiform Cortex	cope	249.06546559557992	3.388553331975756
11387	39	40	Occipital Fusiform Gyrus	cope	373.7851181336499	6.162994652496656
11387	40	41	Frontal Operculum Cortex	cope	-130.5350481320423	0.01812464776722824
11387	41	42	Central Opercular Cortex	cope	33.488124991048814	-1.4203228199829914
11387	42	43	Parietal Operculum Cortex	cope	75.57144510902955	-1.0700464414226998
11387	43	44	Planum Polare	cope	-52.129794177435734	-1.0606140359127112
11387	44	45	Heschl's Gyrus (includes H1 and H2)	cope	46.597047126238245	0.38861852324640694
11387	45	46	Planum Temporale	cope	76.80591972855402	0.3359532886987083
11387	46	47	Supracalcarine Cortex	cope	313.47614825405975	5.333263138507275
11387	47	48	Occipital Pole	cope	208.83887114717785	3.8828124032588067
11426	0	1	Frontal Pole	cope	130.13945552605392	-21.11349218499802
11426	1	2	Insular Cortex	cope	360.70971546545013	-12.693503743637788
11426	2	3	Superior Frontal Gyrus	cope	149.63738968149022	-21.268194674802597
11426	3	4	Middle Frontal Gyrus	cope	29.480928430021013	-18.627162597099517
11426	4	5	Inferior Frontal Gyrus, pars triangularis	cope	21.28214501205259	-19.676553850796996
11426	5	6	Inferior Frontal Gyrus, pars opercularis	cope	168.73429382709287	-26.809001557142942
11426	6	7	Precentral Gyrus	cope	162.9279849687883	-14.722050389085496
11426	7	8	Temporal Pole	cope	37.41252195524556	-5.813196810649045
11426	8	9	Superior Temporal Gyrus, anterior division	cope	167.36746500699948	-4.098852676134079
11426	9	10	Superior Temporal Gyrus, posterior division	cope	21.885047582691755	-14.401913777955311
11426	10	11	Middle Temporal Gyrus, anterior division	cope	118.7171767284621	-4.597144725496199
11426	11	12	Middle Temporal Gyrus, posterior division	cope	43.8623743802898	-13.997183346535584
11426	12	13	Middle Temporal Gyrus, temporooccipital part	cope	31.17297218672347	-3.6188799910595773
11426	13	14	Inferior Temporal Gyrus, anterior division	cope	77.19094372642111	1.275470321281598
11426	14	15	Inferior Temporal Gyrus, posterior division	cope	186.5274826296153	-1.0522994896326785
11426	15	16	Inferior Temporal Gyrus, temporooccipital part	cope	230.09036600055978	-14.954975985396503
11426	16	17	Postcentral Gyrus	cope	169.5976223392072	-11.041431940567234
11426	17	18	Superior Parietal Lobule	cope	25.375275977562104	-9.662765680091196
11426	18	19	Supramarginal Gyrus, anterior division	cope	257.61029148775117	-8.293398253812834
11426	19	20	Supramarginal Gyrus, posterior division	cope	175.57248291671277	-2.9676862482837327
11426	20	21	Angular Gyrus	cope	104.75551438821375	-13.993482149239084
11426	21	22	Lateral Occipital Cortex, superior division	cope	73.18556481517408	-15.791257592469156
11426	22	23	Lateral Occipital Cortex, inferior division	cope	131.02501267107502	-6.843852639658698
11426	23	24	Intracalcarine Cortex	cope	94.6431335956438	-5.255989434052593
11426	24	25	Frontal Medial Cortex	cope	364.68277059125563	0.2349935697642624
11426	25	26	Juxtapositional Lobule Cortex (formerly Supplementary Motor Cortex)	cope	257.25169422578165	-7.307052776897074
11426	26	27	Subcallosal Cortex	cope	445.4385686974543	-12.439873438005677
11426	27	28	Paracingulate Gyrus	cope	277.3111047629292	-18.54831832718869
11426	28	29	Cingulate Gyrus, anterior division	cope	352.11763233754596	-8.56086830558429
11426	29	30	Cingulate Gyrus, posterior division	cope	267.6977420425415	-4.909000698342919
11426	30	31	Precuneous Cortex	cope	254.48443660012336	-6.103534658167368
11426	31	32	Cuneal Cortex	cope	37.80121956844948	-8.155839265235379
11426	32	33	Frontal Orbital Cortex	cope	154.39803965727828	-7.987531683346611
11426	33	34	Parahippocampal Gyrus, anterior division	cope	195.25869253040415	1.5164858980879057
11426	34	35	Parahippocampal Gyrus, posterior division	cope	81.63287612537168	-1.699504429061528
11426	35	36	Lingual Gyrus	cope	183.5929412742858	-17.61701692956828
11426	36	37	Temporal Fusiform Cortex, anterior division	cope	62.31052667494361	11.122870204719247
11426	37	38	Temporal Fusiform Cortex, posterior division	cope	173.7478403184377	2.837517700308738
11426	38	39	Temporal Occipital Fusiform Cortex	cope	253.19711745238	-7.999111161626216
11426	39	40	Occipital Fusiform Gyrus	cope	289.69758256568093	-19.673028456659516
11426	40	41	Frontal Operculum Cortex	cope	320.93664482461304	-18.935034591235034
11426	41	42	Central Opercular Cortex	cope	357.27860530197097	-12.159062343805925
11426	42	43	Parietal Operculum Cortex	cope	419.87329632694343	-7.430084448544129
11426	43	44	Planum Polare	cope	71.844039610779	-8.286266821656973
11426	44	45	Heschl's Gyrus (includes H1 and H2)	cope	340.2943629265381	-17.627308756662405
11426	45	46	Planum Temporale	cope	274.03667204150634	-7.673807409816419
11426	46	47	Supracalcarine Cortex	cope	42.90363099473588	-7.585605084737565
11426	47	48	Occipital Pole	cope	76.89053121634447	-6.838868080082135
11430	0	1	Frontal Pole	cope	-94.10668257021972	-1.7351637348876379
11430	1	2	Insular Cortex	cope	-66.95234419706995	7.548988228862281
11430	2	3	Superior Frontal Gyrus	cope	-82.28246149945446	-4.805319265115938
11430	3	4	Middle Frontal Gyrus	cope	-8.492779675831121	-0.3567679154384667
11430	4	5	Inferior Frontal Gyrus, pars triangularis	cope	-103.83015842455517	0.19213840802875135
11430	5	6	Inferior Frontal Gyrus, pars opercularis	cope	-74.14242398938282	5.77145683903898
11430	6	7	Precentral Gyrus	cope	-16.989985983781317	6.739127043713135
11430	7	8	Temporal Pole	cope	-131.66553467358722	-2.781071873740699
11430	8	9	Superior Temporal Gyrus, anterior division	cope	-108.08378416513786	-3.0744930480535215
11430	9	10	Superior Temporal Gyrus, posterior division	cope	-125.50130324508366	4.03898325547963
11430	10	11	Middle Temporal Gyrus, anterior division	cope	-46.31495923533368	-4.948084095876609
11430	11	12	Middle Temporal Gyrus, posterior division	cope	-49.67905863960505	-2.932612331766656
11430	12	13	Middle Temporal Gyrus, temporooccipital part	cope	-79.07078121483654	-1.8961634749996295
11430	13	14	Inferior Temporal Gyrus, anterior division	cope	-89.52705428030717	-11.68348019715597
11430	14	15	Inferior Temporal Gyrus, posterior division	cope	-37.55290020569465	-0.8592894582486734
11430	15	16	Inferior Temporal Gyrus, temporooccipital part	cope	-51.8650016662345	1.8966054985622889
11430	16	17	Postcentral Gyrus	cope	-38.487727983516194	7.623743716021595
11430	17	18	Superior Parietal Lobule	cope	-14.85569278011954	7.835901473015742
11430	18	19	Supramarginal Gyrus, anterior division	cope	-76.02997508771993	6.302865414293827
11430	19	20	Supramarginal Gyrus, posterior division	cope	-32.847750461020986	3.4234150601277205
11430	20	21	Angular Gyrus	cope	-94.56540443948683	-2.20271951832506
11430	21	22	Lateral Occipital Cortex, superior division	cope	-15.973249839459443	3.4603441947176807
11430	22	23	Lateral Occipital Cortex, inferior division	cope	-13.075224614871328	7.967280372635834
11430	23	24	Intracalcarine Cortex	cope	39.0934269826004	13.117084015467013
11430	24	25	Frontal Medial Cortex	cope	-20.72745191205478	-5.712908313735157
11430	25	26	Juxtapositional Lobule Cortex (formerly Supplementary Motor Cortex)	cope	-62.36751308770397	9.922227608820272
11430	26	27	Subcallosal Cortex	cope	-44.3887710245756	-10.244945624012214
11430	27	28	Paracingulate Gyrus	cope	-209.8566525471921	0.10039619650328735
11430	28	29	Cingulate Gyrus, anterior division	cope	-252.94934952959923	6.091149446643273
11430	29	30	Cingulate Gyrus, posterior division	cope	-157.5713727676017	-1.81823073563299
11430	30	31	Precuneous Cortex	cope	-85.47590376708696	1.3264123821977276
11430	31	32	Cuneal Cortex	cope	8.38076480677942	4.784923997329767
11430	32	33	Frontal Orbital Cortex	cope	-100.65081071862073	1.8894533241131513
11430	33	34	Parahippocampal Gyrus, anterior division	cope	-78.86454763955774	-0.7752826235595003
11430	34	35	Parahippocampal Gyrus, posterior division	cope	15.823135558389268	-11.976163025847022
11430	35	36	Lingual Gyrus	cope	67.29164133426632	11.615668830361503
11430	36	37	Temporal Fusiform Cortex, anterior division	cope	16.004243221688778	-0.4974747209261495
11430	37	38	Temporal Fusiform Cortex, posterior division	cope	-60.849636429045574	-4.537194298102605
11430	38	39	Temporal Occipital Fusiform Cortex	cope	-32.89614884006988	8.360537112877447
11430	39	40	Occipital Fusiform Gyrus	cope	20.48132129016956	15.043077915150741
11430	40	41	Frontal Operculum Cortex	cope	-165.8210243725476	15.985354408120909
11430	41	42	Central Opercular Cortex	cope	-19.76445599708739	9.242874674094825
11430	42	43	Parietal Operculum Cortex	cope	-20.149520005747146	8.302105303172986
11430	43	44	Planum Polare	cope	-20.95672862493355	2.7645501214015575
11430	44	45	Heschl's Gyrus (includes H1 and H2)	cope	27.989804105000562	2.965190000222644
11430	45	46	Planum Temporale	cope	2.7751524302272585	6.223543659590412
11430	46	47	Supracalcarine Cortex	cope	19.784766353825304	10.549878788596772
11430	47	48	Occipital Pole	cope	10.962244509342012	8.358072080450805
11433	0	1	Frontal Pole	cope	97.02344550766334	5.532131983139884
11433	1	2	Insular Cortex	cope	-82.07208776321323	2.6122339931602943
11433	2	3	Superior Frontal Gyrus	cope	63.10932584943093	3.9619939570664124
11433	3	4	Middle Frontal Gyrus	cope	109.89660776894668	5.19529374440884
11433	4	5	Inferior Frontal Gyrus, pars triangularis	cope	85.3152693154615	3.009519564192913
11433	5	6	Inferior Frontal Gyrus, pars opercularis	cope	7.025568489026846	3.9204996000978833
11433	6	7	Precentral Gyrus	cope	-17.207264868843264	-1.1842348516672532
11433	7	8	Temporal Pole	cope	-34.54591907735748	-0.5309074539445663
11433	8	9	Superior Temporal Gyrus, anterior division	cope	-1.055391330902393	-3.8002714298856564
11433	9	10	Superior Temporal Gyrus, posterior division	cope	94.87616243474669	-0.8101131626738949
11433	10	11	Middle Temporal Gyrus, anterior division	cope	-45.84715441162906	-0.8010817247095393
11433	11	12	Middle Temporal Gyrus, posterior division	cope	-21.799409735049654	0.433944510829519
11433	12	13	Middle Temporal Gyrus, temporooccipital part	cope	6.8052266120418725	-0.04750386366528264
11433	13	14	Inferior Temporal Gyrus, anterior division	cope	-126.05012855242343	3.58755574544021
11433	14	15	Inferior Temporal Gyrus, posterior division	cope	46.797489388926394	1.3724886245785246
11433	15	16	Inferior Temporal Gyrus, temporooccipital part	cope	165.74771128109057	4.381852239483286
11433	16	17	Postcentral Gyrus	cope	-27.354681761575783	0.8503928159353444
11433	17	18	Superior Parietal Lobule	cope	305.0700061541843	7.970447771715641
11433	18	19	Supramarginal Gyrus, anterior division	cope	-126.08201220016237	7.9356147290949055
11433	19	20	Supramarginal Gyrus, posterior division	cope	69.02732380429232	6.03546851683106
11433	20	21	Angular Gyrus	cope	125.4347533860485	6.073018046442258
11433	21	22	Lateral Occipital Cortex, superior division	cope	147.73880778671247	4.890376377320657
11433	22	23	Lateral Occipital Cortex, inferior division	cope	38.014077393950444	-0.5232127511536369
11433	23	24	Intracalcarine Cortex	cope	259.12483504575454	-6.476370840391383
11433	24	25	Frontal Medial Cortex	cope	-68.67740707236824	-11.531431535985453
11433	25	26	Juxtapositional Lobule Cortex (formerly Supplementary Motor Cortex)	cope	-15.624928093332848	0.6944457973775177
11433	26	27	Subcallosal Cortex	cope	144.63714051063243	-5.493109493813693
11433	27	28	Paracingulate Gyrus	cope	18.718266971261297	0.6109342601717702
11433	28	29	Cingulate Gyrus, anterior division	cope	68.12536083932144	-1.150669860922913
11433	29	30	Cingulate Gyrus, posterior division	cope	117.84312352452959	-1.9146159939627563
11433	30	31	Precuneous Cortex	cope	135.93336146213758	-4.701495069501488
11433	31	32	Cuneal Cortex	cope	159.13433366657097	-2.1466018907806346
11433	32	33	Frontal Orbital Cortex	cope	73.41271640633727	0.1284067961331388
11433	33	34	Parahippocampal Gyrus, anterior division	cope	-29.940873592366685	0.49807420343292497
11433	34	35	Parahippocampal Gyrus, posterior division	cope	-19.011574893008987	-4.726579443576201
11433	35	36	Lingual Gyrus	cope	122.30830982112691	-4.068105838073018
11433	36	37	Temporal Fusiform Cortex, anterior division	cope	25.227486060866227	2.930874236733884
11433	37	38	Temporal Fusiform Cortex, posterior division	cope	-15.373631521136133	-3.771232597442126
11433	38	39	Temporal Occipital Fusiform Cortex	cope	170.85570137280882	1.2700416588453511
11433	39	40	Occipital Fusiform Gyrus	cope	268.8538227131197	-1.3732602567083005
11433	40	41	Frontal Operculum Cortex	cope	-39.934965779198755	5.231190911392455
11433	41	42	Central Opercular Cortex	cope	-65.47052739268644	2.5533413941356766
11433	42	43	Parietal Operculum Cortex	cope	-154.93932312182363	7.117953371849303
11433	43	44	Planum Polare	cope	25.91326754420768	1.0049044262930638
11433	44	45	Heschl's Gyrus (includes H1 and H2)	cope	-42.28011459579116	-0.6976285289097491
11433	45	46	Planum Temporale	cope	34.18096388954865	1.739202565144634
11433	46	47	Supracalcarine Cortex	cope	248.30740396012652	-7.051972840694671
11433	47	48	Occipital Pole	cope	129.1718486847285	-3.4376646139631237
11435	0	1	Frontal Pole	cope	4.112287719644564	0.1483875137564551
11435	1	2	Insular Cortex	cope	-36.79721291728134	1.7879667368602508
11435	2	3	Superior Frontal Gyrus	cope	-4.458999036295147	-1.0273995964383222
11435	3	4	Middle Frontal Gyrus	cope	-88.24128203040155	0.575023905761064
11435	4	5	Inferior Frontal Gyrus, pars triangularis	cope	-53.256451882490325	2.1694771238659305
11435	5	6	Inferior Frontal Gyrus, pars opercularis	cope	-135.77593418776462	1.2785808750597905
11435	6	7	Precentral Gyrus	cope	-97.12297137135818	0.30859547767497375
11435	7	8	Temporal Pole	cope	-44.71966272377399	0.6179401830091023
11435	8	9	Superior Temporal Gyrus, anterior division	cope	-20.9898587228396	0.15648300010376634
11435	9	10	Superior Temporal Gyrus, posterior division	cope	-56.52990300082541	0.3837077141189101
11435	10	11	Middle Temporal Gyrus, anterior division	cope	-18.84410317433414	-2.078173684925119
11435	11	12	Middle Temporal Gyrus, posterior division	cope	-4.515479869286533	0.9526230544362607
11435	12	13	Middle Temporal Gyrus, temporooccipital part	cope	-21.39746566477553	-1.7845177437076947
11435	13	14	Inferior Temporal Gyrus, anterior division	cope	-35.01426717656604	-9.220759088471091
11435	14	15	Inferior Temporal Gyrus, posterior division	cope	-7.859821355850033	0.6332835293715167
11435	15	16	Inferior Temporal Gyrus, temporooccipital part	cope	-100.88660224666124	-1.3693377583777644
11435	16	17	Postcentral Gyrus	cope	-48.206377215903736	-0.5326529520822932
11435	17	18	Superior Parietal Lobule	cope	-53.04120953697858	-1.5778153567169144
11435	18	19	Supramarginal Gyrus, anterior division	cope	-97.55626362127562	0.7609509825195548
11435	19	20	Supramarginal Gyrus, posterior division	cope	-100.47217649432855	0.6269593667616514
11435	20	21	Angular Gyrus	cope	-4.781111224956319	-1.9389291619728344
11435	21	22	Lateral Occipital Cortex, superior division	cope	-15.747514647059143	-3.914993150094686
11435	22	23	Lateral Occipital Cortex, inferior division	cope	-8.94727940321048	-4.177992236198432
11435	23	24	Intracalcarine Cortex	cope	5.955883313390763	-3.5923076885961205
11435	24	25	Frontal Medial Cortex	cope	71.53736674637659	0.2495675263843823
11435	25	26	Juxtapositional Lobule Cortex (formerly Supplementary Motor Cortex)	cope	-133.78392437623964	-3.33254836212743
11435	26	27	Subcallosal Cortex	cope	69.00776557933825	-1.1310628752295788
11435	27	28	Paracingulate Gyrus	cope	91.08430492490277	-1.0978444132208471
11435	28	29	Cingulate Gyrus, anterior division	cope	-1.4447282358956666	-1.08492064983949
11435	29	30	Cingulate Gyrus, posterior division	cope	129.05108878925017	-3.512408722765744
11435	30	31	Precuneous Cortex	cope	23.782021558887607	-5.801279970013672
11435	31	32	Cuneal Cortex	cope	-15.13174173830618	-1.5901690092920728
11435	32	33	Frontal Orbital Cortex	cope	11.444692397789682	0.9238925157857253
11435	33	34	Parahippocampal Gyrus, anterior division	cope	-15.411586119010385	3.1564753404859682
11435	34	35	Parahippocampal Gyrus, posterior division	cope	48.495185733291336	-2.3862202830893815
11435	35	36	Lingual Gyrus	cope	-12.950592616043593	-1.882237156481305
11435	36	37	Temporal Fusiform Cortex, anterior division	cope	137.77877672766962	-7.796630271254702
11435	37	38	Temporal Fusiform Cortex, posterior division	cope	-4.013168976044286	-0.6737963686089662
11435	38	39	Temporal Occipital Fusiform Cortex	cope	-34.87403422281496	-1.687227606888634
11435	39	40	Occipital Fusiform Gyrus	cope	63.000362964580546	-6.540038133458738
11435	40	41	Frontal Operculum Cortex	cope	-151.70982406294647	2.0965954279409673
11435	41	42	Central Opercular Cortex	cope	-95.68916882671788	0.019970409513788798
11435	42	43	Parietal Operculum Cortex	cope	-71.18943644491341	-3.8576107611900388
11435	43	44	Planum Polare	cope	-72.90422996093754	4.343912953126977
11435	44	45	Heschl's Gyrus (includes H1 and H2)	cope	-4.376731185594462	-1.2342703430849011
11435	45	46	Planum Temporale	cope	-57.080624211197744	-1.6120441600762907
11435	46	47	Supracalcarine Cortex	cope	-78.80706625035468	-5.109219992414434
11435	47	48	Occipital Pole	cope	34.01876329594782	-3.078048855705032
11451	0	1	Frontal Pole	cope	107.46481373108986	-3.6598368058046034
11451	1	2	Insular Cortex	cope	123.91057657432117	0.6781494060472096
11451	2	3	Superior Frontal Gyrus	cope	19.80781426884643	-4.0750149212675035
11451	3	4	Middle Frontal Gyrus	cope	-34.76543007900126	-2.5696626715580555
11451	4	5	Inferior Frontal Gyrus, pars triangularis	cope	-3.3516490216102075	-6.843058364132607
11451	5	6	Inferior Frontal Gyrus, pars opercularis	cope	-78.53777794517771	-4.92637062800328
11451	6	7	Precentral Gyrus	cope	98.89732457928707	1.905758914358871
11451	7	8	Temporal Pole	cope	-22.63410428754298	0.02301510674376169
11451	8	9	Superior Temporal Gyrus, anterior division	cope	42.587294853039275	-0.7800304086831136
11451	9	10	Superior Temporal Gyrus, posterior division	cope	-47.0158470660061	-1.819211433257593
11451	10	11	Middle Temporal Gyrus, anterior division	cope	-96.27889511638612	-2.2247492357754886
11451	11	12	Middle Temporal Gyrus, posterior division	cope	-69.97294063229305	-3.1056505828431398
11451	12	13	Middle Temporal Gyrus, temporooccipital part	cope	1.0587836003463915	-0.7148199263995992
11451	13	14	Inferior Temporal Gyrus, anterior division	cope	22.996363009926835	0.2626949851814459
11451	14	15	Inferior Temporal Gyrus, posterior division	cope	3.7363096343440123	-0.6477316198075508
11451	15	16	Inferior Temporal Gyrus, temporooccipital part	cope	99.06743969601482	-1.6811443503499517
11451	16	17	Postcentral Gyrus	cope	63.68548873364925	2.3941687979526898
11451	17	18	Superior Parietal Lobule	cope	142.62685261819306	4.0049659977092595
11451	18	19	Supramarginal Gyrus, anterior division	cope	77.94963231324046	3.320196432001992
11451	19	20	Supramarginal Gyrus, posterior division	cope	37.266256905850526	1.9408693675159452
11451	20	21	Angular Gyrus	cope	-65.34515724361397	-2.945801511650366
11451	21	22	Lateral Occipital Cortex, superior division	cope	96.645280211409	1.5113958277537591
11451	22	23	Lateral Occipital Cortex, inferior division	cope	68.20939426192504	1.0848530223294912
11451	23	24	Intracalcarine Cortex	cope	171.98626062204403	5.488581385267337
11451	24	25	Frontal Medial Cortex	cope	144.6258757344797	-4.010978561106092
11451	25	26	Juxtapositional Lobule Cortex (formerly Supplementary Motor Cortex)	cope	261.4470708438674	11.38561855014917
11451	26	27	Subcallosal Cortex	cope	19.431080869871835	-0.14481906851467033
11451	27	28	Paracingulate Gyrus	cope	145.34620852636698	-2.502707398938605
11451	28	29	Cingulate Gyrus, anterior division	cope	158.05498415597918	1.5524286414763961
11451	29	30	Cingulate Gyrus, posterior division	cope	136.03924989778656	-1.6756382270966257
11451	30	31	Precuneous Cortex	cope	105.5548036340738	-0.9097657266814243
11451	31	32	Cuneal Cortex	cope	142.29077685355082	4.853333821098946
11451	32	33	Frontal Orbital Cortex	cope	-9.77719459416906	-5.937473619174274
11451	33	34	Parahippocampal Gyrus, anterior division	cope	80.42736785779748	-0.3739397705911733
11451	34	35	Parahippocampal Gyrus, posterior division	cope	65.81365983936021	0.3290387844420829
11451	35	36	Lingual Gyrus	cope	185.74662644031952	3.5973390172141406
11451	36	37	Temporal Fusiform Cortex, anterior division	cope	33.4706965084617	2.0095972952479166
11451	37	38	Temporal Fusiform Cortex, posterior division	cope	0.5592996297266315	1.0783927957246822
11451	38	39	Temporal Occipital Fusiform Cortex	cope	59.711441248062506	-0.009119463966617102
11451	39	40	Occipital Fusiform Gyrus	cope	71.53066923976121	2.8026955892005794
11451	40	41	Frontal Operculum Cortex	cope	38.58377953437196	-5.233615216200862
11451	41	42	Central Opercular Cortex	cope	175.146800858605	4.620929122237418
11451	42	43	Parietal Operculum Cortex	cope	120.79657696921208	3.874711636671333
11451	43	44	Planum Polare	cope	114.56482007985807	6.179288744563877
11451	44	45	Heschl's Gyrus (includes H1 and H2)	cope	123.50858914646136	-0.4646237166469685
11451	45	46	Planum Temporale	cope	81.25482748964816	0.6071188326285238
11451	46	47	Supracalcarine Cortex	cope	160.85183028274395	6.977699488322151
11451	47	48	Occipital Pole	cope	101.6348616381629	2.495306699752654
11492	0	1	Frontal Pole	cope	-29.186465575166583	-6.339622256424221
11492	1	2	Insular Cortex	cope	-24.312518955712193	-8.73336159027149
11492	2	3	Superior Frontal Gyrus	cope	-76.4694882133735	-8.952738775394321
11492	3	4	Middle Frontal Gyrus	cope	-83.14147964322075	0.2975530201269639
11492	4	5	Inferior Frontal Gyrus, pars triangularis	cope	-62.94405699692188	9.551701239145729
11492	5	6	Inferior Frontal Gyrus, pars opercularis	cope	-48.329827298683746	10.386286909023791
11492	6	7	Precentral Gyrus	cope	-3.144291011582441	0.721941168203571
11492	7	8	Temporal Pole	cope	-189.40911563472062	-9.784971792235433
11492	8	9	Superior Temporal Gyrus, anterior division	cope	-147.98021911841172	-4.287164413623321
11492	9	10	Superior Temporal Gyrus, posterior division	cope	41.51178932344759	7.299983366356267
11492	10	11	Middle Temporal Gyrus, anterior division	cope	-84.54526519348373	-17.82830256450532
11492	11	12	Middle Temporal Gyrus, posterior division	cope	62.868250345962174	-5.373110325175076
11492	12	13	Middle Temporal Gyrus, temporooccipital part	cope	-9.655583532837102	-0.786931587133987
11492	13	14	Inferior Temporal Gyrus, anterior division	cope	-159.650667902986	-5.546452090717279
11492	14	15	Inferior Temporal Gyrus, posterior division	cope	7.58867627448359	-7.20941014445393
11492	15	16	Inferior Temporal Gyrus, temporooccipital part	cope	-66.47205076911557	-9.118486164235023
11492	16	17	Postcentral Gyrus	cope	5.051374655236368	-2.218137327313585
11492	17	18	Superior Parietal Lobule	cope	-49.20180267948178	0.1325022487313269
11492	18	19	Supramarginal Gyrus, anterior division	cope	-62.95374259032585	-2.6941148156886574
11492	19	20	Supramarginal Gyrus, posterior division	cope	-41.43475776246271	-4.435347369008673
11492	20	21	Angular Gyrus	cope	-65.83381602531158	-3.315538263293503
11492	21	22	Lateral Occipital Cortex, superior division	cope	-55.53975501032793	-5.241744657520001
11492	22	23	Lateral Occipital Cortex, inferior division	cope	-47.67114941889813	-9.780481607057725
11492	23	24	Intracalcarine Cortex	cope	61.919629020116325	-11.843661156283684
11492	24	25	Frontal Medial Cortex	cope	135.627641916777	-25.37180297755709
11492	25	26	Juxtapositional Lobule Cortex (formerly Supplementary Motor Cortex)	cope	-75.23596133956232	-1.1191686084635581
11492	26	27	Subcallosal Cortex	cope	-10.344357297053705	-10.127088356591187
11492	27	28	Paracingulate Gyrus	cope	-33.8894332381161	-10.847276980926564
11492	28	29	Cingulate Gyrus, anterior division	cope	-15.627760712003091	-15.172500292770565
11492	29	30	Cingulate Gyrus, posterior division	cope	-47.94807922308786	-9.430546295492777
11492	30	31	Precuneous Cortex	cope	-51.883433645074945	-11.913114327985562
11492	31	32	Cuneal Cortex	cope	31.617255381821654	-14.069506905576475
11492	32	33	Frontal Orbital Cortex	cope	-12.362060844705418	-9.539755917373741
11492	33	34	Parahippocampal Gyrus, anterior division	cope	4.8685659185975	-13.737650038124334
11492	34	35	Parahippocampal Gyrus, posterior division	cope	-3.2776782143790766	-5.5422137302047805
11492	35	36	Lingual Gyrus	cope	11.845903952305134	-12.181847351165073
11492	36	37	Temporal Fusiform Cortex, anterior division	cope	60.319901674034746	-7.059546584197393
11492	37	38	Temporal Fusiform Cortex, posterior division	cope	-31.571916676480676	-5.754340206337019
11492	38	39	Temporal Occipital Fusiform Cortex	cope	-74.73533372896274	-10.764010278053354
11492	39	40	Occipital Fusiform Gyrus	cope	61.03427743711238	-17.257890936431536
11492	40	41	Frontal Operculum Cortex	cope	-96.24963214730515	-5.608737987607029
11492	41	42	Central Opercular Cortex	cope	41.39918726263158	-5.237856142487803
11492	42	43	Parietal Operculum Cortex	cope	-110.62338359555618	-3.902616903616049
11492	43	44	Planum Polare	cope	15.806549245164595	-0.6536823703928758
11492	44	45	Heschl's Gyrus (includes H1 and H2)	cope	-30.647284006742836	-2.0882326762797097
11492	45	46	Planum Temporale	cope	-24.14533983175114	-0.8744325939916755
11492	46	47	Supracalcarine Cortex	cope	106.08549208590325	-9.217297232531486
11492	47	48	Occipital Pole	cope	210.25760136725418	-11.68310761998295
11498	0	1	Frontal Pole	cope	-46.39445271345398	2.9745328874350543
11498	1	2	Insular Cortex	cope	200.88437060266733	4.567074941079987
11498	2	3	Superior Frontal Gyrus	cope	-16.68439741731207	-1.1489044289966497
11498	3	4	Middle Frontal Gyrus	cope	-86.63731027536468	9.792076176691562
11498	4	5	Inferior Frontal Gyrus, pars triangularis	cope	47.15438199262007	7.100444214691946
11498	5	6	Inferior Frontal Gyrus, pars opercularis	cope	53.89410853801385	10.756883718239552
11498	6	7	Precentral Gyrus	cope	106.25959193447439	2.2968495124765687
11498	7	8	Temporal Pole	cope	33.09539294675956	-0.9664599270508984
11498	8	9	Superior Temporal Gyrus, anterior division	cope	173.05670981338392	-4.555038849761089
11498	9	10	Superior Temporal Gyrus, posterior division	cope	331.1048874344145	-3.3146160627479437
11498	10	11	Middle Temporal Gyrus, anterior division	cope	-7.831401853419062	-9.433784451232807
11498	11	12	Middle Temporal Gyrus, posterior division	cope	45.189573258249894	1.7684054748236162
11498	12	13	Middle Temporal Gyrus, temporooccipital part	cope	109.72318405372077	8.654380585173941
11498	13	14	Inferior Temporal Gyrus, anterior division	cope	-79.29925798135396	-0.05332611620249833
11498	14	15	Inferior Temporal Gyrus, posterior division	cope	-83.3265517953362	6.498343273303461
11498	15	16	Inferior Temporal Gyrus, temporooccipital part	cope	-16.671865214969017	12.483927534788902
11498	16	17	Postcentral Gyrus	cope	135.24541661584507	0.8222567983900966
11498	17	18	Superior Parietal Lobule	cope	29.98406437798122	18.631769600668996
11498	18	19	Supramarginal Gyrus, anterior division	cope	169.22592035708604	8.625491589362975
11498	19	20	Supramarginal Gyrus, posterior division	cope	104.03717215898875	9.983297189814667
11498	20	21	Angular Gyrus	cope	7.059348265720805	3.593539744384497
11498	21	22	Lateral Occipital Cortex, superior division	cope	-28.726644357545485	8.957618807149212
11498	22	23	Lateral Occipital Cortex, inferior division	cope	123.60205693081943	5.053772640181241
11498	23	24	Intracalcarine Cortex	cope	100.75518331528869	8.44195207759216
11498	24	25	Frontal Medial Cortex	cope	93.7680206040964	-2.8738893568912087
11498	25	26	Juxtapositional Lobule Cortex (formerly Supplementary Motor Cortex)	cope	177.7298166296772	1.783766092455669
11498	26	27	Subcallosal Cortex	cope	159.1291244846124	-15.160135176183227
11498	27	28	Paracingulate Gyrus	cope	72.6351058041587	-4.0806374253719655
11498	28	29	Cingulate Gyrus, anterior division	cope	223.57609625908515	-0.2952410317829147
11498	29	30	Cingulate Gyrus, posterior division	cope	24.88005634474249	-1.4391424822009036
11498	30	31	Precuneous Cortex	cope	5.011426507634757	-1.370774814996049
11498	31	32	Cuneal Cortex	cope	174.7430192571125	5.362224366512777
11498	32	33	Frontal Orbital Cortex	cope	111.53158115631386	2.313554617807249
11498	33	34	Parahippocampal Gyrus, anterior division	cope	9.257672172732057	5.631132872382682
11498	34	35	Parahippocampal Gyrus, posterior division	cope	23.09531689713586	0.756400447815024
11498	35	36	Lingual Gyrus	cope	212.16412464903917	5.646654409046477
11498	36	37	Temporal Fusiform Cortex, anterior division	cope	-156.76733733829877	-0.8552173841018098
11498	37	38	Temporal Fusiform Cortex, posterior division	cope	-101.55510594727866	4.763753565118076
11498	38	39	Temporal Occipital Fusiform Cortex	cope	278.2778375952843	9.299175972364857
11498	39	40	Occipital Fusiform Gyrus	cope	324.8704165747953	1.5082667997086974
11498	40	41	Frontal Operculum Cortex	cope	-7.6635694295919246	13.607390886423092
11498	41	42	Central Opercular Cortex	cope	273.70765345655053	-5.358670256777921
11498	42	43	Parietal Operculum Cortex	cope	379.506652438096	-1.4892996642011724
11498	43	44	Planum Polare	cope	375.0407704406112	0.15880247967616293
11498	44	45	Heschl's Gyrus (includes H1 and H2)	cope	399.05484319941786	-4.744478496813005
11498	45	46	Planum Temporale	cope	415.3551469758937	-3.661397708874
11498	46	47	Supracalcarine Cortex	cope	149.55118852092863	3.7331314885869937
11498	47	48	Occipital Pole	cope	146.81700925459677	3.0715367575273427
11517	0	1	Frontal Pole	cope	-52.408308444237235	3.382191951799722
11517	1	2	Insular Cortex	cope	14.147116722416927	3.3128694399390235
11517	2	3	Superior Frontal Gyrus	cope	-34.83708996057562	3.547544466887729
11517	3	4	Middle Frontal Gyrus	cope	30.852342884122077	3.7100884560087604
11517	4	5	Inferior Frontal Gyrus, pars triangularis	cope	56.94502592773749	9.23934470540673
11517	5	6	Inferior Frontal Gyrus, pars opercularis	cope	76.47001524596409	2.105505191492519
11517	6	7	Precentral Gyrus	cope	141.2921116572779	0.1313922953895647
11517	7	8	Temporal Pole	cope	14.835571502673872	2.0263051659459856
11517	8	9	Superior Temporal Gyrus, anterior division	cope	91.0537362862856	4.103106814305274
11517	9	10	Superior Temporal Gyrus, posterior division	cope	63.04762675429319	4.415865529231824
11517	10	11	Middle Temporal Gyrus, anterior division	cope	73.52907097473073	3.2693626292828304
11517	11	12	Middle Temporal Gyrus, posterior division	cope	54.613443293443076	3.0311648257913273
11517	12	13	Middle Temporal Gyrus, temporooccipital part	cope	36.39866189193365	6.427542315694494
11517	13	14	Inferior Temporal Gyrus, anterior division	cope	134.11766908860065	-0.5192347208916943
11517	14	15	Inferior Temporal Gyrus, posterior division	cope	57.229361561211675	0.871787593115592
11517	15	16	Inferior Temporal Gyrus, temporooccipital part	cope	-47.10275503731708	2.751902673560292
11517	16	17	Postcentral Gyrus	cope	92.04665750407169	-2.755020596645165
11517	17	18	Superior Parietal Lobule	cope	-59.172532293349114	-1.7709831945021244
11517	18	19	Supramarginal Gyrus, anterior division	cope	22.371505788713694	-2.183580224522976
11517	19	20	Supramarginal Gyrus, posterior division	cope	34.26343386823664	2.5788522470250057
11517	20	21	Angular Gyrus	cope	46.81317799035365	3.615217359130478
11517	21	22	Lateral Occipital Cortex, superior division	cope	-22.024941449074557	4.40197285482111
11517	22	23	Lateral Occipital Cortex, inferior division	cope	11.716986181156205	-0.41116778103384377
11517	23	24	Intracalcarine Cortex	cope	101.01669601881551	0.06703523896065638
11517	24	25	Frontal Medial Cortex	cope	183.8347637184123	2.8276995563126626
11517	25	26	Juxtapositional Lobule Cortex (formerly Supplementary Motor Cortex)	cope	-263.2419853444035	0.3918405894907443
11517	26	27	Subcallosal Cortex	cope	111.21118686084564	2.852090116393251
11517	27	28	Paracingulate Gyrus	cope	-33.88178349781848	-0.8611335967303506
11517	28	29	Cingulate Gyrus, anterior division	cope	-1.7183909352111109	-0.19187883293957617
11517	29	30	Cingulate Gyrus, posterior division	cope	-124.05219485242026	2.761375328889915
11517	30	31	Precuneous Cortex	cope	-13.74766255829133	3.944665191520115
11517	31	32	Cuneal Cortex	cope	-280.71906827601964	-2.322594807154918
11517	32	33	Frontal Orbital Cortex	cope	36.294749495179126	3.4018651593318157
11517	33	34	Parahippocampal Gyrus, anterior division	cope	92.95059530450179	-0.1376981446601912
11517	34	35	Parahippocampal Gyrus, posterior division	cope	-50.904567508652526	3.890100150091468
11517	35	36	Lingual Gyrus	cope	-59.002663569303174	-0.9168705865755858
11517	36	37	Temporal Fusiform Cortex, anterior division	cope	104.71716132823457	0.4669406793430342
11517	37	38	Temporal Fusiform Cortex, posterior division	cope	76.28922671377146	2.9082338237836827
11517	38	39	Temporal Occipital Fusiform Cortex	cope	11.126256158241958	2.063233205321065
11517	39	40	Occipital Fusiform Gyrus	cope	39.90319832309579	3.9194909641113336
11517	40	41	Frontal Operculum Cortex	cope	-106.68056632791247	-0.061994247295025014
11517	41	42	Central Opercular Cortex	cope	84.74599198577516	0.08534394688303432
11517	42	43	Parietal Operculum Cortex	cope	6.050484864164125	4.802158446131548
11517	43	44	Planum Polare	cope	2.7254117281951067	4.384194565760967
11517	44	45	Heschl's Gyrus (includes H1 and H2)	cope	74.87677238119363	8.370112238696471
11517	45	46	Planum Temporale	cope	114.36665751200964	6.665619522807836
11517	46	47	Supracalcarine Cortex	cope	23.541042175698788	-1.5185657305286286
11517	47	48	Occipital Pole	cope	49.796074905724375	0.811574103302428
11518	0	1	Frontal Pole	cope	72.79790162157697	3.5551797200331263
11518	1	2	Insular Cortex	cope	-53.399718621226604	-0.5822430081802924
11518	2	3	Superior Frontal Gyrus	cope	48.79294410521118	-5.255968259374221
11518	3	4	Middle Frontal Gyrus	cope	46.717606216660656	-5.5076152677372034
11518	4	5	Inferior Frontal Gyrus, pars triangularis	cope	5.676098114443482	1.7350567524415363
11518	5	6	Inferior Frontal Gyrus, pars opercularis	cope	-37.57023191795473	-2.4532443327468094
11518	6	7	Precentral Gyrus	cope	-4.361749050613341	-2.2465839257082694
11518	7	8	Temporal Pole	cope	-65.05628669934613	-4.654216433540268
11518	8	9	Superior Temporal Gyrus, anterior division	cope	-34.344522565068345	-1.4767836451530456
11518	9	10	Superior Temporal Gyrus, posterior division	cope	11.753754039766726	0.04098424620249055
11518	10	11	Middle Temporal Gyrus, anterior division	cope	-80.9347711194807	-11.498850910521265
11518	11	12	Middle Temporal Gyrus, posterior division	cope	7.4725386399643225	-7.420209676174543
11518	12	13	Middle Temporal Gyrus, temporooccipital part	cope	77.49154033096818	-2.5510132721864824
11518	13	14	Inferior Temporal Gyrus, anterior division	cope	-127.1250701867617	-5.606565410271287
11518	14	15	Inferior Temporal Gyrus, posterior division	cope	-52.938347430556945	-1.83685745825132
11518	15	16	Inferior Temporal Gyrus, temporooccipital part	cope	95.30280006371105	-8.971218555456778
11518	16	17	Postcentral Gyrus	cope	-24.095329408640772	-2.421239392706522
11518	17	18	Superior Parietal Lobule	cope	64.01077734485386	-4.028306144033008
11518	18	19	Supramarginal Gyrus, anterior division	cope	53.88163577887333	3.232765504114192
11518	19	20	Supramarginal Gyrus, posterior division	cope	27.674457394986135	-2.0509562094280547
11518	20	21	Angular Gyrus	cope	14.34506595473226	-7.238507954779596
11518	21	22	Lateral Occipital Cortex, superior division	cope	88.6123632892078	-1.133365619520885
11518	22	23	Lateral Occipital Cortex, inferior division	cope	85.54926343165779	-1.033248390431726
11518	23	24	Intracalcarine Cortex	cope	29.696174038363917	10.083540683807914
11518	24	25	Frontal Medial Cortex	cope	-43.69692384985322	16.797913869288056
11518	25	26	Juxtapositional Lobule Cortex (formerly Supplementary Motor Cortex)	cope	-53.54207051283604	6.496338306598969
11518	26	27	Subcallosal Cortex	cope	28.312962262447062	8.59824544575352
11518	27	28	Paracingulate Gyrus	cope	52.43896180946757	2.4294184643507712
11518	28	29	Cingulate Gyrus, anterior division	cope	20.529284931166824	8.601226341630474
11518	29	30	Cingulate Gyrus, posterior division	cope	63.51981131049565	2.5596488497981005
11518	30	31	Precuneous Cortex	cope	87.11923839598605	1.0160689077007858
11518	31	32	Cuneal Cortex	cope	189.27421565436472	-5.174955592364767
11518	32	33	Frontal Orbital Cortex	cope	-14.450386130283698	1.7969862431108732
11518	33	34	Parahippocampal Gyrus, anterior division	cope	46.216238641501526	-12.60423003203046
11518	34	35	Parahippocampal Gyrus, posterior division	cope	126.58310542848875	-1.345007295263404
11518	35	36	Lingual Gyrus	cope	151.42990587041206	12.970349209034733
11518	36	37	Temporal Fusiform Cortex, anterior division	cope	16.382080930344603	-7.0384014984262535
11518	37	38	Temporal Fusiform Cortex, posterior division	cope	17.57145350414253	-3.080845678905618
11518	38	39	Temporal Occipital Fusiform Cortex	cope	150.45983867511612	-4.472680686678313
11518	39	40	Occipital Fusiform Gyrus	cope	164.34543972821274	6.911820023089921
11518	40	41	Frontal Operculum Cortex	cope	-7.484534277635462	-3.3380046632618274
11518	41	42	Central Opercular Cortex	cope	-57.396236168499215	3.0836848950619835
11518	42	43	Parietal Operculum Cortex	cope	-91.24119300996591	6.870284881173316
11518	43	44	Planum Polare	cope	-102.07886923087462	7.67579945825211
11518	44	45	Heschl's Gyrus (includes H1 and H2)	cope	-186.38680108296705	7.6853082220709545
11518	45	46	Planum Temporale	cope	-148.2727326709478	7.543556639754376
11518	46	47	Supracalcarine Cortex	cope	171.51824451761044	7.380274600686228
11518	47	48	Occipital Pole	cope	89.30868540682634	1.131053813583701
11523	0	1	Frontal Pole	cope	31.282623481255925	-1.1158206964103234
11523	1	2	Insular Cortex	cope	-13.326123676888766	1.9505036341705833
11523	2	3	Superior Frontal Gyrus	cope	38.336609816251375	-2.390582601980816
11523	3	4	Middle Frontal Gyrus	cope	71.35106343817684	3.6123059345756086
11523	4	5	Inferior Frontal Gyrus, pars triangularis	cope	-60.472557557422085	0.5731535550258166
11523	5	6	Inferior Frontal Gyrus, pars opercularis	cope	-213.18249611794727	1.5966882745503381
11523	6	7	Precentral Gyrus	cope	-62.755118735319655	-1.685023413648945
11523	7	8	Temporal Pole	cope	47.34681967411796	-4.10334436840431
11523	8	9	Superior Temporal Gyrus, anterior division	cope	136.80951337355833	-7.109972398279187
11523	9	10	Superior Temporal Gyrus, posterior division	cope	27.231845667658302	-5.911486037904034
11523	10	11	Middle Temporal Gyrus, anterior division	cope	46.1952275132955	-8.073344205717431
11523	11	12	Middle Temporal Gyrus, posterior division	cope	19.087161573997363	-4.183537944108193
11523	12	13	Middle Temporal Gyrus, temporooccipital part	cope	45.89564041520739	5.0234290633414895
11523	13	14	Inferior Temporal Gyrus, anterior division	cope	-132.5474251572197	-5.123546433497286
11523	14	15	Inferior Temporal Gyrus, posterior division	cope	11.915433485201351	-3.8030539463065614
11523	15	16	Inferior Temporal Gyrus, temporooccipital part	cope	109.57971180880915	6.509319335799108
11523	16	17	Postcentral Gyrus	cope	-22.571837695383508	-3.331659151825892
11523	17	18	Superior Parietal Lobule	cope	35.325506302471865	5.652226681348053
11523	18	19	Supramarginal Gyrus, anterior division	cope	-20.93926259726631	6.382095292225238
11523	19	20	Supramarginal Gyrus, posterior division	cope	29.826175401903487	4.061843930754962
11523	20	21	Angular Gyrus	cope	-35.47986117860085	-2.216934533451736
11523	21	22	Lateral Occipital Cortex, superior division	cope	12.405187184561894	5.29504371067632
11523	22	23	Lateral Occipital Cortex, inferior division	cope	-14.856458150241982	3.093616188283519
11523	23	24	Intracalcarine Cortex	cope	-331.96065667381777	4.598966971913113
11523	24	25	Frontal Medial Cortex	cope	110.82483503534228	-7.107160514180965
11523	25	26	Juxtapositional Lobule Cortex (formerly Supplementary Motor Cortex)	cope	49.18790898660852	0.6377938687927216
11523	26	27	Subcallosal Cortex	cope	248.06996001498058	-0.13552237886648913
11523	27	28	Paracingulate Gyrus	cope	212.77435049426617	1.4196693338215873
11523	28	29	Cingulate Gyrus, anterior division	cope	96.99928580533903	4.873279891933819
11523	29	30	Cingulate Gyrus, posterior division	cope	440.89410002926417	3.206245058254472
11523	30	31	Precuneous Cortex	cope	266.3565016738681	3.1553817626366647
11523	31	32	Cuneal Cortex	cope	-184.84843410303745	1.4719334549349041
11523	32	33	Frontal Orbital Cortex	cope	-53.57394132451559	-0.34291681357445936
11523	33	34	Parahippocampal Gyrus, anterior division	cope	31.5072768437058	-4.019416191664615
11523	34	35	Parahippocampal Gyrus, posterior division	cope	268.4552069178167	3.6548070341910956
11523	35	36	Lingual Gyrus	cope	-16.221020667245874	3.47538094143666
11523	36	37	Temporal Fusiform Cortex, anterior division	cope	23.767651140267123	-7.412552701983046
11523	37	38	Temporal Fusiform Cortex, posterior division	cope	32.80573503611523	-0.5662624071161431
11523	38	39	Temporal Occipital Fusiform Cortex	cope	56.97841542934962	9.555621658251445
11523	39	40	Occipital Fusiform Gyrus	cope	90.47062381682775	5.4200831790507555
11523	40	41	Frontal Operculum Cortex	cope	-72.90293380993755	10.312773636534434
11523	41	42	Central Opercular Cortex	cope	-68.17006591993693	-1.2638457501443687
11523	42	43	Parietal Operculum Cortex	cope	25.55114530851393	-1.4787053614098409
11523	43	44	Planum Polare	cope	-134.87410704325174	2.4767085223366285
11523	44	45	Heschl's Gyrus (includes H1 and H2)	cope	-46.33789828378484	-5.100189710885698
11523	45	46	Planum Temporale	cope	-34.25220516454067	-4.492964406768659
11523	46	47	Supracalcarine Cortex	cope	-185.32098890872712	0.4773716573068436
11523	47	48	Occipital Pole	cope	-22.774477058468786	0.09058536753164687
11526	0	1	Frontal Pole	cope	40.72041108509803	-1.327796391972143
11526	1	2	Insular Cortex	cope	-16.867661974805056	7.5920634604694675
11526	2	3	Superior Frontal Gyrus	cope	113.86355589104029	-6.949452855574987
11526	3	4	Middle Frontal Gyrus	cope	135.38837113145922	-3.893822373945525
11526	4	5	Inferior Frontal Gyrus, pars triangularis	cope	-33.6582722824084	-6.741768375432136
11526	5	6	Inferior Frontal Gyrus, pars opercularis	cope	-131.41981193168456	-5.565215815204891
11526	6	7	Precentral Gyrus	cope	43.15191947128172	2.2606090093291926
11526	7	8	Temporal Pole	cope	-87.05412964198717	1.2506140095537805
11526	8	9	Superior Temporal Gyrus, anterior division	cope	-124.86964792410532	3.1583464468327853
11526	9	10	Superior Temporal Gyrus, posterior division	cope	-110.11895049111797	1.1988266025391685
11526	10	11	Middle Temporal Gyrus, anterior division	cope	-65.97565170272962	-4.4024779964071605
11526	11	12	Middle Temporal Gyrus, posterior division	cope	-71.00202964299281	-1.5463222463706345
11526	12	13	Middle Temporal Gyrus, temporooccipital part	cope	56.19879903542864	0.7575527620777242
11526	13	14	Inferior Temporal Gyrus, anterior division	cope	25.463762367970844	-1.2181595254265125
11526	14	15	Inferior Temporal Gyrus, posterior division	cope	12.371227769325683	-1.3138498216289243
11526	15	16	Inferior Temporal Gyrus, temporooccipital part	cope	109.6375511498816	-2.3695067238590832
11526	16	17	Postcentral Gyrus	cope	4.690002441425686	3.4084988623193424
11526	17	18	Superior Parietal Lobule	cope	83.88463114620507	6.777376060176083
11526	18	19	Supramarginal Gyrus, anterior division	cope	37.87078431519093	7.709261006185854
11526	19	20	Supramarginal Gyrus, posterior division	cope	35.99103779710225	1.7739352161568163
11526	20	21	Angular Gyrus	cope	40.80261269854713	-1.8855571481298778
11526	21	22	Lateral Occipital Cortex, superior division	cope	141.87023905939267	0.08475909861362083
11526	22	23	Lateral Occipital Cortex, inferior division	cope	34.14564040147081	0.41351639918969196
11526	23	24	Intracalcarine Cortex	cope	48.404329825671034	11.478046588251795
11526	24	25	Frontal Medial Cortex	cope	105.08188108729978	-4.589934249286348
11526	25	26	Juxtapositional Lobule Cortex (formerly Supplementary Motor Cortex)	cope	100.40944222073901	4.29008542002034
11526	26	27	Subcallosal Cortex	cope	232.92625382691622	-2.604028541637728
11526	27	28	Paracingulate Gyrus	cope	106.94984963651862	2.7859769468913833
11526	28	29	Cingulate Gyrus, anterior division	cope	48.12902382136149	6.410201810533674
11526	29	30	Cingulate Gyrus, posterior division	cope	252.32751476124355	-1.8586248252210873
11526	30	31	Precuneous Cortex	cope	338.8983998560017	1.9030713433224622
11526	31	32	Cuneal Cortex	cope	28.640987259717843	10.506570309641132
11526	32	33	Frontal Orbital Cortex	cope	-63.604910436928165	0.018885796944750215
11526	33	34	Parahippocampal Gyrus, anterior division	cope	8.854207225473582	2.3167259660261
11526	34	35	Parahippocampal Gyrus, posterior division	cope	177.24015928619312	1.7613793942725884
11526	35	36	Lingual Gyrus	cope	165.28095561808902	9.313813818481409
11526	36	37	Temporal Fusiform Cortex, anterior division	cope	118.26783697486769	1.2458305827057954
11526	37	38	Temporal Fusiform Cortex, posterior division	cope	-19.209388958450514	-2.002446692350774
11526	38	39	Temporal Occipital Fusiform Cortex	cope	49.23017561403364	3.8392612785117777
11526	39	40	Occipital Fusiform Gyrus	cope	171.31519080247355	2.0222207642863834
11526	40	41	Frontal Operculum Cortex	cope	72.81792498361163	1.2255838663951188
11526	41	42	Central Opercular Cortex	cope	-5.610224832078753	6.232939545711082
11526	42	43	Parietal Operculum Cortex	cope	68.07298970649842	5.444917646397454
11526	43	44	Planum Polare	cope	-155.8207574222834	14.570379808658862
11526	44	45	Heschl's Gyrus (includes H1 and H2)	cope	31.839909097634703	6.867390081629775
11526	45	46	Planum Temporale	cope	-7.792813639066226	4.72961350578887
11526	46	47	Supracalcarine Cortex	cope	-9.542148366887519	15.938921175104506
11526	47	48	Occipital Pole	cope	48.895899194075106	-0.4289383739581715
11527	0	1	Frontal Pole	cope	132.2873247910409	4.42145257926938
11527	1	2	Insular Cortex	cope	446.323330553218	6.014541914645529
11527	2	3	Superior Frontal Gyrus	cope	94.35745379488014	1.5095442888239707
11527	3	4	Middle Frontal Gyrus	cope	153.81909923475297	4.5195487904758025
11527	4	5	Inferior Frontal Gyrus, pars triangularis	cope	151.25358076297908	-0.01667585959145372
11527	5	6	Inferior Frontal Gyrus, pars opercularis	cope	417.24555202714794	1.3067795345905933
11527	6	7	Precentral Gyrus	cope	307.27388291459226	-4.496163251250762
11527	7	8	Temporal Pole	cope	135.573769996442	-2.029128603681212
11527	8	9	Superior Temporal Gyrus, anterior division	cope	228.26748973528544	0.14017629610995452
11527	9	10	Superior Temporal Gyrus, posterior division	cope	386.45589377508537	-4.811701658574937
11527	10	11	Middle Temporal Gyrus, anterior division	cope	-18.231027135311333	-1.8318890919881081
11527	11	12	Middle Temporal Gyrus, posterior division	cope	-3.103688158728035	3.734461997544555
11527	12	13	Middle Temporal Gyrus, temporooccipital part	cope	177.67086800729967	2.7141313202118056
11527	13	14	Inferior Temporal Gyrus, anterior division	cope	-74.63550375410792	-2.4120889732272492
11527	14	15	Inferior Temporal Gyrus, posterior division	cope	14.285921647120473	-1.9656625113505746
11527	15	16	Inferior Temporal Gyrus, temporooccipital part	cope	295.4621753413508	8.222153443488669
11527	16	17	Postcentral Gyrus	cope	257.51592291339585	-1.392805792177931
11527	17	18	Superior Parietal Lobule	cope	339.1497058849635	3.544322760753533
11527	18	19	Supramarginal Gyrus, anterior division	cope	462.3398079192197	-1.0808864208645428
11527	19	20	Supramarginal Gyrus, posterior division	cope	241.49119990987552	6.209210148695353
11527	20	21	Angular Gyrus	cope	25.98236174094325	8.175138243100593
11527	21	22	Lateral Occipital Cortex, superior division	cope	184.28432096659347	5.5574819981180275
11527	22	23	Lateral Occipital Cortex, inferior division	cope	371.01405754179774	4.333983192677627
11527	23	24	Intracalcarine Cortex	cope	170.66631568285206	-9.44327617798305
11527	24	25	Frontal Medial Cortex	cope	107.53155243819486	-5.153046318697694
11527	25	26	Juxtapositional Lobule Cortex (formerly Supplementary Motor Cortex)	cope	390.67294989324904	1.0422957825625467
11527	26	27	Subcallosal Cortex	cope	224.4280026048422	-0.023794234515382692
11527	27	28	Paracingulate Gyrus	cope	167.5801132769397	5.927226699609397
11527	28	29	Cingulate Gyrus, anterior division	cope	226.55512266994407	-0.02155102841147632
11527	29	30	Cingulate Gyrus, posterior division	cope	116.29250214719772	12.32932993677152
11527	30	31	Precuneous Cortex	cope	206.21582812040995	6.408774609366534
11527	31	32	Cuneal Cortex	cope	206.7546365691923	-2.97784640960511
11527	32	33	Frontal Orbital Cortex	cope	150.2460454805391	4.8956746390716015
11527	33	34	Parahippocampal Gyrus, anterior division	cope	106.19463836164337	-1.5854873889676022
11527	34	35	Parahippocampal Gyrus, posterior division	cope	126.00346447341848	-3.36199506424139
11527	35	36	Lingual Gyrus	cope	214.80572897948716	-2.9089977099360365
11527	36	37	Temporal Fusiform Cortex, anterior division	cope	-0.6744553239633005	-1.7468519159031253
11527	37	38	Temporal Fusiform Cortex, posterior division	cope	121.68651847677263	-0.9957137929713241
11527	38	39	Temporal Occipital Fusiform Cortex	cope	310.29621550721026	4.114584504065877
11527	39	40	Occipital Fusiform Gyrus	cope	328.7403271981609	2.409267564939295
11527	40	41	Frontal Operculum Cortex	cope	185.4156076993261	12.942150131353184
11527	41	42	Central Opercular Cortex	cope	588.2920218658936	-5.044777723657421
11527	42	43	Parietal Operculum Cortex	cope	630.5414377127202	-5.035645860772069
11527	43	44	Planum Polare	cope	516.8585748986434	-1.8600745176903561
11527	44	45	Heschl's Gyrus (includes H1 and H2)	cope	476.3875410749066	-5.655641712844886
11527	45	46	Planum Temporale	cope	581.7927202768933	-8.430295651226492
11527	46	47	Supracalcarine Cortex	cope	183.63131164933773	-9.537875025513324
11527	47	48	Occipital Pole	cope	218.57424175418365	2.696419064276007
11529	0	1	Frontal Pole	cope	-70.86630007572911	-1.2579819277129376
11529	1	2	Insular Cortex	cope	97.51222334304427	0.9081000721317785
11529	2	3	Superior Frontal Gyrus	cope	-345.3542006460874	-1.5228504790752442
11529	3	4	Middle Frontal Gyrus	cope	-107.45796361035752	0.3469747040896435
11529	4	5	Inferior Frontal Gyrus, pars triangularis	cope	-251.42382461352085	1.0555326150962014
11529	5	6	Inferior Frontal Gyrus, pars opercularis	cope	15.182516011274437	-0.7667328317002238
11529	6	7	Precentral Gyrus	cope	90.51598082307015	1.4536062628018385
11529	7	8	Temporal Pole	cope	-144.5426075218312	2.9752639695414156
11529	8	9	Superior Temporal Gyrus, anterior division	cope	-100.34937045696454	1.570833673958595
11529	9	10	Superior Temporal Gyrus, posterior division	cope	-132.91699049534736	-0.8328602078866649
11529	10	11	Middle Temporal Gyrus, anterior division	cope	-149.93905575666855	0.5947219547888598
11529	11	12	Middle Temporal Gyrus, posterior division	cope	-144.33526008202153	-0.2629308265691053
11529	12	13	Middle Temporal Gyrus, temporooccipital part	cope	-178.5107028755927	1.230748832341094
11529	13	14	Inferior Temporal Gyrus, anterior division	cope	-273.0647116610284	1.2552104478167403
11529	14	15	Inferior Temporal Gyrus, posterior division	cope	-59.564652869283755	-0.5013221528240688
11529	15	16	Inferior Temporal Gyrus, temporooccipital part	cope	-85.00462714460359	1.4590666318319236
11529	16	17	Postcentral Gyrus	cope	147.40425900651647	-0.2187175170571098
11529	17	18	Superior Parietal Lobule	cope	79.44087246584455	-1.1856771178233128
11529	18	19	Supramarginal Gyrus, anterior division	cope	169.24816721359062	0.5085272334498802
11529	19	20	Supramarginal Gyrus, posterior division	cope	70.70817016951136	0.16166230886922897
11529	20	21	Angular Gyrus	cope	-86.23198689925036	0.13956085193682424
11529	21	22	Lateral Occipital Cortex, superior division	cope	-97.62334910066373	0.09521839261909412
11529	22	23	Lateral Occipital Cortex, inferior division	cope	-66.50201142112354	1.024187230564225
11529	23	24	Intracalcarine Cortex	cope	-131.95169767864948	-5.1574655829744
11529	24	25	Frontal Medial Cortex	cope	-5.750689111174421	-0.37547574905639
11529	25	26	Juxtapositional Lobule Cortex (formerly Supplementary Motor Cortex)	cope	-98.7318825512319	2.692604087697652
11529	26	27	Subcallosal Cortex	cope	1.8646340685395093	-4.8558577509323815
11529	27	28	Paracingulate Gyrus	cope	-119.31541513813026	1.1941368568250503
11529	28	29	Cingulate Gyrus, anterior division	cope	95.93815975178475	5.003114063697236
11529	29	30	Cingulate Gyrus, posterior division	cope	-126.26058683620181	3.085375726652997
11529	30	31	Precuneous Cortex	cope	-63.49210778963387	4.353343834686956
11529	31	32	Cuneal Cortex	cope	-79.25819455275514	2.8324907296151336
11529	32	33	Frontal Orbital Cortex	cope	-189.0385861753963	-0.16012221360243445
11529	33	34	Parahippocampal Gyrus, anterior division	cope	-150.48452095140135	-0.46401000447855617
11529	34	35	Parahippocampal Gyrus, posterior division	cope	-32.507804044687525	-1.5375044343957924
11529	35	36	Lingual Gyrus	cope	-119.75644235140399	-2.677419547698468
11529	36	37	Temporal Fusiform Cortex, anterior division	cope	-300.13165392605123	2.927971279846359
11529	37	38	Temporal Fusiform Cortex, posterior division	cope	-110.54213764458228	0.04927238849394036
11529	38	39	Temporal Occipital Fusiform Cortex	cope	-138.38067329404151	-1.0367553148209834
11529	39	40	Occipital Fusiform Gyrus	cope	-86.39129470641774	0.47111754300676584
11529	40	41	Frontal Operculum Cortex	cope	74.01490598535086	2.7131538080568074
11529	41	42	Central Opercular Cortex	cope	280.63313272901297	1.5909052219042483
11529	42	43	Parietal Operculum Cortex	cope	113.88169037229216	1.979777604681889
11529	43	44	Planum Polare	cope	9.754826953392902	-2.908357175792219
11529	44	45	Heschl's Gyrus (includes H1 and H2)	cope	212.0195979566618	-0.7907552967697794
11529	45	46	Planum Temporale	cope	108.87409350061351	-1.4511856929556444
11529	46	47	Supracalcarine Cortex	cope	-141.63543537702967	-2.079861143762444
11529	47	48	Occipital Pole	cope	-42.19097958147619	3.7905029780731034
11530	0	1	Frontal Pole	cope	27.631291682844722	-9.165854561172456
11530	1	2	Insular Cortex	cope	25.822121321498493	0.09381417756266587
11530	2	3	Superior Frontal Gyrus	cope	-27.434564129810486	-14.989037872519075
11530	3	4	Middle Frontal Gyrus	cope	-32.92679240789797	-13.701467812300326
11530	4	5	Inferior Frontal Gyrus, pars triangularis	cope	-253.4651938380178	-5.674661408962443
11530	5	6	Inferior Frontal Gyrus, pars opercularis	cope	-136.69333858031183	-7.801835002481495
11530	6	7	Precentral Gyrus	cope	61.56088341201977	-2.992918500149767
11530	7	8	Temporal Pole	cope	-75.3421307348945	-0.9401659091840435
11530	8	9	Superior Temporal Gyrus, anterior division	cope	-45.37218451744471	1.0631856776582889
11530	9	10	Superior Temporal Gyrus, posterior division	cope	-172.8434888099792	-5.2620089463647695
11530	10	11	Middle Temporal Gyrus, anterior division	cope	-72.08839914869907	-1.2393528809783105
11530	11	12	Middle Temporal Gyrus, posterior division	cope	-186.04666333442754	-5.511089675912768
11530	12	13	Middle Temporal Gyrus, temporooccipital part	cope	-16.074038862751635	-2.431195876238281
11530	13	14	Inferior Temporal Gyrus, anterior division	cope	5.306408760110302	-4.119125513503184
11530	14	15	Inferior Temporal Gyrus, posterior division	cope	12.037086766997884	-4.994049151500578
11530	15	16	Inferior Temporal Gyrus, temporooccipital part	cope	35.38181471479918	-1.7482930197236701
11530	16	17	Postcentral Gyrus	cope	39.33100324847128	-3.62037195019181
11530	17	18	Superior Parietal Lobule	cope	114.61115034225732	-2.003835070408939
11530	18	19	Supramarginal Gyrus, anterior division	cope	258.4980465355019	6.6451459589293576
11530	19	20	Supramarginal Gyrus, posterior division	cope	71.42547760033929	-2.845268503281074
11530	20	21	Angular Gyrus	cope	-39.362378283748924	-7.493661581957004
11530	21	22	Lateral Occipital Cortex, superior division	cope	47.69866540308499	-4.949906205038836
11530	22	23	Lateral Occipital Cortex, inferior division	cope	72.60238421011867	-1.7330559900880023
11530	23	24	Intracalcarine Cortex	cope	211.2008852441487	-12.515876369500091
11530	24	25	Frontal Medial Cortex	cope	-126.79523041273686	1.870512168755398
11530	25	26	Juxtapositional Lobule Cortex (formerly Supplementary Motor Cortex)	cope	31.081298240548552	4.936914805168714
11530	26	27	Subcallosal Cortex	cope	-21.618383127450944	1.0730218752645528
11530	27	28	Paracingulate Gyrus	cope	-20.605572905423173	-11.22641088002579
11530	28	29	Cingulate Gyrus, anterior division	cope	-0.5981148235436718	-0.7177823640640936
11530	29	30	Cingulate Gyrus, posterior division	cope	-45.32388351903643	-1.955957086590784
11530	30	31	Precuneous Cortex	cope	14.37791787700714	-2.9316860932098057
11530	31	32	Cuneal Cortex	cope	106.38693046094045	-9.653753263458709
11530	32	33	Frontal Orbital Cortex	cope	-76.9135086753039	-8.348115138068723
11530	33	34	Parahippocampal Gyrus, anterior division	cope	35.524413249826274	1.9688938430147822
11530	34	35	Parahippocampal Gyrus, posterior division	cope	5.653640800152185	7.682770634316048
11530	35	36	Lingual Gyrus	cope	134.13409011974508	-6.851224054008918
11530	36	37	Temporal Fusiform Cortex, anterior division	cope	81.90822566157959	-7.697263770333842
11530	37	38	Temporal Fusiform Cortex, posterior division	cope	18.673756165984575	1.1757380506007735
11530	38	39	Temporal Occipital Fusiform Cortex	cope	89.1504492865333	3.656099376974334
11530	39	40	Occipital Fusiform Gyrus	cope	131.01937308989534	-4.862657559255212
11530	40	41	Frontal Operculum Cortex	cope	21.661878225057066	-1.5474077148222123
11530	41	42	Central Opercular Cortex	cope	47.2288598039152	1.0540613364837954
11530	42	43	Parietal Operculum Cortex	cope	91.20678650432734	-1.6174855585195842
11530	43	44	Planum Polare	cope	57.78149415882489	7.2190521004012576
11530	44	45	Heschl's Gyrus (includes H1 and H2)	cope	27.697284640804416	-0.18654208963367797
11530	45	46	Planum Temporale	cope	74.5488071713256	-3.438593142952285
11530	46	47	Supracalcarine Cortex	cope	154.87182977351736	-10.16234762823962
11530	47	48	Occipital Pole	cope	52.542911768465906	-5.258203757778823
11532	0	1	Frontal Pole	cope	-56.460897676701585	-0.2874593524717479
11532	1	2	Insular Cortex	cope	-18.500508094710284	3.2410077560245973
11532	2	3	Superior Frontal Gyrus	cope	-29.48939051065216	-1.0830640400315519
11532	3	4	Middle Frontal Gyrus	cope	88.2646205107781	-0.5552107959991261
11532	4	5	Inferior Frontal Gyrus, pars triangularis	cope	14.106313653358626	0.3080275351685737
11532	5	6	Inferior Frontal Gyrus, pars opercularis	cope	26.093391718973013	0.9954555785096489
11532	6	7	Precentral Gyrus	cope	63.45143792997343	2.8497011638421856
11532	7	8	Temporal Pole	cope	-95.52969274739107	0.6463227606676221
11532	8	9	Superior Temporal Gyrus, anterior division	cope	-52.35860060056051	0.9794514996405596
11532	9	10	Superior Temporal Gyrus, posterior division	cope	-30.13599261951137	-1.3090257096170848
11532	10	11	Middle Temporal Gyrus, anterior division	cope	-34.94760273303559	2.190075884842828
11532	11	12	Middle Temporal Gyrus, posterior division	cope	-24.16794032671971	-1.5731301007759224
11532	12	13	Middle Temporal Gyrus, temporooccipital part	cope	54.919886556906214	0.5954785543922118
11532	13	14	Inferior Temporal Gyrus, anterior division	cope	-88.30704337190947	-3.3039156936946705
11532	14	15	Inferior Temporal Gyrus, posterior division	cope	37.332488128721316	1.7853012447433336
11532	15	16	Inferior Temporal Gyrus, temporooccipital part	cope	118.2373818928626	4.614811248931367
11532	16	17	Postcentral Gyrus	cope	64.5725096783042	2.145103451014375
11532	17	18	Superior Parietal Lobule	cope	123.6159604374818	-0.03198607734543836
11532	18	19	Supramarginal Gyrus, anterior division	cope	-3.7187982562239523	0.09615334521427199
11532	19	20	Supramarginal Gyrus, posterior division	cope	-19.934298141542317	-1.9995616116737192
11532	20	21	Angular Gyrus	cope	-54.25903677565949	-0.20531961196078563
11532	21	22	Lateral Occipital Cortex, superior division	cope	99.79486560400527	1.0984794087532217
11532	22	23	Lateral Occipital Cortex, inferior division	cope	128.74372149679712	4.946932427284085
11532	23	24	Intracalcarine Cortex	cope	182.2460428693763	6.900294752760721
11532	24	25	Frontal Medial Cortex	cope	-42.51320965580167	7.072035047126577
11532	25	26	Juxtapositional Lobule Cortex (formerly Supplementary Motor Cortex)	cope	88.26452457743721	5.751733136791232
11532	26	27	Subcallosal Cortex	cope	29.061034864645737	7.891286942964563
11532	27	28	Paracingulate Gyrus	cope	-117.01617073785785	1.4104339136998014
11532	28	29	Cingulate Gyrus, anterior division	cope	-1.0108450026156666	4.83313828090924
11532	29	30	Cingulate Gyrus, posterior division	cope	58.79303919520549	4.0751919308943405
11532	30	31	Precuneous Cortex	cope	83.04105771152624	4.06170327349581
11532	31	32	Cuneal Cortex	cope	171.22593749970395	7.70975362375263
11532	32	33	Frontal Orbital Cortex	cope	-40.65457250271509	-1.1413170879886636
11532	33	34	Parahippocampal Gyrus, anterior division	cope	-11.785905441252796	5.917501270371299
11532	34	35	Parahippocampal Gyrus, posterior division	cope	40.80206372557946	0.670009539065496
11532	35	36	Lingual Gyrus	cope	88.37965222283414	8.946777255260027
11532	36	37	Temporal Fusiform Cortex, anterior division	cope	-35.64280405112192	2.748478793717445
11532	37	38	Temporal Fusiform Cortex, posterior division	cope	114.9556903992996	4.8457455325923
11532	38	39	Temporal Occipital Fusiform Cortex	cope	195.4709242358669	7.973083219991131
11532	39	40	Occipital Fusiform Gyrus	cope	189.30741066617793	6.325238321987564
11532	40	41	Frontal Operculum Cortex	cope	-146.09418141691626	-4.3651563791918155
11532	41	42	Central Opercular Cortex	cope	24.048685614139803	6.338282627900216
11532	42	43	Parietal Operculum Cortex	cope	26.258754423275818	6.163349631303912
11532	43	44	Planum Polare	cope	-26.770458001671855	3.8387433093695242
11532	44	45	Heschl's Gyrus (includes H1 and H2)	cope	-45.90902297363578	2.8762754721541284
11532	45	46	Planum Temporale	cope	86.72388263199468	1.372850136209661
11532	46	47	Supracalcarine Cortex	cope	189.10403069029462	7.001839068500286
11532	47	48	Occipital Pole	cope	142.17498662490817	2.7964818656975936
11533	0	1	Frontal Pole	cope	-27.781292222189183	-0.7196579864082325
11533	1	2	Insular Cortex	cope	-47.971085195956356	1.3152772817001144
11533	2	3	Superior Frontal Gyrus	cope	-1.2251595188019488	-0.7653484219177937
11533	3	4	Middle Frontal Gyrus	cope	-13.015717385093529	-1.041489270777921
11533	4	5	Inferior Frontal Gyrus, pars triangularis	cope	-72.36635016670468	-0.9987459183243902
11533	5	6	Inferior Frontal Gyrus, pars opercularis	cope	-131.8631314250838	1.6195044172668074
11533	6	7	Precentral Gyrus	cope	-33.54997876030076	0.46166057901033286
11533	7	8	Temporal Pole	cope	-83.26784941818792	0.21883250373348123
11533	8	9	Superior Temporal Gyrus, anterior division	cope	-48.41059822868078	-2.3452027158859448
11533	9	10	Superior Temporal Gyrus, posterior division	cope	35.57238665290854	-2.860287813385102
11533	10	11	Middle Temporal Gyrus, anterior division	cope	-52.66524972577593	-0.5392969248529677
11533	11	12	Middle Temporal Gyrus, posterior division	cope	-5.674126191808301	-1.1739773999019838
11533	12	13	Middle Temporal Gyrus, temporooccipital part	cope	1.2172010480701678	-1.6136693405884188
11533	13	14	Inferior Temporal Gyrus, anterior division	cope	-97.11704719137158	-1.7904708459601357
11533	14	15	Inferior Temporal Gyrus, posterior division	cope	42.88708415065795	-0.7848310716648456
11533	15	16	Inferior Temporal Gyrus, temporooccipital part	cope	62.67212916218411	1.8936156584909916
11533	16	17	Postcentral Gyrus	cope	50.51789858325668	-1.2685925720753553
11533	17	18	Superior Parietal Lobule	cope	24.419255921358044	1.9278114735737952
11533	18	19	Supramarginal Gyrus, anterior division	cope	-41.11339433998973	2.8005796996876597
11533	19	20	Supramarginal Gyrus, posterior division	cope	-14.090393193871588	-1.4199827644854432
11533	20	21	Angular Gyrus	cope	42.23490826118983	-3.7105198314692354
11533	21	22	Lateral Occipital Cortex, superior division	cope	41.95573858019729	0.14173250494957346
11533	22	23	Lateral Occipital Cortex, inferior division	cope	72.66501218179539	1.1936311268279265
11533	23	24	Intracalcarine Cortex	cope	-70.60756172002057	4.411122915914811
11533	24	25	Frontal Medial Cortex	cope	134.28780561120163	0.15978238009682572
11533	25	26	Juxtapositional Lobule Cortex (formerly Supplementary Motor Cortex)	cope	-89.7383811776778	1.7871105975370754
11533	26	27	Subcallosal Cortex	cope	60.681538375839594	0.8693278295734602
11533	27	28	Paracingulate Gyrus	cope	-25.658382783662404	-3.7328822834843676
11533	28	29	Cingulate Gyrus, anterior division	cope	-51.63268724372768	-3.0114318050531192
11533	29	30	Cingulate Gyrus, posterior division	cope	14.658319982503142	-5.672332945618246
11533	30	31	Precuneous Cortex	cope	48.49855469459119	-5.356106225907508
11533	31	32	Cuneal Cortex	cope	38.48843295254358	-1.4594871503577935
11533	32	33	Frontal Orbital Cortex	cope	-72.19079744238441	2.840301713524059
11533	33	34	Parahippocampal Gyrus, anterior division	cope	-85.86374693054013	-1.673206795919769
11533	34	35	Parahippocampal Gyrus, posterior division	cope	-65.91131295055713	3.289422049246869
11533	35	36	Lingual Gyrus	cope	66.75501989150337	1.331597633346131
11533	36	37	Temporal Fusiform Cortex, anterior division	cope	-129.18445083921682	-0.18258870530754645
11533	37	38	Temporal Fusiform Cortex, posterior division	cope	11.251646633607795	-0.00948896451425224
11533	38	39	Temporal Occipital Fusiform Cortex	cope	53.87642425379529	0.9484299436332844
11533	39	40	Occipital Fusiform Gyrus	cope	127.44040504626543	0.7725931651596926
11533	40	41	Frontal Operculum Cortex	cope	-108.6839234299269	2.980625117561553
11533	41	42	Central Opercular Cortex	cope	-38.671289285271406	-0.5133889998115403
11533	42	43	Parietal Operculum Cortex	cope	-51.598499602926566	1.5566839401038166
11533	43	44	Planum Polare	cope	-60.221098027611504	0.2938158740671636
11533	44	45	Heschl's Gyrus (includes H1 and H2)	cope	30.76476373434204	-3.0604512296651367
11533	45	46	Planum Temporale	cope	40.130916110366336	-1.9250797799522692
11533	46	47	Supracalcarine Cortex	cope	33.48955659092741	4.106828849207847
11533	47	48	Occipital Pole	cope	110.80526290086945	0.9225012435420135
11534	0	1	Frontal Pole	cope	-101.3386070583075	-5.772963270934724
11534	1	2	Insular Cortex	cope	77.7104977109206	-4.332330068576576
11534	2	3	Superior Frontal Gyrus	cope	-129.78260156733418	-5.850846135895538
11534	3	4	Middle Frontal Gyrus	cope	-155.59009291497392	-2.705663405511467
11534	4	5	Inferior Frontal Gyrus, pars triangularis	cope	-67.18644874447256	-9.875253369738541
11534	5	6	Inferior Frontal Gyrus, pars opercularis	cope	-34.45756245490344	-4.763769297981739
11534	6	7	Precentral Gyrus	cope	77.99670208353463	3.6736403739297105
11534	7	8	Temporal Pole	cope	45.40648447501906	-4.7320376113851506
11534	8	9	Superior Temporal Gyrus, anterior division	cope	131.25403604599146	-4.918492204466691
11534	9	10	Superior Temporal Gyrus, posterior division	cope	124.7481058636656	-1.79947128920066
11534	10	11	Middle Temporal Gyrus, anterior division	cope	-26.71089754469359	-7.995452116296362
11534	11	12	Middle Temporal Gyrus, posterior division	cope	-78.83620811598338	-3.2351975770567805
11534	12	13	Middle Temporal Gyrus, temporooccipital part	cope	51.948830677050346	-4.281632675533407
11534	13	14	Inferior Temporal Gyrus, anterior division	cope	299.78901062561914	-0.3471580668732788
11534	14	15	Inferior Temporal Gyrus, posterior division	cope	42.34393522718265	-0.8052988941275294
11534	15	16	Inferior Temporal Gyrus, temporooccipital part	cope	-47.214249794440924	-4.051948172299177
11534	16	17	Postcentral Gyrus	cope	248.604887544435	5.89664048405182
11534	17	18	Superior Parietal Lobule	cope	-18.775583001102987	4.3872692720461
11534	18	19	Supramarginal Gyrus, anterior division	cope	45.58834762926455	5.493208643561229
11534	19	20	Supramarginal Gyrus, posterior division	cope	1.4687431553328358	-3.088153874433467
11534	20	21	Angular Gyrus	cope	-119.63530025381576	-4.825971523621285
11534	21	22	Lateral Occipital Cortex, superior division	cope	-58.33764760586995	-1.7686390719729508
11534	22	23	Lateral Occipital Cortex, inferior division	cope	131.72574079787225	-4.409727530182152
11534	23	24	Intracalcarine Cortex	cope	23.44497939329667	-0.9345042778737118
11534	24	25	Frontal Medial Cortex	cope	-164.1925913201156	-5.7813826433600894
11534	25	26	Juxtapositional Lobule Cortex (formerly Supplementary Motor Cortex)	cope	57.45053903109117	3.9036192770959257
11534	26	27	Subcallosal Cortex	cope	-234.7970088637792	-1.7873148346463075
11534	27	28	Paracingulate Gyrus	cope	-164.8761695927906	-12.54693391216547
11534	28	29	Cingulate Gyrus, anterior division	cope	-147.85797289294837	-6.770196659091892
11534	29	30	Cingulate Gyrus, posterior division	cope	-164.32097919919661	-7.3003471600626195
11534	30	31	Precuneous Cortex	cope	-88.01187822168811	-8.339497755249495
11534	31	32	Cuneal Cortex	cope	91.91296700310548	-4.9513235414935535
11534	32	33	Frontal Orbital Cortex	cope	-78.49513102944961	-7.522837986526326
11534	33	34	Parahippocampal Gyrus, anterior division	cope	-68.86311660377325	-4.584908004842937
11534	34	35	Parahippocampal Gyrus, posterior division	cope	58.84172178529344	-12.387627788661224
11534	35	36	Lingual Gyrus	cope	233.52563271429617	-3.11314066393595
11534	36	37	Temporal Fusiform Cortex, anterior division	cope	143.04562022500005	-2.4869496929624404
11534	37	38	Temporal Fusiform Cortex, posterior division	cope	110.37149833332549	-4.155901800305703
11534	38	39	Temporal Occipital Fusiform Cortex	cope	162.64671201774914	-13.376537215591124
11534	39	40	Occipital Fusiform Gyrus	cope	211.1335125976564	-8.084523554173632
11534	40	41	Frontal Operculum Cortex	cope	23.034149141872632	-5.1856632068875035
11534	41	42	Central Opercular Cortex	cope	229.98335165939022	6.216404202888526
11534	42	43	Parietal Operculum Cortex	cope	405.35410224362676	1.698784829892672
11534	43	44	Planum Polare	cope	3.9727265498110356	-5.968470747068965
11534	44	45	Heschl's Gyrus (includes H1 and H2)	cope	199.4767555141229	-2.6179456745836593
11534	45	46	Planum Temporale	cope	415.9594761552573	3.935120849728254
11534	46	47	Supracalcarine Cortex	cope	101.15545184815184	-2.6573796930544553
11534	47	48	Occipital Pole	cope	138.46749271715709	-2.058169615555504
11535	0	1	Frontal Pole	cope	-102.65168594862345	0.44607011869622004
11535	1	2	Insular Cortex	cope	153.70336357449168	-2.013333277024909
11535	2	3	Superior Frontal Gyrus	cope	-106.68167247791861	0.43374441836048677
11535	3	4	Middle Frontal Gyrus	cope	-69.3108355493878	-2.658985392895128
11535	4	5	Inferior Frontal Gyrus, pars triangularis	cope	-2.4673559507098766	3.0386521913551237
11535	5	6	Inferior Frontal Gyrus, pars opercularis	cope	-28.703446063521184	6.448832623491784
11535	6	7	Precentral Gyrus	cope	125.78756677306029	0.40888225807611994
11535	7	8	Temporal Pole	cope	69.26737122926147	-2.1905968137540284
11535	8	9	Superior Temporal Gyrus, anterior division	cope	83.18026319283706	-2.4889990999530522
11535	9	10	Superior Temporal Gyrus, posterior division	cope	17.22864901678419	0.4886915110438675
11535	10	11	Middle Temporal Gyrus, anterior division	cope	31.47192321757772	-0.8468439884984227
11535	11	12	Middle Temporal Gyrus, posterior division	cope	-27.444852769050907	5.085045974239663
11535	12	13	Middle Temporal Gyrus, temporooccipital part	cope	25.606917113808727	4.364255545809455
11535	13	14	Inferior Temporal Gyrus, anterior division	cope	-76.3717098795098	-1.4981696545118852
11535	14	15	Inferior Temporal Gyrus, posterior division	cope	-36.11176623552707	2.858576402918925
11535	15	16	Inferior Temporal Gyrus, temporooccipital part	cope	30.488620993815044	-2.5120984278984175
11535	16	17	Postcentral Gyrus	cope	145.78729879710986	-2.018176245597171
11535	17	18	Superior Parietal Lobule	cope	-6.285195686998643	-0.582140631259974
11535	18	19	Supramarginal Gyrus, anterior division	cope	25.622842140937294	-0.17768531571038895
11535	19	20	Supramarginal Gyrus, posterior division	cope	-3.4149083826086812	2.865716369442541
11535	20	21	Angular Gyrus	cope	-157.08631914462612	1.5355896615001625
11535	21	22	Lateral Occipital Cortex, superior division	cope	-46.26268766184664	0.4489906006663828
11535	22	23	Lateral Occipital Cortex, inferior division	cope	85.28334879222824	-0.004007482076781298
11535	23	24	Intracalcarine Cortex	cope	315.81457983287856	5.91522743142344
11535	24	25	Frontal Medial Cortex	cope	-139.65530124327816	5.9085181180836885
11535	25	26	Juxtapositional Lobule Cortex (formerly Supplementary Motor Cortex)	cope	298.6596354447507	1.0354658745770418
11535	26	27	Subcallosal Cortex	cope	-61.806549242826605	9.549625547630981
11535	27	28	Paracingulate Gyrus	cope	-121.08253401957712	7.929079338176883
11535	28	29	Cingulate Gyrus, anterior division	cope	-16.679313921365665	11.181342512688804
11535	29	30	Cingulate Gyrus, posterior division	cope	47.45933382136481	3.275444714167288
11535	30	31	Precuneous Cortex	cope	-67.09793451008827	1.8048811203191957
11535	31	32	Cuneal Cortex	cope	154.20601909374716	3.6934563485376883
11535	32	33	Frontal Orbital Cortex	cope	-61.335919267196694	5.978536701325651
11535	33	34	Parahippocampal Gyrus, anterior division	cope	-20.035027637945866	-5.400945186961145
11535	34	35	Parahippocampal Gyrus, posterior division	cope	193.92661659155252	-8.350248506798778
11535	35	36	Lingual Gyrus	cope	360.3169942214904	0.4255841200571764
11535	36	37	Temporal Fusiform Cortex, anterior division	cope	22.21695034808301	-2.647521100357069
11535	37	38	Temporal Fusiform Cortex, posterior division	cope	-29.49343815686986	1.1670699230332742
11535	38	39	Temporal Occipital Fusiform Cortex	cope	191.82990997930008	0.22874545507388994
11535	39	40	Occipital Fusiform Gyrus	cope	252.7306462759864	-1.9278321113734327
11535	40	41	Frontal Operculum Cortex	cope	111.79059658731732	5.848550470530236
11535	41	42	Central Opercular Cortex	cope	277.7869473040279	-0.8605794109369265
11535	42	43	Parietal Operculum Cortex	cope	225.86191005936735	-2.0754893157577383
11535	43	44	Planum Polare	cope	174.56699517710518	-5.827966300848843
11535	44	45	Heschl's Gyrus (includes H1 and H2)	cope	192.35875552590542	-4.044485706192214
11535	45	46	Planum Temporale	cope	176.31629634960206	-2.579232728041688
11535	46	47	Supracalcarine Cortex	cope	264.58447577090976	5.199019037504145
11535	47	48	Occipital Pole	cope	97.89665836526328	-7.320602870514636
11536	0	1	Frontal Pole	cope	103.37993481223693	-0.5714447451252254
11536	1	2	Insular Cortex	cope	-47.727245207753825	-5.676378297905312
11536	2	3	Superior Frontal Gyrus	cope	42.70768164401972	1.1832034157892788
11536	3	4	Middle Frontal Gyrus	cope	56.90022516083614	1.947369787774384
11536	4	5	Inferior Frontal Gyrus, pars triangularis	cope	60.53499905857335	2.2938931779957317
11536	5	6	Inferior Frontal Gyrus, pars opercularis	cope	-79.21212254093483	-1.6758306894313326
11536	6	7	Precentral Gyrus	cope	-11.936795159270034	-1.5793385474052057
11536	7	8	Temporal Pole	cope	-8.197301465257937	-1.2133790820688524
11536	8	9	Superior Temporal Gyrus, anterior division	cope	92.75797943335313	-4.778583704890349
11536	9	10	Superior Temporal Gyrus, posterior division	cope	118.38365563729705	-2.404416304988811
11536	10	11	Middle Temporal Gyrus, anterior division	cope	75.28456166680179	-2.464216869784547
11536	11	12	Middle Temporal Gyrus, posterior division	cope	86.87909660915376	-0.49966399733316735
11536	12	13	Middle Temporal Gyrus, temporooccipital part	cope	33.822790672313396	-2.646744955320198
11536	13	14	Inferior Temporal Gyrus, anterior division	cope	43.78972215483174	1.1589967951443068
11536	14	15	Inferior Temporal Gyrus, posterior division	cope	-5.737792865664361	0.9875573669446678
11536	15	16	Inferior Temporal Gyrus, temporooccipital part	cope	-46.039443306068875	3.530693550156725
11536	16	17	Postcentral Gyrus	cope	-26.36250347274801	-5.531536593954484
11536	17	18	Superior Parietal Lobule	cope	-10.716284141218255	-0.19472489488406444
11536	18	19	Supramarginal Gyrus, anterior division	cope	-97.28092536992497	-5.5124039637580236
11536	19	20	Supramarginal Gyrus, posterior division	cope	-6.684068401570658	-1.553336873912328
11536	20	21	Angular Gyrus	cope	12.565698840806668	-1.0816103855371333
11536	21	22	Lateral Occipital Cortex, superior division	cope	16.171139134332194	1.0905342392140802
11536	22	23	Lateral Occipital Cortex, inferior division	cope	112.99798581772004	1.2571198470354221
11536	23	24	Intracalcarine Cortex	cope	122.68951446525318	-7.106309635623572
11536	24	25	Frontal Medial Cortex	cope	162.00873688814488	1.1423758184603343
11536	25	26	Juxtapositional Lobule Cortex (formerly Supplementary Motor Cortex)	cope	-52.290492883002436	-2.550392545655848
11536	26	27	Subcallosal Cortex	cope	22.446409554206408	0.10604932605503843
11536	27	28	Paracingulate Gyrus	cope	117.18140973754107	-1.4743148064324076
11536	28	29	Cingulate Gyrus, anterior division	cope	81.14036282243491	-0.897356163287117
11536	29	30	Cingulate Gyrus, posterior division	cope	185.21989065630095	0.6193527854766164
11536	30	31	Precuneous Cortex	cope	89.88751882517013	1.0055697567353588
11536	31	32	Cuneal Cortex	cope	-11.410996475267305	-4.082359626162343
11536	32	33	Frontal Orbital Cortex	cope	61.218133698907884	0.8766031195469848
11536	33	34	Parahippocampal Gyrus, anterior division	cope	-61.98957224810018	5.324119602820415
11536	34	35	Parahippocampal Gyrus, posterior division	cope	-204.52181549162236	-8.060102970082804
11536	35	36	Lingual Gyrus	cope	54.63919750103342	-8.201930432160374
11536	36	37	Temporal Fusiform Cortex, anterior division	cope	-205.60812610852804	0.9902001016819519
11536	37	38	Temporal Fusiform Cortex, posterior division	cope	-28.371785896831863	-0.9491757994514478
11536	38	39	Temporal Occipital Fusiform Cortex	cope	-36.45817179037477	-1.937107655288783
11536	39	40	Occipital Fusiform Gyrus	cope	-35.005981988954254	-1.574265741874159
11536	40	41	Frontal Operculum Cortex	cope	-153.0324027473185	-1.9424014128431553
11536	41	42	Central Opercular Cortex	cope	-109.59936465032376	-8.50993233343417
11536	42	43	Parietal Operculum Cortex	cope	-65.68992287079392	-6.292680601882489
11536	43	44	Planum Polare	cope	-23.482572338508287	-5.631412978177421
11536	44	45	Heschl's Gyrus (includes H1 and H2)	cope	-0.0719923632485526	-4.075753163838167
11536	45	46	Planum Temporale	cope	-56.308981877841944	-5.812055842901923
11536	46	47	Supracalcarine Cortex	cope	83.98052755695709	-8.23867213472407
11536	47	48	Occipital Pole	cope	34.301520399056024	1.8095815674140387
11539	0	1	Frontal Pole	cope	-6.615223543559854	-0.5588522834218826
11539	1	2	Insular Cortex	cope	-78.03926797104297	-0.15101443179196022
11539	2	3	Superior Frontal Gyrus	cope	-56.54425935463462	0.7905800835098603
11539	3	4	Middle Frontal Gyrus	cope	96.22500870845593	-1.2296693987847995
11539	4	5	Inferior Frontal Gyrus, pars triangularis	cope	-152.50214443670228	-1.0857028102250172
11539	5	6	Inferior Frontal Gyrus, pars opercularis	cope	-232.1894840654609	-1.4295603448973422
11539	6	7	Precentral Gyrus	cope	47.96069615754607	0.16821655063542396
11539	7	8	Temporal Pole	cope	-63.481101160107805	1.2392783848450701
11539	8	9	Superior Temporal Gyrus, anterior division	cope	-63.257812998845026	0.6489468714747674
11539	9	10	Superior Temporal Gyrus, posterior division	cope	-91.26410600388205	-6.004102431648175
11539	10	11	Middle Temporal Gyrus, anterior division	cope	-71.96850333640825	1.1181315559393434
11539	11	12	Middle Temporal Gyrus, posterior division	cope	-41.40772412233275	0.06578534384733876
11539	12	13	Middle Temporal Gyrus, temporooccipital part	cope	-42.78893446808033	2.8297585430343672
11539	13	14	Inferior Temporal Gyrus, anterior division	cope	30.6887164719006	4.392495043250627
11539	14	15	Inferior Temporal Gyrus, posterior division	cope	104.9703014192983	-1.7401684043761714
11539	15	16	Inferior Temporal Gyrus, temporooccipital part	cope	124.08208745073027	1.5662525986997173
11539	16	17	Postcentral Gyrus	cope	102.46245557174653	1.0040720861779688
11539	17	18	Superior Parietal Lobule	cope	95.59675451675112	4.313469569030122
11539	18	19	Supramarginal Gyrus, anterior division	cope	-12.98846161696646	1.2780407569026229
11539	19	20	Supramarginal Gyrus, posterior division	cope	71.5034659151894	-0.030281570946445336
11539	20	21	Angular Gyrus	cope	-73.19026599363022	5.172434171722011
11539	21	22	Lateral Occipital Cortex, superior division	cope	-2.3432915522562747	3.3438887892381057
11539	22	23	Lateral Occipital Cortex, inferior division	cope	41.63606923966311	1.6830747264666026
11539	23	24	Intracalcarine Cortex	cope	-245.80304886944998	-9.173487080580008
11539	24	25	Frontal Medial Cortex	cope	-86.37667994428399	6.803789654888662
11539	25	26	Juxtapositional Lobule Cortex (formerly Supplementary Motor Cortex)	cope	50.89008426917339	1.6818663297721337
11539	26	27	Subcallosal Cortex	cope	11.46251351420696	3.3147468622917167
11539	27	28	Paracingulate Gyrus	cope	-25.006507331806755	0.0067013839212164295
11539	28	29	Cingulate Gyrus, anterior division	cope	-39.440658580638086	-0.3862776664353047
11539	29	30	Cingulate Gyrus, posterior division	cope	-57.55401001841681	-2.6302325651529244
11539	30	31	Precuneous Cortex	cope	-12.097631381794034	2.6256107700453284
11539	31	32	Cuneal Cortex	cope	-80.35091831535101	-0.39584068301032627
11539	32	33	Frontal Orbital Cortex	cope	2.102978252893565	0.7634355222798588
11539	33	34	Parahippocampal Gyrus, anterior division	cope	59.22866528118606	0.04644892990601505
11539	34	35	Parahippocampal Gyrus, posterior division	cope	-54.54149467731422	0.30895957681965436
11539	35	36	Lingual Gyrus	cope	-78.85000494595481	-4.900731533321246
11539	36	37	Temporal Fusiform Cortex, anterior division	cope	-16.40660593188401	4.510560340175392
11539	37	38	Temporal Fusiform Cortex, posterior division	cope	67.35843364178827	-0.4921001353054251
11539	38	39	Temporal Occipital Fusiform Cortex	cope	-11.09759386096682	2.9638910472433455
11539	39	40	Occipital Fusiform Gyrus	cope	194.31515861435335	-0.4472954356060321
11539	40	41	Frontal Operculum Cortex	cope	-178.6489480182904	1.0469311625234972
11539	41	42	Central Opercular Cortex	cope	-86.76501944844674	-1.6679531208128884
11539	42	43	Parietal Operculum Cortex	cope	-68.16193575453637	-2.153308962911443
11539	43	44	Planum Polare	cope	-33.19490219578716	-3.1027691527234236
11539	44	45	Heschl's Gyrus (includes H1 and H2)	cope	41.9341395054107	-9.468440138043896
11539	45	46	Planum Temporale	cope	136.0497674291484	-6.818818104120585
11539	46	47	Supracalcarine Cortex	cope	-87.56620614072109	-0.36518533605131065
11539	47	48	Occipital Pole	cope	203.78473227079306	-0.3946201191592905
11540	0	1	Frontal Pole	cope	6.758476389368321	-3.6744967602992435
11540	1	2	Insular Cortex	cope	72.13688142342707	-3.8435673855481762
11540	2	3	Superior Frontal Gyrus	cope	-127.11534688772322	-9.869379995130883
11540	3	4	Middle Frontal Gyrus	cope	-67.77448593402664	-4.868566691581688
11540	4	5	Inferior Frontal Gyrus, pars triangularis	cope	-48.62416476093301	-8.473844985642103
11540	5	6	Inferior Frontal Gyrus, pars opercularis	cope	-52.17484193309089	-8.71877381936595
11540	6	7	Precentral Gyrus	cope	-14.156667763674616	-3.5224360649400714
11540	7	8	Temporal Pole	cope	-71.99146732178616	-4.747724116127138
11540	8	9	Superior Temporal Gyrus, anterior division	cope	104.71709098051755	-2.3349323641031217
11540	9	10	Superior Temporal Gyrus, posterior division	cope	19.059902972602224	-2.3988578728242933
11540	10	11	Middle Temporal Gyrus, anterior division	cope	-99.59234941824158	-3.954476206972083
11540	11	12	Middle Temporal Gyrus, posterior division	cope	-72.34099094842821	-2.8325463606317514
11540	12	13	Middle Temporal Gyrus, temporooccipital part	cope	71.85374284262015	3.780071245744681
11540	13	14	Inferior Temporal Gyrus, anterior division	cope	-142.46913030655426	-3.2410911398570565
11540	14	15	Inferior Temporal Gyrus, posterior division	cope	-4.899572705085949	-2.1737019190422266
11540	15	16	Inferior Temporal Gyrus, temporooccipital part	cope	-23.56340013411063	-1.9436255116415306
11540	16	17	Postcentral Gyrus	cope	-2.633689264240472	-3.8499953001996747
11540	17	18	Superior Parietal Lobule	cope	54.59465319238936	1.957507727547913
11540	18	19	Supramarginal Gyrus, anterior division	cope	114.61554462751029	1.7771466085307852
11540	19	20	Supramarginal Gyrus, posterior division	cope	-33.46592457848978	2.191073014161776
11540	20	21	Angular Gyrus	cope	-115.93828635274664	-0.5951640378367061
11540	21	22	Lateral Occipital Cortex, superior division	cope	-49.5069398693395	3.9371228398602542
11540	22	23	Lateral Occipital Cortex, inferior division	cope	-7.25215816246104	1.3590114275764993
11540	23	24	Intracalcarine Cortex	cope	-80.35255923204791	11.091109625661767
11540	24	25	Frontal Medial Cortex	cope	68.95312766403171	-2.5998908262699842
11540	25	26	Juxtapositional Lobule Cortex (formerly Supplementary Motor Cortex)	cope	34.758617870559966	-4.185389652055361
11540	26	27	Subcallosal Cortex	cope	0.5917173692813287	2.627548709271762
11540	27	28	Paracingulate Gyrus	cope	80.87129723480413	-3.8741761018833114
11540	28	29	Cingulate Gyrus, anterior division	cope	91.74486784518587	-0.18083709998794248
11540	29	30	Cingulate Gyrus, posterior division	cope	18.19013679196579	-1.2441332903706601
11540	30	31	Precuneous Cortex	cope	56.48299200507775	1.8172707442916167
11540	31	32	Cuneal Cortex	cope	-32.59164890468517	6.458683258779512
11540	32	33	Frontal Orbital Cortex	cope	-98.11957829155014	-3.526971520065862
11540	33	34	Parahippocampal Gyrus, anterior division	cope	9.656207640828416	-5.3378065931373815
11540	34	35	Parahippocampal Gyrus, posterior division	cope	58.96097731365348	-4.883158426661536
11540	35	36	Lingual Gyrus	cope	-16.031801407877733	5.088976261243676
11540	36	37	Temporal Fusiform Cortex, anterior division	cope	39.51174723129746	-1.5123922668450267
11540	37	38	Temporal Fusiform Cortex, posterior division	cope	9.201166033154921	-3.6414601557420023
11540	38	39	Temporal Occipital Fusiform Cortex	cope	-38.885750211600154	1.2304748561549899
11540	39	40	Occipital Fusiform Gyrus	cope	-22.316440049251284	1.8181870375725722
11540	40	41	Frontal Operculum Cortex	cope	9.235330395087475	-1.2076962762551398
11540	41	42	Central Opercular Cortex	cope	161.63819286461148	-3.4045845487665747
11540	42	43	Parietal Operculum Cortex	cope	121.5705548387191	1.5402287307389193
11540	43	44	Planum Polare	cope	111.09572225922847	-4.775340051123631
11540	44	45	Heschl's Gyrus (includes H1 and H2)	cope	109.61178801026762	-6.691229956383357
11540	45	46	Planum Temporale	cope	96.1417822542283	-2.546153061623347
11540	46	47	Supracalcarine Cortex	cope	-6.257538092897294	9.566954904731285
11540	47	48	Occipital Pole	cope	16.429626379230232	3.143964827968045
11570	0	1	Frontal Pole	cope	30.158189064435604	0.2680218773088783
11570	1	2	Insular Cortex	cope	5.795027302364345	-0.22532715279199603
11570	2	3	Superior Frontal Gyrus	cope	125.964319395674	-0.7982479243027167
11570	3	4	Middle Frontal Gyrus	cope	85.58296771373635	-1.1058714725993206
11570	4	5	Inferior Frontal Gyrus, pars triangularis	cope	13.984385271548131	-1.5696930870881844
11570	5	6	Inferior Frontal Gyrus, pars opercularis	cope	-16.922463211885283	1.7055478479893234
11570	6	7	Precentral Gyrus	cope	37.44195774342096	-0.009329993912668174
11570	7	8	Temporal Pole	cope	69.702593595912	1.195404386050515
11570	8	9	Superior Temporal Gyrus, anterior division	cope	-4.163238063836709	-0.8034966057464958
11570	9	10	Superior Temporal Gyrus, posterior division	cope	164.8175702876859	-2.8025348319539
11570	10	11	Middle Temporal Gyrus, anterior division	cope	70.80429832499419	-0.2598753198592076
11570	11	12	Middle Temporal Gyrus, posterior division	cope	48.305086330481224	-1.5046026956495575
11570	12	13	Middle Temporal Gyrus, temporooccipital part	cope	55.13570528905301	1.882662786580776
11570	13	14	Inferior Temporal Gyrus, anterior division	cope	35.927688536471166	3.1694867344650293
11570	14	15	Inferior Temporal Gyrus, posterior division	cope	-20.641292760995302	1.0038522644997874
11570	15	16	Inferior Temporal Gyrus, temporooccipital part	cope	-45.95139879255152	3.398852426558733
11570	16	17	Postcentral Gyrus	cope	21.341628251223135	0.07666205689837427
11570	17	18	Superior Parietal Lobule	cope	-66.67733905916138	4.772201068640694
11570	18	19	Supramarginal Gyrus, anterior division	cope	50.14179503961846	4.673621494074663
11570	19	20	Supramarginal Gyrus, posterior division	cope	67.86512120068073	0.7005542195949552
11570	20	21	Angular Gyrus	cope	12.09904920130136	-0.9125224012593581
11570	21	22	Lateral Occipital Cortex, superior division	cope	-9.81620606963973	1.7785848792941874
11570	22	23	Lateral Occipital Cortex, inferior division	cope	41.01699033083737	1.6682113896552238
11570	23	24	Intracalcarine Cortex	cope	132.00160019122904	1.4176332834303553
11570	24	25	Frontal Medial Cortex	cope	27.20190787547869	1.6744243925489346
11570	25	26	Juxtapositional Lobule Cortex (formerly Supplementary Motor Cortex)	cope	166.04133004400285	1.9990956993329942
11570	26	27	Subcallosal Cortex	cope	214.28176602251256	4.422250707590809
11570	27	28	Paracingulate Gyrus	cope	128.54629720020034	1.0497131075026875
11570	28	29	Cingulate Gyrus, anterior division	cope	139.9967615565885	1.965040533365366
11570	29	30	Cingulate Gyrus, posterior division	cope	91.25866550520489	2.0007735612653197
11570	30	31	Precuneous Cortex	cope	108.1937258645237	3.836651608896995
11570	31	32	Cuneal Cortex	cope	-14.987454302691567	2.6006724808355814
11570	32	33	Frontal Orbital Cortex	cope	100.91449495614292	-0.8381298692185128
11570	33	34	Parahippocampal Gyrus, anterior division	cope	-38.18221438695899	3.5117446360203015
11570	34	35	Parahippocampal Gyrus, posterior division	cope	319.0398697443728	4.858740760118894
11570	35	36	Lingual Gyrus	cope	133.89167718800456	5.495347001039336
11570	36	37	Temporal Fusiform Cortex, anterior division	cope	35.988353317511	5.926410834311594
11570	37	38	Temporal Fusiform Cortex, posterior division	cope	30.477905500596854	2.0194694035127116
11570	38	39	Temporal Occipital Fusiform Cortex	cope	105.5229202069167	3.710177570980574
11570	39	40	Occipital Fusiform Gyrus	cope	89.91505878149825	-0.8119577236063437
11570	40	41	Frontal Operculum Cortex	cope	121.16888340381013	0.46947307830692087
11570	41	42	Central Opercular Cortex	cope	-23.438985884009348	2.0788909565204006
11570	42	43	Parietal Operculum Cortex	cope	18.909131576983153	-2.4059113631471707
11570	43	44	Planum Polare	cope	-22.058955293575316	0.9446131815273627
11570	44	45	Heschl's Gyrus (includes H1 and H2)	cope	71.15921265518611	-5.877240626150012
11570	45	46	Planum Temporale	cope	107.92619594090574	-3.6327982366373996
11570	46	47	Supracalcarine Cortex	cope	184.97643720342757	1.1744935354985733
11570	47	48	Occipital Pole	cope	26.333649842846523	0.5453882980736345
11572	0	1	Frontal Pole	cope	70.38833452719982	-3.3768295225162928
11572	1	2	Insular Cortex	cope	61.98829479261347	-5.637741161596228
11572	2	3	Superior Frontal Gyrus	cope	-12.09921836005225	-1.4299729256087899
11572	3	4	Middle Frontal Gyrus	cope	4.30849019707159	-2.590821512443592
11572	4	5	Inferior Frontal Gyrus, pars triangularis	cope	-17.12824935568582	-4.506805181824773
11572	5	6	Inferior Frontal Gyrus, pars opercularis	cope	4.518107935287696	-0.4064808970033347
11572	6	7	Precentral Gyrus	cope	-94.51560723877196	-1.723113422314328
11572	7	8	Temporal Pole	cope	-103.51991180537709	-1.413455678982029
11572	8	9	Superior Temporal Gyrus, anterior division	cope	80.95768974744357	-3.687994396438201
11572	9	10	Superior Temporal Gyrus, posterior division	cope	101.44062884945374	-0.3601633706886031
11572	10	11	Middle Temporal Gyrus, anterior division	cope	-62.76823087307944	3.1395010974369386
11572	11	12	Middle Temporal Gyrus, posterior division	cope	107.30949539814895	-2.170033086644368
11572	12	13	Middle Temporal Gyrus, temporooccipital part	cope	72.95877913890875	-2.1134194554536867
11572	13	14	Inferior Temporal Gyrus, anterior division	cope	-25.483398296335746	-4.8167501803950445
11572	14	15	Inferior Temporal Gyrus, posterior division	cope	0.031658305561463214	-0.03391863103695792
11572	15	16	Inferior Temporal Gyrus, temporooccipital part	cope	16.438739524459216	-3.436750117056906
11572	16	17	Postcentral Gyrus	cope	-37.77010768305024	-0.11175296181995098
11572	17	18	Superior Parietal Lobule	cope	11.791328569409728	-2.3369562771645547
11572	18	19	Supramarginal Gyrus, anterior division	cope	-5.857431604240642	1.564598723149134
11572	19	20	Supramarginal Gyrus, posterior division	cope	0.30763163550479994	-1.4098015701584676
11572	20	21	Angular Gyrus	cope	-17.307919178139134	0.7062155679270133
11572	21	22	Lateral Occipital Cortex, superior division	cope	51.892531207961255	1.5422149671573155
11572	22	23	Lateral Occipital Cortex, inferior division	cope	24.16664042355058	-3.8252832604912514
11572	23	24	Intracalcarine Cortex	cope	-12.919620995333686	-1.842751114096507
11572	24	25	Frontal Medial Cortex	cope	11.720065173527873	-1.9939012991475826
11572	25	26	Juxtapositional Lobule Cortex (formerly Supplementary Motor Cortex)	cope	-118.16312254310863	-2.8871963738866553
11572	26	27	Subcallosal Cortex	cope	-68.63017231684465	-4.057309326328911
11572	27	28	Paracingulate Gyrus	cope	2.366180461223432	-5.260016049363262
11572	28	29	Cingulate Gyrus, anterior division	cope	-60.73899863590881	-2.363713508293524
11572	29	30	Cingulate Gyrus, posterior division	cope	-23.50049366881166	-1.2985449713910264
11572	30	31	Precuneous Cortex	cope	16.57142533958124	1.0453209118089914
11572	31	32	Cuneal Cortex	cope	6.504175408303474	5.655140195909202
11572	32	33	Frontal Orbital Cortex	cope	-28.93070846605984	-4.21050281767099
11572	33	34	Parahippocampal Gyrus, anterior division	cope	-68.75354662141969	-1.53951665958538
11572	34	35	Parahippocampal Gyrus, posterior division	cope	-90.52340165084263	-2.0216909040222473
11572	35	36	Lingual Gyrus	cope	-38.841807040294654	-1.1151876430608791
11572	36	37	Temporal Fusiform Cortex, anterior division	cope	-87.37731676236957	-5.288898752777712
11572	37	38	Temporal Fusiform Cortex, posterior division	cope	-58.988503915102264	-2.7757751631940013
11572	38	39	Temporal Occipital Fusiform Cortex	cope	-54.19631256478389	-6.571631813411741
11572	39	40	Occipital Fusiform Gyrus	cope	-49.656353863326416	-5.565615384510521
11572	40	41	Frontal Operculum Cortex	cope	-66.56028063582772	-6.975517554693863
11572	41	42	Central Opercular Cortex	cope	48.134447153187914	-4.0448145602168815
11572	42	43	Parietal Operculum Cortex	cope	7.814268365691459	-3.3406928381244394
11572	43	44	Planum Polare	cope	61.128798826050215	-3.9943850910760292
11572	44	45	Heschl's Gyrus (includes H1 and H2)	cope	94.84180077580812	-4.132625495920533
11572	45	46	Planum Temporale	cope	68.5541641475669	-2.4345980413326442
11572	46	47	Supracalcarine Cortex	cope	-11.665564320188887	0.3035465803869227
11572	47	48	Occipital Pole	cope	-5.499902025067676	-2.287689293968899
11579	0	1	Frontal Pole	cope	10.089193616611125	2.1681391714398033
11579	1	2	Insular Cortex	cope	-4.719122874565789	0.08757100870821351
11579	2	3	Superior Frontal Gyrus	cope	6.731223641688785	1.214605828306128
11579	3	4	Middle Frontal Gyrus	cope	102.22372643522804	0.007733553931761455
11579	4	5	Inferior Frontal Gyrus, pars triangularis	cope	107.99286992383112	0.8035806314122581
11579	5	6	Inferior Frontal Gyrus, pars opercularis	cope	-0.1382310298828886	-0.19451537175190792
11579	6	7	Precentral Gyrus	cope	13.906128730684395	1.218411754468695
11579	7	8	Temporal Pole	cope	40.44640607768009	3.825728979451922
11579	8	9	Superior Temporal Gyrus, anterior division	cope	-56.349358525642984	6.515568828429931
11579	9	10	Superior Temporal Gyrus, posterior division	cope	-71.6507767820126	4.799487814428164
11579	10	11	Middle Temporal Gyrus, anterior division	cope	73.09427325182887	4.627410562197442
11579	11	12	Middle Temporal Gyrus, posterior division	cope	-35.643139580257326	5.14034321797154
11579	12	13	Middle Temporal Gyrus, temporooccipital part	cope	-10.114988212459599	4.229678868145094
11579	13	14	Inferior Temporal Gyrus, anterior division	cope	-29.075917357171075	-0.0668395176618057
11579	14	15	Inferior Temporal Gyrus, posterior division	cope	-12.755494242967695	1.8092356312404616
11579	15	16	Inferior Temporal Gyrus, temporooccipital part	cope	12.401865574545157	3.078905685096736
11579	16	17	Postcentral Gyrus	cope	-18.005388173486875	0.9194012921708433
11579	17	18	Superior Parietal Lobule	cope	86.29085996754839	5.768870619773435
11579	18	19	Supramarginal Gyrus, anterior division	cope	32.805932508146874	0.4654603513651266
11579	19	20	Supramarginal Gyrus, posterior division	cope	-15.32163845308729	1.7242663074583695
11579	20	21	Angular Gyrus	cope	37.973993865442154	2.8637987892107972
11579	21	22	Lateral Occipital Cortex, superior division	cope	73.12993533096912	1.623441666765387
11579	22	23	Lateral Occipital Cortex, inferior division	cope	36.203610321740776	5.812350659986248
11579	23	24	Intracalcarine Cortex	cope	90.79997685676302	6.778586594761142
11579	24	25	Frontal Medial Cortex	cope	-27.51450071605385	17.903816761620714
11579	25	26	Juxtapositional Lobule Cortex (formerly Supplementary Motor Cortex)	cope	-1.0065191406253222	-1.0561186600086354
11579	26	27	Subcallosal Cortex	cope	-45.256344043750026	9.123679011085859
11579	27	28	Paracingulate Gyrus	cope	-5.788235304089459	2.1134056192670765
11579	28	29	Cingulate Gyrus, anterior division	cope	-1.916346817672	1.3981176060471503
11579	29	30	Cingulate Gyrus, posterior division	cope	35.36907345637253	8.89544489468847
11579	30	31	Precuneous Cortex	cope	106.30397431985679	6.044762380654899
11579	31	32	Cuneal Cortex	cope	84.84513893061508	0.6919219592367268
11579	32	33	Frontal Orbital Cortex	cope	14.412711372299468	5.931417088372489
11579	33	34	Parahippocampal Gyrus, anterior division	cope	-144.76083167068725	3.815833986874884
11579	34	35	Parahippocampal Gyrus, posterior division	cope	78.56319355559799	2.133464984539545
11579	35	36	Lingual Gyrus	cope	18.77795888946848	2.2882075161293245
11579	36	37	Temporal Fusiform Cortex, anterior division	cope	-44.298359983779015	-1.4684369220589915
11579	37	38	Temporal Fusiform Cortex, posterior division	cope	30.447335287024508	2.5301553959126317
11579	38	39	Temporal Occipital Fusiform Cortex	cope	69.30955676209	3.6770800805842643
11579	39	40	Occipital Fusiform Gyrus	cope	117.80575425674517	4.325440903916771
11579	40	41	Frontal Operculum Cortex	cope	-98.10739338761117	0.2826259385270043
11579	41	42	Central Opercular Cortex	cope	-22.509251037301205	4.317834774119632
11579	42	43	Parietal Operculum Cortex	cope	-104.23694484371238	4.303732991989153
11579	43	44	Planum Polare	cope	-66.85847693636217	4.243189057301488
11579	44	45	Heschl's Gyrus (includes H1 and H2)	cope	-57.366226672027516	9.794587246558633
11579	45	46	Planum Temporale	cope	-85.30778254737814	7.0369641195616355
11579	46	47	Supracalcarine Cortex	cope	94.35845959693827	7.8680348053891604
11579	47	48	Occipital Pole	cope	28.871501111752128	2.4719313771652702
