subject	tg_level	tg_run	tg_cope	tg_zstat	tg_mask	ug_level	ug_run	ug_cope	ug_zstat	ug_mask
10369	L1	1	/ZPOOL/data/projects/rf1-betrayal/derivatives/fsl/sub-10369/ses-01/L1_task-trust_model-01_type-act_run-1_sm-5.feat/stats/cope10.nii.gz	/ZPOOL/data/projects/rf1-betrayal/derivatives/fsl/sub-10369/ses-01/L1_task-trust_model-01_type-act_run-1_sm-5.feat/stats/zstat10.nii.gz	/ZPOOL/data/projects/rf1-betrayal/derivatives/fsl/sub-10369/ses-01/L1_task-trust_model-01_type-act_run-1_sm-5.feat/mask.nii.gz	L2	both	/ZPOOL/data/projects/rf1-betrayal/derivatives/fsl/sub-10369/ses-01/L2_task-ugr_model-3_type-act_sm-5.gfeat/cope11.feat/stats/cope1.nii.gz	/ZPOOL/data/projects/rf1-betrayal/derivatives/fsl/sub-10369/ses-01/L2_task-ugr_model-3_type-act_sm-5.gfeat/cope11.feat/stats/zstat1.nii.gz	/ZPOOL/data/projects/rf1-betrayal/derivatives/fsl/sub-10369/ses-01/L2_task-ugr_model-3_type-act_sm-5.gfeat/cope11.feat/mask.nii.gz
10402	L2	both	/ZPOOL/data/projects/rf1-betrayal/derivatives/fsl/sub-10402/ses-01/L2_task-trust_model-01_type-act_sm-5.gfeat/cope10.feat/stats/cope1.nii.gz	/ZPOOL/data/projects/rf1-betrayal/derivatives/fsl/sub-10402/ses-01/L2_task-trust_model-01_type-act_sm-5.gfeat/cope10.feat/stats/zstat1.nii.gz	/ZPOOL/data/projects/rf1-betrayal/derivatives/fsl/sub-10402/ses-01/L2_task-trust_model-01_type-act_sm-5.gfeat/cope10.feat/mask.nii.gz	L2	both	/ZPOOL/data/projects/rf1-betrayal/derivatives/fsl/sub-10402/ses-01/L2_task-ugr_model-3_type-act_sm-5.gfeat/cope11.feat/stats/cope1.nii.gz	/ZPOOL/data/projects/rf1-betrayal/derivatives/fsl/sub-10402/ses-01/L2_task-ugr_model-3_type-act_sm-5.gfeat/cope11.feat/stats/zstat1.nii.gz	/ZPOOL/data/projects/rf1-betrayal/derivatives/fsl/sub-10402/ses-01/L2_task-ugr_model-3_type-act_sm-5.gfeat/cope11.feat/mask.nii.gz
10478	L2	both	/ZPOOL/data/projects/rf1-betrayal/derivatives/fsl/sub-10478/ses-01/L2_task-trust_model-01_type-act_sm-5.gfeat/cope10.feat/stats/cope1.nii.gz	/ZPOOL/data/projects/rf1-betrayal/derivatives/fsl/sub-10478/ses-01/L2_task-trust_model-01_type-act_sm-5.gfeat/cope10.feat/stats/zstat1.nii.gz	/ZPOOL/data/projects/rf1-betrayal/derivatives/fsl/sub-10478/ses-01/L2_task-trust_model-01_type-act_sm-5.gfeat/cope10.feat/mask.nii.gz	L2	both	/ZPOOL/data/projects/rf1-betrayal/derivatives/fsl/sub-10478/ses-01/L2_task-ugr_model-3_type-act_sm-5.gfeat/cope11.feat/stats/cope1.nii.gz	/ZPOOL/data/projects/rf1-betrayal/derivatives/fsl/sub-10478/ses-01/L2_task-ugr_model-3_type-act_sm-5.gfeat/cope11.feat/stats/zstat1.nii.gz	/ZPOOL/data/projects/rf1-betrayal/derivatives/fsl/sub-10478/ses-01/L2_task-ugr_model-3_type-act_sm-5.gfeat/cope11.feat/mask.nii.gz
10486	L1	1	/ZPOOL/data/projects/rf1-betrayal/derivatives/fsl/sub-10486/ses-01/L1_task-trust_model-01_type-act_run-1_sm-5.feat/stats/cope10.nii.gz	/ZPOOL/data/projects/rf1-betrayal/derivatives/fsl/sub-10486/ses-01/L1_task-trust_model-01_type-act_run-1_sm-5.feat/stats/zstat10.nii.gz	/ZPOOL/data/projects/rf1-betrayal/derivatives/fsl/sub-10486/ses-01/L1_task-trust_model-01_type-act_run-1_sm-5.feat/mask.nii.gz	L1	1	/ZPOOL/data/projects/rf1-betrayal/derivatives/fsl/sub-10486/ses-01/L1_task-ugr_model-3_type-act_run-1_sm-5.feat/stats/cope11.nii.gz	/ZPOOL/data/projects/rf1-betrayal/derivatives/fsl/sub-10486/ses-01/L1_task-ugr_model-3_type-act_run-1_sm-5.feat/stats/zstat11.nii.gz	/ZPOOL/data/projects/rf1-betrayal/derivatives/fsl/sub-10486/ses-01/L1_task-ugr_model-3_type-act_run-1_sm-5.feat/mask.nii.gz
10581	L2	both	/ZPOOL/data/projects/rf1-betrayal/derivatives/fsl/sub-10581/ses-01/L2_task-trust_model-01_type-act_sm-5.gfeat/cope10.feat/stats/cope1.nii.gz	/ZPOOL/data/projects/rf1-betrayal/derivatives/fsl/sub-10581/ses-01/L2_task-trust_model-01_type-act_sm-5.gfeat/cope10.feat/stats/zstat1.nii.gz	/ZPOOL/data/projects/rf1-betrayal/derivatives/fsl/sub-10581/ses-01/L2_task-trust_model-01_type-act_sm-5.gfeat/cope10.feat/mask.nii.gz	L1	1	/ZPOOL/data/projects/rf1-betrayal/derivatives/fsl/sub-10581/ses-01/L1_task-ugr_model-3_type-act_run-1_sm-5.feat/stats/cope11.nii.gz	/ZPOOL/data/projects/rf1-betrayal/derivatives/fsl/sub-10581/ses-01/L1_task-ugr_model-3_type-act_run-1_sm-5.feat/stats/zstat11.nii.gz	/ZPOOL/data/projects/rf1-betrayal/derivatives/fsl/sub-10581/ses-01/L1_task-ugr_model-3_type-act_run-1_sm-5.feat/mask.nii.gz
10584	L2	both	/ZPOOL/data/projects/rf1-betrayal/derivatives/fsl/sub-10584/ses-01/L2_task-trust_model-01_type-act_sm-5.gfeat/cope10.feat/stats/cope1.nii.gz	/ZPOOL/data/projects/rf1-betrayal/derivatives/fsl/sub-10584/ses-01/L2_task-trust_model-01_type-act_sm-5.gfeat/cope10.feat/stats/zstat1.nii.gz	/ZPOOL/data/projects/rf1-betrayal/derivatives/fsl/sub-10584/ses-01/L2_task-trust_model-01_type-act_sm-5.gfeat/cope10.feat/mask.nii.gz	L1	1	/ZPOOL/data/projects/rf1-betrayal/derivatives/fsl/sub-10584/ses-01/L1_task-ugr_model-3_type-act_run-1_sm-5.feat/stats/cope11.nii.gz	/ZPOOL/data/projects/rf1-betrayal/derivatives/fsl/sub-10584/ses-01/L1_task-ugr_model-3_type-act_run-1_sm-5.feat/stats/zstat11.nii.gz	/ZPOOL/data/projects/rf1-betrayal/derivatives/fsl/sub-10584/ses-01/L1_task-ugr_model-3_type-act_run-1_sm-5.feat/mask.nii.gz
10589	L2	both	/ZPOOL/data/projects/rf1-betrayal/derivatives/fsl/sub-10589/ses-01/L2_task-trust_model-01_type-act_sm-5.gfeat/cope10.feat/stats/cope1.nii.gz	/ZPOOL/data/projects/rf1-betrayal/derivatives/fsl/sub-10589/ses-01/L2_task-trust_model-01_type-act_sm-5.gfeat/cope10.feat/stats/zstat1.nii.gz	/ZPOOL/data/projects/rf1-betrayal/derivatives/fsl/sub-10589/ses-01/L2_task-trust_model-01_type-act_sm-5.gfeat/cope10.feat/mask.nii.gz	L2	both	/ZPOOL/data/projects/rf1-betrayal/derivatives/fsl/sub-10589/ses-01/L2_task-ugr_model-3_type-act_sm-5.gfeat/cope11.feat/stats/cope1.nii.gz	/ZPOOL/data/projects/rf1-betrayal/derivatives/fsl/sub-10589/ses-01/L2_task-ugr_model-3_type-act_sm-5.gfeat/cope11.feat/stats/zstat1.nii.gz	/ZPOOL/data/projects/rf1-betrayal/derivatives/fsl/sub-10589/ses-01/L2_task-ugr_model-3_type-act_sm-5.gfeat/cope11.feat/mask.nii.gz
10596	L2	both	/ZPOOL/data/projects/rf1-betrayal/derivatives/fsl/sub-10596/ses-01/L2_task-trust_model-01_type-act_sm-5.gfeat/cope10.feat/stats/cope1.nii.gz	/ZPOOL/data/projects/rf1-betrayal/derivatives/fsl/sub-10596/ses-01/L2_task-trust_model-01_type-act_sm-5.gfeat/cope10.feat/stats/zstat1.nii.gz	/ZPOOL/data/projects/rf1-betrayal/derivatives/fsl/sub-10596/ses-01/L2_task-trust_model-01_type-act_sm-5.gfeat/cope10.feat/mask.nii.gz	L2	both	/ZPOOL/data/projects/rf1-betrayal/derivatives/fsl/sub-10596/ses-01/L2_task-ugr_model-3_type-act_sm-5.gfeat/cope11.feat/stats/cope1.nii.gz	/ZPOOL/data/projects/rf1-betrayal/derivatives/fsl/sub-10596/ses-01/L2_task-ugr_model-3_type-act_sm-5.gfeat/cope11.feat/stats/zstat1.nii.gz	/ZPOOL/data/projects/rf1-betrayal/derivatives/fsl/sub-10596/ses-01/L2_task-ugr_model-3_type-act_sm-5.gfeat/cope11.feat/mask.nii.gz
10606	L2	both	/ZPOOL/data/projects/rf1-betrayal/derivatives/fsl/sub-10606/ses-01/L2_task-trust_model-01_type-act_sm-5.gfeat/cope10.feat/stats/cope1.nii.gz	/ZPOOL/data/projects/rf1-betrayal/derivatives/fsl/sub-10606/ses-01/L2_task-trust_model-01_type-act_sm-5.gfeat/cope10.feat/stats/zstat1.nii.gz	/ZPOOL/data/projects/rf1-betrayal/derivatives/fsl/sub-10606/ses-01/L2_task-trust_model-01_type-act_sm-5.gfeat/cope10.feat/mask.nii.gz	L2	both	/ZPOOL/data/projects/rf1-betrayal/derivatives/fsl/sub-10606/ses-01/L2_task-ugr_model-3_type-act_sm-5.gfeat/cope11.feat/stats/cope1.nii.gz	/ZPOOL/data/projects/rf1-betrayal/derivatives/fsl/sub-10606/ses-01/L2_task-ugr_model-3_type-act_sm-5.gfeat/cope11.feat/stats/zstat1.nii.gz	/ZPOOL/data/projects/rf1-betrayal/derivatives/fsl/sub-10606/ses-01/L2_task-ugr_model-3_type-act_sm-5.gfeat/cope11.feat/mask.nii.gz
10608	L1	1	/ZPOOL/data/projects/rf1-betrayal/derivatives/fsl/sub-10608/ses-01/L1_task-trust_model-01_type-act_run-1_sm-5.feat/stats/cope10.nii.gz	/ZPOOL/data/projects/rf1-betrayal/derivatives/fsl/sub-10608/ses-01/L1_task-trust_model-01_type-act_run-1_sm-5.feat/stats/zstat10.nii.gz	/ZPOOL/data/projects/rf1-betrayal/derivatives/fsl/sub-10608/ses-01/L1_task-trust_model-01_type-act_run-1_sm-5.feat/mask.nii.gz	L2	both	/ZPOOL/data/projects/rf1-betrayal/derivatives/fsl/sub-10608/ses-01/L2_task-ugr_model-3_type-act_sm-5.gfeat/cope11.feat/stats/cope1.nii.gz	/ZPOOL/data/projects/rf1-betrayal/derivatives/fsl/sub-10608/ses-01/L2_task-ugr_model-3_type-act_sm-5.gfeat/cope11.feat/stats/zstat1.nii.gz	/ZPOOL/data/projects/rf1-betrayal/derivatives/fsl/sub-10608/ses-01/L2_task-ugr_model-3_type-act_sm-5.gfeat/cope11.feat/mask.nii.gz
10640	L2	both	/ZPOOL/data/projects/rf1-betrayal/derivatives/fsl/sub-10640/ses-01/L2_task-trust_model-01_type-act_sm-5.gfeat/cope10.feat/stats/cope1.nii.gz	/ZPOOL/data/projects/rf1-betrayal/derivatives/fsl/sub-10640/ses-01/L2_task-trust_model-01_type-act_sm-5.gfeat/cope10.feat/stats/zstat1.nii.gz	/ZPOOL/data/projects/rf1-betrayal/derivatives/fsl/sub-10640/ses-01/L2_task-trust_model-01_type-act_sm-5.gfeat/cope10.feat/mask.nii.gz	L2	both	/ZPOOL/data/projects/rf1-betrayal/derivatives/fsl/sub-10640/ses-01/L2_task-ugr_model-3_type-act_sm-5.gfeat/cope11.feat/stats/cope1.nii.gz	/ZPOOL/data/projects/rf1-betrayal/derivatives/fsl/sub-10640/ses-01/L2_task-ugr_model-3_type-act_sm-5.gfeat/cope11.feat/stats/zstat1.nii.gz	/ZPOOL/data/projects/rf1-betrayal/derivatives/fsl/sub-10640/ses-01/L2_task-ugr_model-3_type-act_sm-5.gfeat/cope11.feat/mask.nii.gz
10641	L1	1	/ZPOOL/data/projects/rf1-betrayal/derivatives/fsl/sub-10641/ses-01/L1_task-trust_model-01_type-act_run-1_sm-5.feat/stats/cope10.nii.gz	/ZPOOL/data/projects/rf1-betrayal/derivatives/fsl/sub-10641/ses-01/L1_task-trust_model-01_type-act_run-1_sm-5.feat/stats/zstat10.nii.gz	/ZPOOL/data/projects/rf1-betrayal/derivatives/fsl/sub-10641/ses-01/L1_task-trust_model-01_type-act_run-1_sm-5.feat/mask.nii.gz	L1	1	/ZPOOL/data/projects/rf1-betrayal/derivatives/fsl/sub-10641/ses-01/L1_task-ugr_model-3_type-act_run-1_sm-5.feat/stats/cope11.nii.gz	/ZPOOL/data/projects/rf1-betrayal/derivatives/fsl/sub-10641/ses-01/L1_task-ugr_model-3_type-act_run-1_sm-5.feat/stats/zstat11.nii.gz	/ZPOOL/data/projects/rf1-betrayal/derivatives/fsl/sub-10641/ses-01/L1_task-ugr_model-3_type-act_run-1_sm-5.feat/mask.nii.gz
10642	L2	both	/ZPOOL/data/projects/rf1-betrayal/derivatives/fsl/sub-10642/ses-01/L2_task-trust_model-01_type-act_sm-5.gfeat/cope10.feat/stats/cope1.nii.gz	/ZPOOL/data/projects/rf1-betrayal/derivatives/fsl/sub-10642/ses-01/L2_task-trust_model-01_type-act_sm-5.gfeat/cope10.feat/stats/zstat1.nii.gz	/ZPOOL/data/projects/rf1-betrayal/derivatives/fsl/sub-10642/ses-01/L2_task-trust_model-01_type-act_sm-5.gfeat/cope10.feat/mask.nii.gz	L2	both	/ZPOOL/data/projects/rf1-betrayal/derivatives/fsl/sub-10642/ses-01/L2_task-ugr_model-3_type-act_sm-5.gfeat/cope11.feat/stats/cope1.nii.gz	/ZPOOL/data/projects/rf1-betrayal/derivatives/fsl/sub-10642/ses-01/L2_task-ugr_model-3_type-act_sm-5.gfeat/cope11.feat/stats/zstat1.nii.gz	/ZPOOL/data/projects/rf1-betrayal/derivatives/fsl/sub-10642/ses-01/L2_task-ugr_model-3_type-act_sm-5.gfeat/cope11.feat/mask.nii.gz
10647	L2	both	/ZPOOL/data/projects/rf1-betrayal/derivatives/fsl/sub-10647/ses-01/L2_task-trust_model-01_type-act_sm-5.gfeat/cope10.feat/stats/cope1.nii.gz	/ZPOOL/data/projects/rf1-betrayal/derivatives/fsl/sub-10647/ses-01/L2_task-trust_model-01_type-act_sm-5.gfeat/cope10.feat/stats/zstat1.nii.gz	/ZPOOL/data/projects/rf1-betrayal/derivatives/fsl/sub-10647/ses-01/L2_task-trust_model-01_type-act_sm-5.gfeat/cope10.feat/mask.nii.gz	L2	both	/ZPOOL/data/projects/rf1-betrayal/derivatives/fsl/sub-10647/ses-01/L2_task-ugr_model-3_type-act_sm-5.gfeat/cope11.feat/stats/cope1.nii.gz	/ZPOOL/data/projects/rf1-betrayal/derivatives/fsl/sub-10647/ses-01/L2_task-ugr_model-3_type-act_sm-5.gfeat/cope11.feat/stats/zstat1.nii.gz	/ZPOOL/data/projects/rf1-betrayal/derivatives/fsl/sub-10647/ses-01/L2_task-ugr_model-3_type-act_sm-5.gfeat/cope11.feat/mask.nii.gz
10656	L2	both	/ZPOOL/data/projects/rf1-betrayal/derivatives/fsl/sub-10656/ses-01/L2_task-trust_model-01_type-act_sm-5.gfeat/cope10.feat/stats/cope1.nii.gz	/ZPOOL/data/projects/rf1-betrayal/derivatives/fsl/sub-10656/ses-01/L2_task-trust_model-01_type-act_sm-5.gfeat/cope10.feat/stats/zstat1.nii.gz	/ZPOOL/data/projects/rf1-betrayal/derivatives/fsl/sub-10656/ses-01/L2_task-trust_model-01_type-act_sm-5.gfeat/cope10.feat/mask.nii.gz	L2	both	/ZPOOL/data/projects/rf1-betrayal/derivatives/fsl/sub-10656/ses-01/L2_task-ugr_model-3_type-act_sm-5.gfeat/cope11.feat/stats/cope1.nii.gz	/ZPOOL/data/projects/rf1-betrayal/derivatives/fsl/sub-10656/ses-01/L2_task-ugr_model-3_type-act_sm-5.gfeat/cope11.feat/stats/zstat1.nii.gz	/ZPOOL/data/projects/rf1-betrayal/derivatives/fsl/sub-10656/ses-01/L2_task-ugr_model-3_type-act_sm-5.gfeat/cope11.feat/mask.nii.gz
10661	L2	both	/ZPOOL/data/projects/rf1-betrayal/derivatives/fsl/sub-10661/ses-01/L2_task-trust_model-01_type-act_sm-5.gfeat/cope10.feat/stats/cope1.nii.gz	/ZPOOL/data/projects/rf1-betrayal/derivatives/fsl/sub-10661/ses-01/L2_task-trust_model-01_type-act_sm-5.gfeat/cope10.feat/stats/zstat1.nii.gz	/ZPOOL/data/projects/rf1-betrayal/derivatives/fsl/sub-10661/ses-01/L2_task-trust_model-01_type-act_sm-5.gfeat/cope10.feat/mask.nii.gz	L2	both	/ZPOOL/data/projects/rf1-betrayal/derivatives/fsl/sub-10661/ses-01/L2_task-ugr_model-3_type-act_sm-5.gfeat/cope11.feat/stats/cope1.nii.gz	/ZPOOL/data/projects/rf1-betrayal/derivatives/fsl/sub-10661/ses-01/L2_task-ugr_model-3_type-act_sm-5.gfeat/cope11.feat/stats/zstat1.nii.gz	/ZPOOL/data/projects/rf1-betrayal/derivatives/fsl/sub-10661/ses-01/L2_task-ugr_model-3_type-act_sm-5.gfeat/cope11.feat/mask.nii.gz
10663	L2	both	/ZPOOL/data/projects/rf1-betrayal/derivatives/fsl/sub-10663/ses-01/L2_task-trust_model-01_type-act_sm-5.gfeat/cope10.feat/stats/cope1.nii.gz	/ZPOOL/data/projects/rf1-betrayal/derivatives/fsl/sub-10663/ses-01/L2_task-trust_model-01_type-act_sm-5.gfeat/cope10.feat/stats/zstat1.nii.gz	/ZPOOL/data/projects/rf1-betrayal/derivatives/fsl/sub-10663/ses-01/L2_task-trust_model-01_type-act_sm-5.gfeat/cope10.feat/mask.nii.gz	L2	both	/ZPOOL/data/projects/rf1-betrayal/derivatives/fsl/sub-10663/ses-01/L2_task-ugr_model-3_type-act_sm-5.gfeat/cope11.feat/stats/cope1.nii.gz	/ZPOOL/data/projects/rf1-betrayal/derivatives/fsl/sub-10663/ses-01/L2_task-ugr_model-3_type-act_sm-5.gfeat/cope11.feat/stats/zstat1.nii.gz	/ZPOOL/data/projects/rf1-betrayal/derivatives/fsl/sub-10663/ses-01/L2_task-ugr_model-3_type-act_sm-5.gfeat/cope11.feat/mask.nii.gz
10668	L1	1	/ZPOOL/data/projects/rf1-betrayal/derivatives/fsl/sub-10668/ses-01/L1_task-trust_model-01_type-act_run-1_sm-5.feat/stats/cope10.nii.gz	/ZPOOL/data/projects/rf1-betrayal/derivatives/fsl/sub-10668/ses-01/L1_task-trust_model-01_type-act_run-1_sm-5.feat/stats/zstat10.nii.gz	/ZPOOL/data/projects/rf1-betrayal/derivatives/fsl/sub-10668/ses-01/L1_task-trust_model-01_type-act_run-1_sm-5.feat/mask.nii.gz	L1	1	/ZPOOL/data/projects/rf1-betrayal/derivatives/fsl/sub-10668/ses-01/L1_task-ugr_model-3_type-act_run-1_sm-5.feat/stats/cope11.nii.gz	/ZPOOL/data/projects/rf1-betrayal/derivatives/fsl/sub-10668/ses-01/L1_task-ugr_model-3_type-act_run-1_sm-5.feat/stats/zstat11.nii.gz	/ZPOOL/data/projects/rf1-betrayal/derivatives/fsl/sub-10668/ses-01/L1_task-ugr_model-3_type-act_run-1_sm-5.feat/mask.nii.gz
10673	L2	both	/ZPOOL/data/projects/rf1-betrayal/derivatives/fsl/sub-10673/ses-01/L2_task-trust_model-01_type-act_sm-5.gfeat/cope10.feat/stats/cope1.nii.gz	/ZPOOL/data/projects/rf1-betrayal/derivatives/fsl/sub-10673/ses-01/L2_task-trust_model-01_type-act_sm-5.gfeat/cope10.feat/stats/zstat1.nii.gz	/ZPOOL/data/projects/rf1-betrayal/derivatives/fsl/sub-10673/ses-01/L2_task-trust_model-01_type-act_sm-5.gfeat/cope10.feat/mask.nii.gz	L2	both	/ZPOOL/data/projects/rf1-betrayal/derivatives/fsl/sub-10673/ses-01/L2_task-ugr_model-3_type-act_sm-5.gfeat/cope11.feat/stats/cope1.nii.gz	/ZPOOL/data/projects/rf1-betrayal/derivatives/fsl/sub-10673/ses-01/L2_task-ugr_model-3_type-act_sm-5.gfeat/cope11.feat/stats/zstat1.nii.gz	/ZPOOL/data/projects/rf1-betrayal/derivatives/fsl/sub-10673/ses-01/L2_task-ugr_model-3_type-act_sm-5.gfeat/cope11.feat/mask.nii.gz
10674	L2	both	/ZPOOL/data/projects/rf1-betrayal/derivatives/fsl/sub-10674/ses-01/L2_task-trust_model-01_type-act_sm-5.gfeat/cope10.feat/stats/cope1.nii.gz	/ZPOOL/data/projects/rf1-betrayal/derivatives/fsl/sub-10674/ses-01/L2_task-trust_model-01_type-act_sm-5.gfeat/cope10.feat/stats/zstat1.nii.gz	/ZPOOL/data/projects/rf1-betrayal/derivatives/fsl/sub-10674/ses-01/L2_task-trust_model-01_type-act_sm-5.gfeat/cope10.feat/mask.nii.gz	L2	both	/ZPOOL/data/projects/rf1-betrayal/derivatives/fsl/sub-10674/ses-01/L2_task-ugr_model-3_type-act_sm-5.gfeat/cope11.feat/stats/cope1.nii.gz	/ZPOOL/data/projects/rf1-betrayal/derivatives/fsl/sub-10674/ses-01/L2_task-ugr_model-3_type-act_sm-5.gfeat/cope11.feat/stats/zstat1.nii.gz	/ZPOOL/data/projects/rf1-betrayal/derivatives/fsl/sub-10674/ses-01/L2_task-ugr_model-3_type-act_sm-5.gfeat/cope11.feat/mask.nii.gz
10677	L2	both	/ZPOOL/data/projects/rf1-betrayal/derivatives/fsl/sub-10677/ses-01/L2_task-trust_model-01_type-act_sm-5.gfeat/cope10.feat/stats/cope1.nii.gz	/ZPOOL/data/projects/rf1-betrayal/derivatives/fsl/sub-10677/ses-01/L2_task-trust_model-01_type-act_sm-5.gfeat/cope10.feat/stats/zstat1.nii.gz	/ZPOOL/data/projects/rf1-betrayal/derivatives/fsl/sub-10677/ses-01/L2_task-trust_model-01_type-act_sm-5.gfeat/cope10.feat/mask.nii.gz	L2	both	/ZPOOL/data/projects/rf1-betrayal/derivatives/fsl/sub-10677/ses-01/L2_task-ugr_model-3_type-act_sm-5.gfeat/cope11.feat/stats/cope1.nii.gz	/ZPOOL/data/projects/rf1-betrayal/derivatives/fsl/sub-10677/ses-01/L2_task-ugr_model-3_type-act_sm-5.gfeat/cope11.feat/stats/zstat1.nii.gz	/ZPOOL/data/projects/rf1-betrayal/derivatives/fsl/sub-10677/ses-01/L2_task-ugr_model-3_type-act_sm-5.gfeat/cope11.feat/mask.nii.gz
10685	L2	both	/ZPOOL/data/projects/rf1-betrayal/derivatives/fsl/sub-10685/ses-01/L2_task-trust_model-01_type-act_sm-5.gfeat/cope10.feat/stats/cope1.nii.gz	/ZPOOL/data/projects/rf1-betrayal/derivatives/fsl/sub-10685/ses-01/L2_task-trust_model-01_type-act_sm-5.gfeat/cope10.feat/stats/zstat1.nii.gz	/ZPOOL/data/projects/rf1-betrayal/derivatives/fsl/sub-10685/ses-01/L2_task-trust_model-01_type-act_sm-5.gfeat/cope10.feat/mask.nii.gz	L2	both	/ZPOOL/data/projects/rf1-betrayal/derivatives/fsl/sub-10685/ses-01/L2_task-ugr_model-3_type-act_sm-5.gfeat/cope11.feat/stats/cope1.nii.gz	/ZPOOL/data/projects/rf1-betrayal/derivatives/fsl/sub-10685/ses-01/L2_task-ugr_model-3_type-act_sm-5.gfeat/cope11.feat/stats/zstat1.nii.gz	/ZPOOL/data/projects/rf1-betrayal/derivatives/fsl/sub-10685/ses-01/L2_task-ugr_model-3_type-act_sm-5.gfeat/cope11.feat/mask.nii.gz
10700	L2	both	/ZPOOL/data/projects/rf1-betrayal/derivatives/fsl/sub-10700/ses-01/L2_task-trust_model-01_type-act_sm-5.gfeat/cope10.feat/stats/cope1.nii.gz	/ZPOOL/data/projects/rf1-betrayal/derivatives/fsl/sub-10700/ses-01/L2_task-trust_model-01_type-act_sm-5.gfeat/cope10.feat/stats/zstat1.nii.gz	/ZPOOL/data/projects/rf1-betrayal/derivatives/fsl/sub-10700/ses-01/L2_task-trust_model-01_type-act_sm-5.gfeat/cope10.feat/mask.nii.gz	L2	both	/ZPOOL/data/projects/rf1-betrayal/derivatives/fsl/sub-10700/ses-01/L2_task-ugr_model-3_type-act_sm-5.gfeat/cope11.feat/stats/cope1.nii.gz	/ZPOOL/data/projects/rf1-betrayal/derivatives/fsl/sub-10700/ses-01/L2_task-ugr_model-3_type-act_sm-5.gfeat/cope11.feat/stats/zstat1.nii.gz	/ZPOOL/data/projects/rf1-betrayal/derivatives/fsl/sub-10700/ses-01/L2_task-ugr_model-3_type-act_sm-5.gfeat/cope11.feat/mask.nii.gz
10701	L2	both	/ZPOOL/data/projects/rf1-betrayal/derivatives/fsl/sub-10701/ses-01/L2_task-trust_model-01_type-act_sm-5.gfeat/cope10.feat/stats/cope1.nii.gz	/ZPOOL/data/projects/rf1-betrayal/derivatives/fsl/sub-10701/ses-01/L2_task-trust_model-01_type-act_sm-5.gfeat/cope10.feat/stats/zstat1.nii.gz	/ZPOOL/data/projects/rf1-betrayal/derivatives/fsl/sub-10701/ses-01/L2_task-trust_model-01_type-act_sm-5.gfeat/cope10.feat/mask.nii.gz	L2	both	/ZPOOL/data/projects/rf1-betrayal/derivatives/fsl/sub-10701/ses-01/L2_task-ugr_model-3_type-act_sm-5.gfeat/cope11.feat/stats/cope1.nii.gz	/ZPOOL/data/projects/rf1-betrayal/derivatives/fsl/sub-10701/ses-01/L2_task-ugr_model-3_type-act_sm-5.gfeat/cope11.feat/stats/zstat1.nii.gz	/ZPOOL/data/projects/rf1-betrayal/derivatives/fsl/sub-10701/ses-01/L2_task-ugr_model-3_type-act_sm-5.gfeat/cope11.feat/mask.nii.gz
10718	L2	both	/ZPOOL/data/projects/rf1-betrayal/derivatives/fsl/sub-10718/ses-01/L2_task-trust_model-01_type-act_sm-5.gfeat/cope10.feat/stats/cope1.nii.gz	/ZPOOL/data/projects/rf1-betrayal/derivatives/fsl/sub-10718/ses-01/L2_task-trust_model-01_type-act_sm-5.gfeat/cope10.feat/stats/zstat1.nii.gz	/ZPOOL/data/projects/rf1-betrayal/derivatives/fsl/sub-10718/ses-01/L2_task-trust_model-01_type-act_sm-5.gfeat/cope10.feat/mask.nii.gz	L2	both	/ZPOOL/data/projects/rf1-betrayal/derivatives/fsl/sub-10718/ses-01/L2_task-ugr_model-3_type-act_sm-5.gfeat/cope11.feat/stats/cope1.nii.gz	/ZPOOL/data/projects/rf1-betrayal/derivatives/fsl/sub-10718/ses-01/L2_task-ugr_model-3_type-act_sm-5.gfeat/cope11.feat/stats/zstat1.nii.gz	/ZPOOL/data/projects/rf1-betrayal/derivatives/fsl/sub-10718/ses-01/L2_task-ugr_model-3_type-act_sm-5.gfeat/cope11.feat/mask.nii.gz
10720	L2	both	/ZPOOL/data/projects/rf1-betrayal/derivatives/fsl/sub-10720/ses-01/L2_task-trust_model-01_type-act_sm-5.gfeat/cope10.feat/stats/cope1.nii.gz	/ZPOOL/data/projects/rf1-betrayal/derivatives/fsl/sub-10720/ses-01/L2_task-trust_model-01_type-act_sm-5.gfeat/cope10.feat/stats/zstat1.nii.gz	/ZPOOL/data/projects/rf1-betrayal/derivatives/fsl/sub-10720/ses-01/L2_task-trust_model-01_type-act_sm-5.gfeat/cope10.feat/mask.nii.gz	L2	both	/ZPOOL/data/projects/rf1-betrayal/derivatives/fsl/sub-10720/ses-01/L2_task-ugr_model-3_type-act_sm-5.gfeat/cope11.feat/stats/cope1.nii.gz	/ZPOOL/data/projects/rf1-betrayal/derivatives/fsl/sub-10720/ses-01/L2_task-ugr_model-3_type-act_sm-5.gfeat/cope11.feat/stats/zstat1.nii.gz	/ZPOOL/data/projects/rf1-betrayal/derivatives/fsl/sub-10720/ses-01/L2_task-ugr_model-3_type-act_sm-5.gfeat/cope11.feat/mask.nii.gz
10723	L2	both	/ZPOOL/data/projects/rf1-betrayal/derivatives/fsl/sub-10723/ses-01/L2_task-trust_model-01_type-act_sm-5.gfeat/cope10.feat/stats/cope1.nii.gz	/ZPOOL/data/projects/rf1-betrayal/derivatives/fsl/sub-10723/ses-01/L2_task-trust_model-01_type-act_sm-5.gfeat/cope10.feat/stats/zstat1.nii.gz	/ZPOOL/data/projects/rf1-betrayal/derivatives/fsl/sub-10723/ses-01/L2_task-trust_model-01_type-act_sm-5.gfeat/cope10.feat/mask.nii.gz	L2	both	/ZPOOL/data/projects/rf1-betrayal/derivatives/fsl/sub-10723/ses-01/L2_task-ugr_model-3_type-act_sm-5.gfeat/cope11.feat/stats/cope1.nii.gz	/ZPOOL/data/projects/rf1-betrayal/derivatives/fsl/sub-10723/ses-01/L2_task-ugr_model-3_type-act_sm-5.gfeat/cope11.feat/stats/zstat1.nii.gz	/ZPOOL/data/projects/rf1-betrayal/derivatives/fsl/sub-10723/ses-01/L2_task-ugr_model-3_type-act_sm-5.gfeat/cope11.feat/mask.nii.gz
10741	L1	1	/ZPOOL/data/projects/rf1-betrayal/derivatives/fsl/sub-10741/ses-01/L1_task-trust_model-01_type-act_run-1_sm-5.feat/stats/cope10.nii.gz	/ZPOOL/data/projects/rf1-betrayal/derivatives/fsl/sub-10741/ses-01/L1_task-trust_model-01_type-act_run-1_sm-5.feat/stats/zstat10.nii.gz	/ZPOOL/data/projects/rf1-betrayal/derivatives/fsl/sub-10741/ses-01/L1_task-trust_model-01_type-act_run-1_sm-5.feat/mask.nii.gz	L2	both	/ZPOOL/data/projects/rf1-betrayal/derivatives/fsl/sub-10741/ses-01/L2_task-ugr_model-3_type-act_sm-5.gfeat/cope11.feat/stats/cope1.nii.gz	/ZPOOL/data/projects/rf1-betrayal/derivatives/fsl/sub-10741/ses-01/L2_task-ugr_model-3_type-act_sm-5.gfeat/cope11.feat/stats/zstat1.nii.gz	/ZPOOL/data/projects/rf1-betrayal/derivatives/fsl/sub-10741/ses-01/L2_task-ugr_model-3_type-act_sm-5.gfeat/cope11.feat/mask.nii.gz
10748	L2	both	/ZPOOL/data/projects/rf1-betrayal/derivatives/fsl/sub-10748/ses-01/L2_task-trust_model-01_type-act_sm-5.gfeat/cope10.feat/stats/cope1.nii.gz	/ZPOOL/data/projects/rf1-betrayal/derivatives/fsl/sub-10748/ses-01/L2_task-trust_model-01_type-act_sm-5.gfeat/cope10.feat/stats/zstat1.nii.gz	/ZPOOL/data/projects/rf1-betrayal/derivatives/fsl/sub-10748/ses-01/L2_task-trust_model-01_type-act_sm-5.gfeat/cope10.feat/mask.nii.gz	L2	both	/ZPOOL/data/projects/rf1-betrayal/derivatives/fsl/sub-10748/ses-01/L2_task-ugr_model-3_type-act_sm-5.gfeat/cope11.feat/stats/cope1.nii.gz	/ZPOOL/data/projects/rf1-betrayal/derivatives/fsl/sub-10748/ses-01/L2_task-ugr_model-3_type-act_sm-5.gfeat/cope11.feat/stats/zstat1.nii.gz	/ZPOOL/data/projects/rf1-betrayal/derivatives/fsl/sub-10748/ses-01/L2_task-ugr_model-3_type-act_sm-5.gfeat/cope11.feat/mask.nii.gz
10767	L2	both	/ZPOOL/data/projects/rf1-betrayal/derivatives/fsl/sub-10767/ses-01/L2_task-trust_model-01_type-act_sm-5.gfeat/cope10.feat/stats/cope1.nii.gz	/ZPOOL/data/projects/rf1-betrayal/derivatives/fsl/sub-10767/ses-01/L2_task-trust_model-01_type-act_sm-5.gfeat/cope10.feat/stats/zstat1.nii.gz	/ZPOOL/data/projects/rf1-betrayal/derivatives/fsl/sub-10767/ses-01/L2_task-trust_model-01_type-act_sm-5.gfeat/cope10.feat/mask.nii.gz	L2	both	/ZPOOL/data/projects/rf1-betrayal/derivatives/fsl/sub-10767/ses-01/L2_task-ugr_model-3_type-act_sm-5.gfeat/cope11.feat/stats/cope1.nii.gz	/ZPOOL/data/projects/rf1-betrayal/derivatives/fsl/sub-10767/ses-01/L2_task-ugr_model-3_type-act_sm-5.gfeat/cope11.feat/stats/zstat1.nii.gz	/ZPOOL/data/projects/rf1-betrayal/derivatives/fsl/sub-10767/ses-01/L2_task-ugr_model-3_type-act_sm-5.gfeat/cope11.feat/mask.nii.gz
10777	L1	1	/ZPOOL/data/projects/rf1-betrayal/derivatives/fsl/sub-10777/ses-01/L1_task-trust_model-01_type-act_run-1_sm-5.feat/stats/cope10.nii.gz	/ZPOOL/data/projects/rf1-betrayal/derivatives/fsl/sub-10777/ses-01/L1_task-trust_model-01_type-act_run-1_sm-5.feat/stats/zstat10.nii.gz	/ZPOOL/data/projects/rf1-betrayal/derivatives/fsl/sub-10777/ses-01/L1_task-trust_model-01_type-act_run-1_sm-5.feat/mask.nii.gz	L1	1	/ZPOOL/data/projects/rf1-betrayal/derivatives/fsl/sub-10777/ses-01/L1_task-ugr_model-3_type-act_run-1_sm-5.feat/stats/cope11.nii.gz	/ZPOOL/data/projects/rf1-betrayal/derivatives/fsl/sub-10777/ses-01/L1_task-ugr_model-3_type-act_run-1_sm-5.feat/stats/zstat11.nii.gz	/ZPOOL/data/projects/rf1-betrayal/derivatives/fsl/sub-10777/ses-01/L1_task-ugr_model-3_type-act_run-1_sm-5.feat/mask.nii.gz
10781	L2	both	/ZPOOL/data/projects/rf1-betrayal/derivatives/fsl/sub-10781/ses-01/L2_task-trust_model-01_type-act_sm-5.gfeat/cope10.feat/stats/cope1.nii.gz	/ZPOOL/data/projects/rf1-betrayal/derivatives/fsl/sub-10781/ses-01/L2_task-trust_model-01_type-act_sm-5.gfeat/cope10.feat/stats/zstat1.nii.gz	/ZPOOL/data/projects/rf1-betrayal/derivatives/fsl/sub-10781/ses-01/L2_task-trust_model-01_type-act_sm-5.gfeat/cope10.feat/mask.nii.gz	L2	both	/ZPOOL/data/projects/rf1-betrayal/derivatives/fsl/sub-10781/ses-01/L2_task-ugr_model-3_type-act_sm-5.gfeat/cope11.feat/stats/cope1.nii.gz	/ZPOOL/data/projects/rf1-betrayal/derivatives/fsl/sub-10781/ses-01/L2_task-ugr_model-3_type-act_sm-5.gfeat/cope11.feat/stats/zstat1.nii.gz	/ZPOOL/data/projects/rf1-betrayal/derivatives/fsl/sub-10781/ses-01/L2_task-ugr_model-3_type-act_sm-5.gfeat/cope11.feat/mask.nii.gz
10783	L2	both	/ZPOOL/data/projects/rf1-betrayal/derivatives/fsl/sub-10783/ses-01/L2_task-trust_model-01_type-act_sm-5.gfeat/cope10.feat/stats/cope1.nii.gz	/ZPOOL/data/projects/rf1-betrayal/derivatives/fsl/sub-10783/ses-01/L2_task-trust_model-01_type-act_sm-5.gfeat/cope10.feat/stats/zstat1.nii.gz	/ZPOOL/data/projects/rf1-betrayal/derivatives/fsl/sub-10783/ses-01/L2_task-trust_model-01_type-act_sm-5.gfeat/cope10.feat/mask.nii.gz	L2	both	/ZPOOL/data/projects/rf1-betrayal/derivatives/fsl/sub-10783/ses-01/L2_task-ugr_model-3_type-act_sm-5.gfeat/cope11.feat/stats/cope1.nii.gz	/ZPOOL/data/projects/rf1-betrayal/derivatives/fsl/sub-10783/ses-01/L2_task-ugr_model-3_type-act_sm-5.gfeat/cope11.feat/stats/zstat1.nii.gz	/ZPOOL/data/projects/rf1-betrayal/derivatives/fsl/sub-10783/ses-01/L2_task-ugr_model-3_type-act_sm-5.gfeat/cope11.feat/mask.nii.gz
10794	L2	both	/ZPOOL/data/projects/rf1-betrayal/derivatives/fsl/sub-10794/ses-01/L2_task-trust_model-01_type-act_sm-5.gfeat/cope10.feat/stats/cope1.nii.gz	/ZPOOL/data/projects/rf1-betrayal/derivatives/fsl/sub-10794/ses-01/L2_task-trust_model-01_type-act_sm-5.gfeat/cope10.feat/stats/zstat1.nii.gz	/ZPOOL/data/projects/rf1-betrayal/derivatives/fsl/sub-10794/ses-01/L2_task-trust_model-01_type-act_sm-5.gfeat/cope10.feat/mask.nii.gz	L2	both	/ZPOOL/data/projects/rf1-betrayal/derivatives/fsl/sub-10794/ses-01/L2_task-ugr_model-3_type-act_sm-5.gfeat/cope11.feat/stats/cope1.nii.gz	/ZPOOL/data/projects/rf1-betrayal/derivatives/fsl/sub-10794/ses-01/L2_task-ugr_model-3_type-act_sm-5.gfeat/cope11.feat/stats/zstat1.nii.gz	/ZPOOL/data/projects/rf1-betrayal/derivatives/fsl/sub-10794/ses-01/L2_task-ugr_model-3_type-act_sm-5.gfeat/cope11.feat/mask.nii.gz
10800	L2	both	/ZPOOL/data/projects/rf1-betrayal/derivatives/fsl/sub-10800/ses-01/L2_task-trust_model-01_type-act_sm-5.gfeat/cope10.feat/stats/cope1.nii.gz	/ZPOOL/data/projects/rf1-betrayal/derivatives/fsl/sub-10800/ses-01/L2_task-trust_model-01_type-act_sm-5.gfeat/cope10.feat/stats/zstat1.nii.gz	/ZPOOL/data/projects/rf1-betrayal/derivatives/fsl/sub-10800/ses-01/L2_task-trust_model-01_type-act_sm-5.gfeat/cope10.feat/mask.nii.gz	L2	both	/ZPOOL/data/projects/rf1-betrayal/derivatives/fsl/sub-10800/ses-01/L2_task-ugr_model-3_type-act_sm-5.gfeat/cope11.feat/stats/cope1.nii.gz	/ZPOOL/data/projects/rf1-betrayal/derivatives/fsl/sub-10800/ses-01/L2_task-ugr_model-3_type-act_sm-5.gfeat/cope11.feat/stats/zstat1.nii.gz	/ZPOOL/data/projects/rf1-betrayal/derivatives/fsl/sub-10800/ses-01/L2_task-ugr_model-3_type-act_sm-5.gfeat/cope11.feat/mask.nii.gz
10801	L2	both	/ZPOOL/data/projects/rf1-betrayal/derivatives/fsl/sub-10801/ses-01/L2_task-trust_model-01_type-act_sm-5.gfeat/cope10.feat/stats/cope1.nii.gz	/ZPOOL/data/projects/rf1-betrayal/derivatives/fsl/sub-10801/ses-01/L2_task-trust_model-01_type-act_sm-5.gfeat/cope10.feat/stats/zstat1.nii.gz	/ZPOOL/data/projects/rf1-betrayal/derivatives/fsl/sub-10801/ses-01/L2_task-trust_model-01_type-act_sm-5.gfeat/cope10.feat/mask.nii.gz	L2	both	/ZPOOL/data/projects/rf1-betrayal/derivatives/fsl/sub-10801/ses-01/L2_task-ugr_model-3_type-act_sm-5.gfeat/cope11.feat/stats/cope1.nii.gz	/ZPOOL/data/projects/rf1-betrayal/derivatives/fsl/sub-10801/ses-01/L2_task-ugr_model-3_type-act_sm-5.gfeat/cope11.feat/stats/zstat1.nii.gz	/ZPOOL/data/projects/rf1-betrayal/derivatives/fsl/sub-10801/ses-01/L2_task-ugr_model-3_type-act_sm-5.gfeat/cope11.feat/mask.nii.gz
10802	L2	both	/ZPOOL/data/projects/rf1-betrayal/derivatives/fsl/sub-10802/ses-01/L2_task-trust_model-01_type-act_sm-5.gfeat/cope10.feat/stats/cope1.nii.gz	/ZPOOL/data/projects/rf1-betrayal/derivatives/fsl/sub-10802/ses-01/L2_task-trust_model-01_type-act_sm-5.gfeat/cope10.feat/stats/zstat1.nii.gz	/ZPOOL/data/projects/rf1-betrayal/derivatives/fsl/sub-10802/ses-01/L2_task-trust_model-01_type-act_sm-5.gfeat/cope10.feat/mask.nii.gz	L2	both	/ZPOOL/data/projects/rf1-betrayal/derivatives/fsl/sub-10802/ses-01/L2_task-ugr_model-3_type-act_sm-5.gfeat/cope11.feat/stats/cope1.nii.gz	/ZPOOL/data/projects/rf1-betrayal/derivatives/fsl/sub-10802/ses-01/L2_task-ugr_model-3_type-act_sm-5.gfeat/cope11.feat/stats/zstat1.nii.gz	/ZPOOL/data/projects/rf1-betrayal/derivatives/fsl/sub-10802/ses-01/L2_task-ugr_model-3_type-act_sm-5.gfeat/cope11.feat/mask.nii.gz
10803	L1	1	/ZPOOL/data/projects/rf1-betrayal/derivatives/fsl/sub-10803/ses-01/L1_task-trust_model-01_type-act_run-1_sm-5.feat/stats/cope10.nii.gz	/ZPOOL/data/projects/rf1-betrayal/derivatives/fsl/sub-10803/ses-01/L1_task-trust_model-01_type-act_run-1_sm-5.feat/stats/zstat10.nii.gz	/ZPOOL/data/projects/rf1-betrayal/derivatives/fsl/sub-10803/ses-01/L1_task-trust_model-01_type-act_run-1_sm-5.feat/mask.nii.gz	L1	1	/ZPOOL/data/projects/rf1-betrayal/derivatives/fsl/sub-10803/ses-01/L1_task-ugr_model-3_type-act_run-1_sm-5.feat/stats/cope11.nii.gz	/ZPOOL/data/projects/rf1-betrayal/derivatives/fsl/sub-10803/ses-01/L1_task-ugr_model-3_type-act_run-1_sm-5.feat/stats/zstat11.nii.gz	/ZPOOL/data/projects/rf1-betrayal/derivatives/fsl/sub-10803/ses-01/L1_task-ugr_model-3_type-act_run-1_sm-5.feat/mask.nii.gz
10804	L2	both	/ZPOOL/data/projects/rf1-betrayal/derivatives/fsl/sub-10804/ses-01/L2_task-trust_model-01_type-act_sm-5.gfeat/cope10.feat/stats/cope1.nii.gz	/ZPOOL/data/projects/rf1-betrayal/derivatives/fsl/sub-10804/ses-01/L2_task-trust_model-01_type-act_sm-5.gfeat/cope10.feat/stats/zstat1.nii.gz	/ZPOOL/data/projects/rf1-betrayal/derivatives/fsl/sub-10804/ses-01/L2_task-trust_model-01_type-act_sm-5.gfeat/cope10.feat/mask.nii.gz	L2	both	/ZPOOL/data/projects/rf1-betrayal/derivatives/fsl/sub-10804/ses-01/L2_task-ugr_model-3_type-act_sm-5.gfeat/cope11.feat/stats/cope1.nii.gz	/ZPOOL/data/projects/rf1-betrayal/derivatives/fsl/sub-10804/ses-01/L2_task-ugr_model-3_type-act_sm-5.gfeat/cope11.feat/stats/zstat1.nii.gz	/ZPOOL/data/projects/rf1-betrayal/derivatives/fsl/sub-10804/ses-01/L2_task-ugr_model-3_type-act_sm-5.gfeat/cope11.feat/mask.nii.gz
10817	L2	both	/ZPOOL/data/projects/rf1-betrayal/derivatives/fsl/sub-10817/ses-01/L2_task-trust_model-01_type-act_sm-5.gfeat/cope10.feat/stats/cope1.nii.gz	/ZPOOL/data/projects/rf1-betrayal/derivatives/fsl/sub-10817/ses-01/L2_task-trust_model-01_type-act_sm-5.gfeat/cope10.feat/stats/zstat1.nii.gz	/ZPOOL/data/projects/rf1-betrayal/derivatives/fsl/sub-10817/ses-01/L2_task-trust_model-01_type-act_sm-5.gfeat/cope10.feat/mask.nii.gz	L1	1	/ZPOOL/data/projects/rf1-betrayal/derivatives/fsl/sub-10817/ses-01/L1_task-ugr_model-3_type-act_run-1_sm-5.feat/stats/cope11.nii.gz	/ZPOOL/data/projects/rf1-betrayal/derivatives/fsl/sub-10817/ses-01/L1_task-ugr_model-3_type-act_run-1_sm-5.feat/stats/zstat11.nii.gz	/ZPOOL/data/projects/rf1-betrayal/derivatives/fsl/sub-10817/ses-01/L1_task-ugr_model-3_type-act_run-1_sm-5.feat/mask.nii.gz
10831	L2	both	/ZPOOL/data/projects/rf1-betrayal/derivatives/fsl/sub-10831/ses-01/L2_task-trust_model-01_type-act_sm-5.gfeat/cope10.feat/stats/cope1.nii.gz	/ZPOOL/data/projects/rf1-betrayal/derivatives/fsl/sub-10831/ses-01/L2_task-trust_model-01_type-act_sm-5.gfeat/cope10.feat/stats/zstat1.nii.gz	/ZPOOL/data/projects/rf1-betrayal/derivatives/fsl/sub-10831/ses-01/L2_task-trust_model-01_type-act_sm-5.gfeat/cope10.feat/mask.nii.gz	L1	1	/ZPOOL/data/projects/rf1-betrayal/derivatives/fsl/sub-10831/ses-01/L1_task-ugr_model-3_type-act_run-1_sm-5.feat/stats/cope11.nii.gz	/ZPOOL/data/projects/rf1-betrayal/derivatives/fsl/sub-10831/ses-01/L1_task-ugr_model-3_type-act_run-1_sm-5.feat/stats/zstat11.nii.gz	/ZPOOL/data/projects/rf1-betrayal/derivatives/fsl/sub-10831/ses-01/L1_task-ugr_model-3_type-act_run-1_sm-5.feat/mask.nii.gz
10834	L2	both	/ZPOOL/data/projects/rf1-betrayal/derivatives/fsl/sub-10834/ses-01/L2_task-trust_model-01_type-act_sm-5.gfeat/cope10.feat/stats/cope1.nii.gz	/ZPOOL/data/projects/rf1-betrayal/derivatives/fsl/sub-10834/ses-01/L2_task-trust_model-01_type-act_sm-5.gfeat/cope10.feat/stats/zstat1.nii.gz	/ZPOOL/data/projects/rf1-betrayal/derivatives/fsl/sub-10834/ses-01/L2_task-trust_model-01_type-act_sm-5.gfeat/cope10.feat/mask.nii.gz	L2	both	/ZPOOL/data/projects/rf1-betrayal/derivatives/fsl/sub-10834/ses-01/L2_task-ugr_model-3_type-act_sm-5.gfeat/cope11.feat/stats/cope1.nii.gz	/ZPOOL/data/projects/rf1-betrayal/derivatives/fsl/sub-10834/ses-01/L2_task-ugr_model-3_type-act_sm-5.gfeat/cope11.feat/stats/zstat1.nii.gz	/ZPOOL/data/projects/rf1-betrayal/derivatives/fsl/sub-10834/ses-01/L2_task-ugr_model-3_type-act_sm-5.gfeat/cope11.feat/mask.nii.gz
10838	L1	1	/ZPOOL/data/projects/rf1-betrayal/derivatives/fsl/sub-10838/ses-01/L1_task-trust_model-01_type-act_run-1_sm-5.feat/stats/cope10.nii.gz	/ZPOOL/data/projects/rf1-betrayal/derivatives/fsl/sub-10838/ses-01/L1_task-trust_model-01_type-act_run-1_sm-5.feat/stats/zstat10.nii.gz	/ZPOOL/data/projects/rf1-betrayal/derivatives/fsl/sub-10838/ses-01/L1_task-trust_model-01_type-act_run-1_sm-5.feat/mask.nii.gz	L2	both	/ZPOOL/data/projects/rf1-betrayal/derivatives/fsl/sub-10838/ses-01/L2_task-ugr_model-3_type-act_sm-5.gfeat/cope11.feat/stats/cope1.nii.gz	/ZPOOL/data/projects/rf1-betrayal/derivatives/fsl/sub-10838/ses-01/L2_task-ugr_model-3_type-act_sm-5.gfeat/cope11.feat/stats/zstat1.nii.gz	/ZPOOL/data/projects/rf1-betrayal/derivatives/fsl/sub-10838/ses-01/L2_task-ugr_model-3_type-act_sm-5.gfeat/cope11.feat/mask.nii.gz
10843	L2	both	/ZPOOL/data/projects/rf1-betrayal/derivatives/fsl/sub-10843/ses-01/L2_task-trust_model-01_type-act_sm-5.gfeat/cope10.feat/stats/cope1.nii.gz	/ZPOOL/data/projects/rf1-betrayal/derivatives/fsl/sub-10843/ses-01/L2_task-trust_model-01_type-act_sm-5.gfeat/cope10.feat/stats/zstat1.nii.gz	/ZPOOL/data/projects/rf1-betrayal/derivatives/fsl/sub-10843/ses-01/L2_task-trust_model-01_type-act_sm-5.gfeat/cope10.feat/mask.nii.gz	L2	both	/ZPOOL/data/projects/rf1-betrayal/derivatives/fsl/sub-10843/ses-01/L2_task-ugr_model-3_type-act_sm-5.gfeat/cope11.feat/stats/cope1.nii.gz	/ZPOOL/data/projects/rf1-betrayal/derivatives/fsl/sub-10843/ses-01/L2_task-ugr_model-3_type-act_sm-5.gfeat/cope11.feat/stats/zstat1.nii.gz	/ZPOOL/data/projects/rf1-betrayal/derivatives/fsl/sub-10843/ses-01/L2_task-ugr_model-3_type-act_sm-5.gfeat/cope11.feat/mask.nii.gz
10850	L2	both	/ZPOOL/data/projects/rf1-betrayal/derivatives/fsl/sub-10850/ses-01/L2_task-trust_model-01_type-act_sm-5.gfeat/cope10.feat/stats/cope1.nii.gz	/ZPOOL/data/projects/rf1-betrayal/derivatives/fsl/sub-10850/ses-01/L2_task-trust_model-01_type-act_sm-5.gfeat/cope10.feat/stats/zstat1.nii.gz	/ZPOOL/data/projects/rf1-betrayal/derivatives/fsl/sub-10850/ses-01/L2_task-trust_model-01_type-act_sm-5.gfeat/cope10.feat/mask.nii.gz	L2	both	/ZPOOL/data/projects/rf1-betrayal/derivatives/fsl/sub-10850/ses-01/L2_task-ugr_model-3_type-act_sm-5.gfeat/cope11.feat/stats/cope1.nii.gz	/ZPOOL/data/projects/rf1-betrayal/derivatives/fsl/sub-10850/ses-01/L2_task-ugr_model-3_type-act_sm-5.gfeat/cope11.feat/stats/zstat1.nii.gz	/ZPOOL/data/projects/rf1-betrayal/derivatives/fsl/sub-10850/ses-01/L2_task-ugr_model-3_type-act_sm-5.gfeat/cope11.feat/mask.nii.gz
10854	L2	both	/ZPOOL/data/projects/rf1-betrayal/derivatives/fsl/sub-10854/ses-01/L2_task-trust_model-01_type-act_sm-5.gfeat/cope10.feat/stats/cope1.nii.gz	/ZPOOL/data/projects/rf1-betrayal/derivatives/fsl/sub-10854/ses-01/L2_task-trust_model-01_type-act_sm-5.gfeat/cope10.feat/stats/zstat1.nii.gz	/ZPOOL/data/projects/rf1-betrayal/derivatives/fsl/sub-10854/ses-01/L2_task-trust_model-01_type-act_sm-5.gfeat/cope10.feat/mask.nii.gz	L2	both	/ZPOOL/data/projects/rf1-betrayal/derivatives/fsl/sub-10854/ses-01/L2_task-ugr_model-3_type-act_sm-5.gfeat/cope11.feat/stats/cope1.nii.gz	/ZPOOL/data/projects/rf1-betrayal/derivatives/fsl/sub-10854/ses-01/L2_task-ugr_model-3_type-act_sm-5.gfeat/cope11.feat/stats/zstat1.nii.gz	/ZPOOL/data/projects/rf1-betrayal/derivatives/fsl/sub-10854/ses-01/L2_task-ugr_model-3_type-act_sm-5.gfeat/cope11.feat/mask.nii.gz
10857	L1	1	/ZPOOL/data/projects/rf1-betrayal/derivatives/fsl/sub-10857/ses-01/L1_task-trust_model-01_type-act_run-1_sm-5.feat/stats/cope10.nii.gz	/ZPOOL/data/projects/rf1-betrayal/derivatives/fsl/sub-10857/ses-01/L1_task-trust_model-01_type-act_run-1_sm-5.feat/stats/zstat10.nii.gz	/ZPOOL/data/projects/rf1-betrayal/derivatives/fsl/sub-10857/ses-01/L1_task-trust_model-01_type-act_run-1_sm-5.feat/mask.nii.gz	L2	both	/ZPOOL/data/projects/rf1-betrayal/derivatives/fsl/sub-10857/ses-01/L2_task-ugr_model-3_type-act_sm-5.gfeat/cope11.feat/stats/cope1.nii.gz	/ZPOOL/data/projects/rf1-betrayal/derivatives/fsl/sub-10857/ses-01/L2_task-ugr_model-3_type-act_sm-5.gfeat/cope11.feat/stats/zstat1.nii.gz	/ZPOOL/data/projects/rf1-betrayal/derivatives/fsl/sub-10857/ses-01/L2_task-ugr_model-3_type-act_sm-5.gfeat/cope11.feat/mask.nii.gz
10860	L2	both	/ZPOOL/data/projects/rf1-betrayal/derivatives/fsl/sub-10860/ses-01/L2_task-trust_model-01_type-act_sm-5.gfeat/cope10.feat/stats/cope1.nii.gz	/ZPOOL/data/projects/rf1-betrayal/derivatives/fsl/sub-10860/ses-01/L2_task-trust_model-01_type-act_sm-5.gfeat/cope10.feat/stats/zstat1.nii.gz	/ZPOOL/data/projects/rf1-betrayal/derivatives/fsl/sub-10860/ses-01/L2_task-trust_model-01_type-act_sm-5.gfeat/cope10.feat/mask.nii.gz	L2	both	/ZPOOL/data/projects/rf1-betrayal/derivatives/fsl/sub-10860/ses-01/L2_task-ugr_model-3_type-act_sm-5.gfeat/cope11.feat/stats/cope1.nii.gz	/ZPOOL/data/projects/rf1-betrayal/derivatives/fsl/sub-10860/ses-01/L2_task-ugr_model-3_type-act_sm-5.gfeat/cope11.feat/stats/zstat1.nii.gz	/ZPOOL/data/projects/rf1-betrayal/derivatives/fsl/sub-10860/ses-01/L2_task-ugr_model-3_type-act_sm-5.gfeat/cope11.feat/mask.nii.gz
10863	L2	both	/ZPOOL/data/projects/rf1-betrayal/derivatives/fsl/sub-10863/ses-01/L2_task-trust_model-01_type-act_sm-5.gfeat/cope10.feat/stats/cope1.nii.gz	/ZPOOL/data/projects/rf1-betrayal/derivatives/fsl/sub-10863/ses-01/L2_task-trust_model-01_type-act_sm-5.gfeat/cope10.feat/stats/zstat1.nii.gz	/ZPOOL/data/projects/rf1-betrayal/derivatives/fsl/sub-10863/ses-01/L2_task-trust_model-01_type-act_sm-5.gfeat/cope10.feat/mask.nii.gz	L2	both	/ZPOOL/data/projects/rf1-betrayal/derivatives/fsl/sub-10863/ses-01/L2_task-ugr_model-3_type-act_sm-5.gfeat/cope11.feat/stats/cope1.nii.gz	/ZPOOL/data/projects/rf1-betrayal/derivatives/fsl/sub-10863/ses-01/L2_task-ugr_model-3_type-act_sm-5.gfeat/cope11.feat/stats/zstat1.nii.gz	/ZPOOL/data/projects/rf1-betrayal/derivatives/fsl/sub-10863/ses-01/L2_task-ugr_model-3_type-act_sm-5.gfeat/cope11.feat/mask.nii.gz
10875	L2	both	/ZPOOL/data/projects/rf1-betrayal/derivatives/fsl/sub-10875/ses-01/L2_task-trust_model-01_type-act_sm-5.gfeat/cope10.feat/stats/cope1.nii.gz	/ZPOOL/data/projects/rf1-betrayal/derivatives/fsl/sub-10875/ses-01/L2_task-trust_model-01_type-act_sm-5.gfeat/cope10.feat/stats/zstat1.nii.gz	/ZPOOL/data/projects/rf1-betrayal/derivatives/fsl/sub-10875/ses-01/L2_task-trust_model-01_type-act_sm-5.gfeat/cope10.feat/mask.nii.gz	L2	both	/ZPOOL/data/projects/rf1-betrayal/derivatives/fsl/sub-10875/ses-01/L2_task-ugr_model-3_type-act_sm-5.gfeat/cope11.feat/stats/cope1.nii.gz	/ZPOOL/data/projects/rf1-betrayal/derivatives/fsl/sub-10875/ses-01/L2_task-ugr_model-3_type-act_sm-5.gfeat/cope11.feat/stats/zstat1.nii.gz	/ZPOOL/data/projects/rf1-betrayal/derivatives/fsl/sub-10875/ses-01/L2_task-ugr_model-3_type-act_sm-5.gfeat/cope11.feat/mask.nii.gz
10887	L1	1	/ZPOOL/data/projects/rf1-betrayal/derivatives/fsl/sub-10887/ses-01/L1_task-trust_model-01_type-act_run-1_sm-5.feat/stats/cope10.nii.gz	/ZPOOL/data/projects/rf1-betrayal/derivatives/fsl/sub-10887/ses-01/L1_task-trust_model-01_type-act_run-1_sm-5.feat/stats/zstat10.nii.gz	/ZPOOL/data/projects/rf1-betrayal/derivatives/fsl/sub-10887/ses-01/L1_task-trust_model-01_type-act_run-1_sm-5.feat/mask.nii.gz	L2	both	/ZPOOL/data/projects/rf1-betrayal/derivatives/fsl/sub-10887/ses-01/L2_task-ugr_model-3_type-act_sm-5.gfeat/cope11.feat/stats/cope1.nii.gz	/ZPOOL/data/projects/rf1-betrayal/derivatives/fsl/sub-10887/ses-01/L2_task-ugr_model-3_type-act_sm-5.gfeat/cope11.feat/stats/zstat1.nii.gz	/ZPOOL/data/projects/rf1-betrayal/derivatives/fsl/sub-10887/ses-01/L2_task-ugr_model-3_type-act_sm-5.gfeat/cope11.feat/mask.nii.gz
10896	L2	both	/ZPOOL/data/projects/rf1-betrayal/derivatives/fsl/sub-10896/ses-01/L2_task-trust_model-01_type-act_sm-5.gfeat/cope10.feat/stats/cope1.nii.gz	/ZPOOL/data/projects/rf1-betrayal/derivatives/fsl/sub-10896/ses-01/L2_task-trust_model-01_type-act_sm-5.gfeat/cope10.feat/stats/zstat1.nii.gz	/ZPOOL/data/projects/rf1-betrayal/derivatives/fsl/sub-10896/ses-01/L2_task-trust_model-01_type-act_sm-5.gfeat/cope10.feat/mask.nii.gz	L2	both	/ZPOOL/data/projects/rf1-betrayal/derivatives/fsl/sub-10896/ses-01/L2_task-ugr_model-3_type-act_sm-5.gfeat/cope11.feat/stats/cope1.nii.gz	/ZPOOL/data/projects/rf1-betrayal/derivatives/fsl/sub-10896/ses-01/L2_task-ugr_model-3_type-act_sm-5.gfeat/cope11.feat/stats/zstat1.nii.gz	/ZPOOL/data/projects/rf1-betrayal/derivatives/fsl/sub-10896/ses-01/L2_task-ugr_model-3_type-act_sm-5.gfeat/cope11.feat/mask.nii.gz
10897	L1	1	/ZPOOL/data/projects/rf1-betrayal/derivatives/fsl/sub-10897/ses-01/L1_task-trust_model-01_type-act_run-1_sm-5.feat/stats/cope10.nii.gz	/ZPOOL/data/projects/rf1-betrayal/derivatives/fsl/sub-10897/ses-01/L1_task-trust_model-01_type-act_run-1_sm-5.feat/stats/zstat10.nii.gz	/ZPOOL/data/projects/rf1-betrayal/derivatives/fsl/sub-10897/ses-01/L1_task-trust_model-01_type-act_run-1_sm-5.feat/mask.nii.gz	L2	both	/ZPOOL/data/projects/rf1-betrayal/derivatives/fsl/sub-10897/ses-01/L2_task-ugr_model-3_type-act_sm-5.gfeat/cope11.feat/stats/cope1.nii.gz	/ZPOOL/data/projects/rf1-betrayal/derivatives/fsl/sub-10897/ses-01/L2_task-ugr_model-3_type-act_sm-5.gfeat/cope11.feat/stats/zstat1.nii.gz	/ZPOOL/data/projects/rf1-betrayal/derivatives/fsl/sub-10897/ses-01/L2_task-ugr_model-3_type-act_sm-5.gfeat/cope11.feat/mask.nii.gz
10908	L1	2	/ZPOOL/data/projects/rf1-betrayal/derivatives/fsl/sub-10908/ses-01/L1_task-trust_model-01_type-act_run-2_sm-5.feat/stats/cope10.nii.gz	/ZPOOL/data/projects/rf1-betrayal/derivatives/fsl/sub-10908/ses-01/L1_task-trust_model-01_type-act_run-2_sm-5.feat/stats/zstat10.nii.gz	/ZPOOL/data/projects/rf1-betrayal/derivatives/fsl/sub-10908/ses-01/L1_task-trust_model-01_type-act_run-2_sm-5.feat/mask.nii.gz	L2	both	/ZPOOL/data/projects/rf1-betrayal/derivatives/fsl/sub-10908/ses-01/L2_task-ugr_model-3_type-act_sm-5.gfeat/cope11.feat/stats/cope1.nii.gz	/ZPOOL/data/projects/rf1-betrayal/derivatives/fsl/sub-10908/ses-01/L2_task-ugr_model-3_type-act_sm-5.gfeat/cope11.feat/stats/zstat1.nii.gz	/ZPOOL/data/projects/rf1-betrayal/derivatives/fsl/sub-10908/ses-01/L2_task-ugr_model-3_type-act_sm-5.gfeat/cope11.feat/mask.nii.gz
10918	L2	both	/ZPOOL/data/projects/rf1-betrayal/derivatives/fsl/sub-10918/ses-01/L2_task-trust_model-01_type-act_sm-5.gfeat/cope10.feat/stats/cope1.nii.gz	/ZPOOL/data/projects/rf1-betrayal/derivatives/fsl/sub-10918/ses-01/L2_task-trust_model-01_type-act_sm-5.gfeat/cope10.feat/stats/zstat1.nii.gz	/ZPOOL/data/projects/rf1-betrayal/derivatives/fsl/sub-10918/ses-01/L2_task-trust_model-01_type-act_sm-5.gfeat/cope10.feat/mask.nii.gz	L2	both	/ZPOOL/data/projects/rf1-betrayal/derivatives/fsl/sub-10918/ses-01/L2_task-ugr_model-3_type-act_sm-5.gfeat/cope11.feat/stats/cope1.nii.gz	/ZPOOL/data/projects/rf1-betrayal/derivatives/fsl/sub-10918/ses-01/L2_task-ugr_model-3_type-act_sm-5.gfeat/cope11.feat/stats/zstat1.nii.gz	/ZPOOL/data/projects/rf1-betrayal/derivatives/fsl/sub-10918/ses-01/L2_task-ugr_model-3_type-act_sm-5.gfeat/cope11.feat/mask.nii.gz
10919	L2	both	/ZPOOL/data/projects/rf1-betrayal/derivatives/fsl/sub-10919/ses-01/L2_task-trust_model-01_type-act_sm-5.gfeat/cope10.feat/stats/cope1.nii.gz	/ZPOOL/data/projects/rf1-betrayal/derivatives/fsl/sub-10919/ses-01/L2_task-trust_model-01_type-act_sm-5.gfeat/cope10.feat/stats/zstat1.nii.gz	/ZPOOL/data/projects/rf1-betrayal/derivatives/fsl/sub-10919/ses-01/L2_task-trust_model-01_type-act_sm-5.gfeat/cope10.feat/mask.nii.gz	L2	both	/ZPOOL/data/projects/rf1-betrayal/derivatives/fsl/sub-10919/ses-01/L2_task-ugr_model-3_type-act_sm-5.gfeat/cope11.feat/stats/cope1.nii.gz	/ZPOOL/data/projects/rf1-betrayal/derivatives/fsl/sub-10919/ses-01/L2_task-ugr_model-3_type-act_sm-5.gfeat/cope11.feat/stats/zstat1.nii.gz	/ZPOOL/data/projects/rf1-betrayal/derivatives/fsl/sub-10919/ses-01/L2_task-ugr_model-3_type-act_sm-5.gfeat/cope11.feat/mask.nii.gz
10924	L2	both	/ZPOOL/data/projects/rf1-betrayal/derivatives/fsl/sub-10924/ses-01/L2_task-trust_model-01_type-act_sm-5.gfeat/cope10.feat/stats/cope1.nii.gz	/ZPOOL/data/projects/rf1-betrayal/derivatives/fsl/sub-10924/ses-01/L2_task-trust_model-01_type-act_sm-5.gfeat/cope10.feat/stats/zstat1.nii.gz	/ZPOOL/data/projects/rf1-betrayal/derivatives/fsl/sub-10924/ses-01/L2_task-trust_model-01_type-act_sm-5.gfeat/cope10.feat/mask.nii.gz	L2	both	/ZPOOL/data/projects/rf1-betrayal/derivatives/fsl/sub-10924/ses-01/L2_task-ugr_model-3_type-act_sm-5.gfeat/cope11.feat/stats/cope1.nii.gz	/ZPOOL/data/projects/rf1-betrayal/derivatives/fsl/sub-10924/ses-01/L2_task-ugr_model-3_type-act_sm-5.gfeat/cope11.feat/stats/zstat1.nii.gz	/ZPOOL/data/projects/rf1-betrayal/derivatives/fsl/sub-10924/ses-01/L2_task-ugr_model-3_type-act_sm-5.gfeat/cope11.feat/mask.nii.gz
10929	L1	1	/ZPOOL/data/projects/rf1-betrayal/derivatives/fsl/sub-10929/ses-01/L1_task-trust_model-01_type-act_run-1_sm-5.feat/stats/cope10.nii.gz	/ZPOOL/data/projects/rf1-betrayal/derivatives/fsl/sub-10929/ses-01/L1_task-trust_model-01_type-act_run-1_sm-5.feat/stats/zstat10.nii.gz	/ZPOOL/data/projects/rf1-betrayal/derivatives/fsl/sub-10929/ses-01/L1_task-trust_model-01_type-act_run-1_sm-5.feat/mask.nii.gz	L2	both	/ZPOOL/data/projects/rf1-betrayal/derivatives/fsl/sub-10929/ses-01/L2_task-ugr_model-3_type-act_sm-5.gfeat/cope11.feat/stats/cope1.nii.gz	/ZPOOL/data/projects/rf1-betrayal/derivatives/fsl/sub-10929/ses-01/L2_task-ugr_model-3_type-act_sm-5.gfeat/cope11.feat/stats/zstat1.nii.gz	/ZPOOL/data/projects/rf1-betrayal/derivatives/fsl/sub-10929/ses-01/L2_task-ugr_model-3_type-act_sm-5.gfeat/cope11.feat/mask.nii.gz
10930	L2	both	/ZPOOL/data/projects/rf1-betrayal/derivatives/fsl/sub-10930/ses-01/L2_task-trust_model-01_type-act_sm-5.gfeat/cope10.feat/stats/cope1.nii.gz	/ZPOOL/data/projects/rf1-betrayal/derivatives/fsl/sub-10930/ses-01/L2_task-trust_model-01_type-act_sm-5.gfeat/cope10.feat/stats/zstat1.nii.gz	/ZPOOL/data/projects/rf1-betrayal/derivatives/fsl/sub-10930/ses-01/L2_task-trust_model-01_type-act_sm-5.gfeat/cope10.feat/mask.nii.gz	L2	both	/ZPOOL/data/projects/rf1-betrayal/derivatives/fsl/sub-10930/ses-01/L2_task-ugr_model-3_type-act_sm-5.gfeat/cope11.feat/stats/cope1.nii.gz	/ZPOOL/data/projects/rf1-betrayal/derivatives/fsl/sub-10930/ses-01/L2_task-ugr_model-3_type-act_sm-5.gfeat/cope11.feat/stats/zstat1.nii.gz	/ZPOOL/data/projects/rf1-betrayal/derivatives/fsl/sub-10930/ses-01/L2_task-ugr_model-3_type-act_sm-5.gfeat/cope11.feat/mask.nii.gz
10950	L1	1	/ZPOOL/data/projects/rf1-betrayal/derivatives/fsl/sub-10950/ses-01/L1_task-trust_model-01_type-act_run-1_sm-5.feat/stats/cope10.nii.gz	/ZPOOL/data/projects/rf1-betrayal/derivatives/fsl/sub-10950/ses-01/L1_task-trust_model-01_type-act_run-1_sm-5.feat/stats/zstat10.nii.gz	/ZPOOL/data/projects/rf1-betrayal/derivatives/fsl/sub-10950/ses-01/L1_task-trust_model-01_type-act_run-1_sm-5.feat/mask.nii.gz	L2	both	/ZPOOL/data/projects/rf1-betrayal/derivatives/fsl/sub-10950/ses-01/L2_task-ugr_model-3_type-act_sm-5.gfeat/cope11.feat/stats/cope1.nii.gz	/ZPOOL/data/projects/rf1-betrayal/derivatives/fsl/sub-10950/ses-01/L2_task-ugr_model-3_type-act_sm-5.gfeat/cope11.feat/stats/zstat1.nii.gz	/ZPOOL/data/projects/rf1-betrayal/derivatives/fsl/sub-10950/ses-01/L2_task-ugr_model-3_type-act_sm-5.gfeat/cope11.feat/mask.nii.gz
10952	L1	1	/ZPOOL/data/projects/rf1-betrayal/derivatives/fsl/sub-10952/ses-01/L1_task-trust_model-01_type-act_run-1_sm-5.feat/stats/cope10.nii.gz	/ZPOOL/data/projects/rf1-betrayal/derivatives/fsl/sub-10952/ses-01/L1_task-trust_model-01_type-act_run-1_sm-5.feat/stats/zstat10.nii.gz	/ZPOOL/data/projects/rf1-betrayal/derivatives/fsl/sub-10952/ses-01/L1_task-trust_model-01_type-act_run-1_sm-5.feat/mask.nii.gz	L2	both	/ZPOOL/data/projects/rf1-betrayal/derivatives/fsl/sub-10952/ses-01/L2_task-ugr_model-3_type-act_sm-5.gfeat/cope11.feat/stats/cope1.nii.gz	/ZPOOL/data/projects/rf1-betrayal/derivatives/fsl/sub-10952/ses-01/L2_task-ugr_model-3_type-act_sm-5.gfeat/cope11.feat/stats/zstat1.nii.gz	/ZPOOL/data/projects/rf1-betrayal/derivatives/fsl/sub-10952/ses-01/L2_task-ugr_model-3_type-act_sm-5.gfeat/cope11.feat/mask.nii.gz
10956	L2	both	/ZPOOL/data/projects/rf1-betrayal/derivatives/fsl/sub-10956/ses-01/L2_task-trust_model-01_type-act_sm-5.gfeat/cope10.feat/stats/cope1.nii.gz	/ZPOOL/data/projects/rf1-betrayal/derivatives/fsl/sub-10956/ses-01/L2_task-trust_model-01_type-act_sm-5.gfeat/cope10.feat/stats/zstat1.nii.gz	/ZPOOL/data/projects/rf1-betrayal/derivatives/fsl/sub-10956/ses-01/L2_task-trust_model-01_type-act_sm-5.gfeat/cope10.feat/mask.nii.gz	L2	both	/ZPOOL/data/projects/rf1-betrayal/derivatives/fsl/sub-10956/ses-01/L2_task-ugr_model-3_type-act_sm-5.gfeat/cope11.feat/stats/cope1.nii.gz	/ZPOOL/data/projects/rf1-betrayal/derivatives/fsl/sub-10956/ses-01/L2_task-ugr_model-3_type-act_sm-5.gfeat/cope11.feat/stats/zstat1.nii.gz	/ZPOOL/data/projects/rf1-betrayal/derivatives/fsl/sub-10956/ses-01/L2_task-ugr_model-3_type-act_sm-5.gfeat/cope11.feat/mask.nii.gz
10958	L1	1	/ZPOOL/data/projects/rf1-betrayal/derivatives/fsl/sub-10958/ses-01/L1_task-trust_model-01_type-act_run-1_sm-5.feat/stats/cope10.nii.gz	/ZPOOL/data/projects/rf1-betrayal/derivatives/fsl/sub-10958/ses-01/L1_task-trust_model-01_type-act_run-1_sm-5.feat/stats/zstat10.nii.gz	/ZPOOL/data/projects/rf1-betrayal/derivatives/fsl/sub-10958/ses-01/L1_task-trust_model-01_type-act_run-1_sm-5.feat/mask.nii.gz	L2	both	/ZPOOL/data/projects/rf1-betrayal/derivatives/fsl/sub-10958/ses-01/L2_task-ugr_model-3_type-act_sm-5.gfeat/cope11.feat/stats/cope1.nii.gz	/ZPOOL/data/projects/rf1-betrayal/derivatives/fsl/sub-10958/ses-01/L2_task-ugr_model-3_type-act_sm-5.gfeat/cope11.feat/stats/zstat1.nii.gz	/ZPOOL/data/projects/rf1-betrayal/derivatives/fsl/sub-10958/ses-01/L2_task-ugr_model-3_type-act_sm-5.gfeat/cope11.feat/mask.nii.gz
10961	L2	both	/ZPOOL/data/projects/rf1-betrayal/derivatives/fsl/sub-10961/ses-01/L2_task-trust_model-01_type-act_sm-5.gfeat/cope10.feat/stats/cope1.nii.gz	/ZPOOL/data/projects/rf1-betrayal/derivatives/fsl/sub-10961/ses-01/L2_task-trust_model-01_type-act_sm-5.gfeat/cope10.feat/stats/zstat1.nii.gz	/ZPOOL/data/projects/rf1-betrayal/derivatives/fsl/sub-10961/ses-01/L2_task-trust_model-01_type-act_sm-5.gfeat/cope10.feat/mask.nii.gz	L2	both	/ZPOOL/data/projects/rf1-betrayal/derivatives/fsl/sub-10961/ses-01/L2_task-ugr_model-3_type-act_sm-5.gfeat/cope11.feat/stats/cope1.nii.gz	/ZPOOL/data/projects/rf1-betrayal/derivatives/fsl/sub-10961/ses-01/L2_task-ugr_model-3_type-act_sm-5.gfeat/cope11.feat/stats/zstat1.nii.gz	/ZPOOL/data/projects/rf1-betrayal/derivatives/fsl/sub-10961/ses-01/L2_task-ugr_model-3_type-act_sm-5.gfeat/cope11.feat/mask.nii.gz
10966	L2	both	/ZPOOL/data/projects/rf1-betrayal/derivatives/fsl/sub-10966/ses-01/L2_task-trust_model-01_type-act_sm-5.gfeat/cope10.feat/stats/cope1.nii.gz	/ZPOOL/data/projects/rf1-betrayal/derivatives/fsl/sub-10966/ses-01/L2_task-trust_model-01_type-act_sm-5.gfeat/cope10.feat/stats/zstat1.nii.gz	/ZPOOL/data/projects/rf1-betrayal/derivatives/fsl/sub-10966/ses-01/L2_task-trust_model-01_type-act_sm-5.gfeat/cope10.feat/mask.nii.gz	L2	both	/ZPOOL/data/projects/rf1-betrayal/derivatives/fsl/sub-10966/ses-01/L2_task-ugr_model-3_type-act_sm-5.gfeat/cope11.feat/stats/cope1.nii.gz	/ZPOOL/data/projects/rf1-betrayal/derivatives/fsl/sub-10966/ses-01/L2_task-ugr_model-3_type-act_sm-5.gfeat/cope11.feat/stats/zstat1.nii.gz	/ZPOOL/data/projects/rf1-betrayal/derivatives/fsl/sub-10966/ses-01/L2_task-ugr_model-3_type-act_sm-5.gfeat/cope11.feat/mask.nii.gz
10969	L2	both	/ZPOOL/data/projects/rf1-betrayal/derivatives/fsl/sub-10969/ses-01/L2_task-trust_model-01_type-act_sm-5.gfeat/cope10.feat/stats/cope1.nii.gz	/ZPOOL/data/projects/rf1-betrayal/derivatives/fsl/sub-10969/ses-01/L2_task-trust_model-01_type-act_sm-5.gfeat/cope10.feat/stats/zstat1.nii.gz	/ZPOOL/data/projects/rf1-betrayal/derivatives/fsl/sub-10969/ses-01/L2_task-trust_model-01_type-act_sm-5.gfeat/cope10.feat/mask.nii.gz	L2	both	/ZPOOL/data/projects/rf1-betrayal/derivatives/fsl/sub-10969/ses-01/L2_task-ugr_model-3_type-act_sm-5.gfeat/cope11.feat/stats/cope1.nii.gz	/ZPOOL/data/projects/rf1-betrayal/derivatives/fsl/sub-10969/ses-01/L2_task-ugr_model-3_type-act_sm-5.gfeat/cope11.feat/stats/zstat1.nii.gz	/ZPOOL/data/projects/rf1-betrayal/derivatives/fsl/sub-10969/ses-01/L2_task-ugr_model-3_type-act_sm-5.gfeat/cope11.feat/mask.nii.gz
10977	L1	1	/ZPOOL/data/projects/rf1-betrayal/derivatives/fsl/sub-10977/ses-01/L1_task-trust_model-01_type-act_run-1_sm-5.feat/stats/cope10.nii.gz	/ZPOOL/data/projects/rf1-betrayal/derivatives/fsl/sub-10977/ses-01/L1_task-trust_model-01_type-act_run-1_sm-5.feat/stats/zstat10.nii.gz	/ZPOOL/data/projects/rf1-betrayal/derivatives/fsl/sub-10977/ses-01/L1_task-trust_model-01_type-act_run-1_sm-5.feat/mask.nii.gz	L2	both	/ZPOOL/data/projects/rf1-betrayal/derivatives/fsl/sub-10977/ses-01/L2_task-ugr_model-3_type-act_sm-5.gfeat/cope11.feat/stats/cope1.nii.gz	/ZPOOL/data/projects/rf1-betrayal/derivatives/fsl/sub-10977/ses-01/L2_task-ugr_model-3_type-act_sm-5.gfeat/cope11.feat/stats/zstat1.nii.gz	/ZPOOL/data/projects/rf1-betrayal/derivatives/fsl/sub-10977/ses-01/L2_task-ugr_model-3_type-act_sm-5.gfeat/cope11.feat/mask.nii.gz
10983	L1	1	/ZPOOL/data/projects/rf1-betrayal/derivatives/fsl/sub-10983/ses-01/L1_task-trust_model-01_type-act_run-1_sm-5.feat/stats/cope10.nii.gz	/ZPOOL/data/projects/rf1-betrayal/derivatives/fsl/sub-10983/ses-01/L1_task-trust_model-01_type-act_run-1_sm-5.feat/stats/zstat10.nii.gz	/ZPOOL/data/projects/rf1-betrayal/derivatives/fsl/sub-10983/ses-01/L1_task-trust_model-01_type-act_run-1_sm-5.feat/mask.nii.gz	L2	both	/ZPOOL/data/projects/rf1-betrayal/derivatives/fsl/sub-10983/ses-01/L2_task-ugr_model-3_type-act_sm-5.gfeat/cope11.feat/stats/cope1.nii.gz	/ZPOOL/data/projects/rf1-betrayal/derivatives/fsl/sub-10983/ses-01/L2_task-ugr_model-3_type-act_sm-5.gfeat/cope11.feat/stats/zstat1.nii.gz	/ZPOOL/data/projects/rf1-betrayal/derivatives/fsl/sub-10983/ses-01/L2_task-ugr_model-3_type-act_sm-5.gfeat/cope11.feat/mask.nii.gz
10984	L2	both	/ZPOOL/data/projects/rf1-betrayal/derivatives/fsl/sub-10984/ses-01/L2_task-trust_model-01_type-act_sm-5.gfeat/cope10.feat/stats/cope1.nii.gz	/ZPOOL/data/projects/rf1-betrayal/derivatives/fsl/sub-10984/ses-01/L2_task-trust_model-01_type-act_sm-5.gfeat/cope10.feat/stats/zstat1.nii.gz	/ZPOOL/data/projects/rf1-betrayal/derivatives/fsl/sub-10984/ses-01/L2_task-trust_model-01_type-act_sm-5.gfeat/cope10.feat/mask.nii.gz	L2	both	/ZPOOL/data/projects/rf1-betrayal/derivatives/fsl/sub-10984/ses-01/L2_task-ugr_model-3_type-act_sm-5.gfeat/cope11.feat/stats/cope1.nii.gz	/ZPOOL/data/projects/rf1-betrayal/derivatives/fsl/sub-10984/ses-01/L2_task-ugr_model-3_type-act_sm-5.gfeat/cope11.feat/stats/zstat1.nii.gz	/ZPOOL/data/projects/rf1-betrayal/derivatives/fsl/sub-10984/ses-01/L2_task-ugr_model-3_type-act_sm-5.gfeat/cope11.feat/mask.nii.gz
10998	L2	both	/ZPOOL/data/projects/rf1-betrayal/derivatives/fsl/sub-10998/ses-01/L2_task-trust_model-01_type-act_sm-5.gfeat/cope10.feat/stats/cope1.nii.gz	/ZPOOL/data/projects/rf1-betrayal/derivatives/fsl/sub-10998/ses-01/L2_task-trust_model-01_type-act_sm-5.gfeat/cope10.feat/stats/zstat1.nii.gz	/ZPOOL/data/projects/rf1-betrayal/derivatives/fsl/sub-10998/ses-01/L2_task-trust_model-01_type-act_sm-5.gfeat/cope10.feat/mask.nii.gz	L2	both	/ZPOOL/data/projects/rf1-betrayal/derivatives/fsl/sub-10998/ses-01/L2_task-ugr_model-3_type-act_sm-5.gfeat/cope11.feat/stats/cope1.nii.gz	/ZPOOL/data/projects/rf1-betrayal/derivatives/fsl/sub-10998/ses-01/L2_task-ugr_model-3_type-act_sm-5.gfeat/cope11.feat/stats/zstat1.nii.gz	/ZPOOL/data/projects/rf1-betrayal/derivatives/fsl/sub-10998/ses-01/L2_task-ugr_model-3_type-act_sm-5.gfeat/cope11.feat/mask.nii.gz
11007	L2	both	/ZPOOL/data/projects/rf1-betrayal/derivatives/fsl/sub-11007/ses-01/L2_task-trust_model-01_type-act_sm-5.gfeat/cope10.feat/stats/cope1.nii.gz	/ZPOOL/data/projects/rf1-betrayal/derivatives/fsl/sub-11007/ses-01/L2_task-trust_model-01_type-act_sm-5.gfeat/cope10.feat/stats/zstat1.nii.gz	/ZPOOL/data/projects/rf1-betrayal/derivatives/fsl/sub-11007/ses-01/L2_task-trust_model-01_type-act_sm-5.gfeat/cope10.feat/mask.nii.gz	L2	both	/ZPOOL/data/projects/rf1-betrayal/derivatives/fsl/sub-11007/ses-01/L2_task-ugr_model-3_type-act_sm-5.gfeat/cope11.feat/stats/cope1.nii.gz	/ZPOOL/data/projects/rf1-betrayal/derivatives/fsl/sub-11007/ses-01/L2_task-ugr_model-3_type-act_sm-5.gfeat/cope11.feat/stats/zstat1.nii.gz	/ZPOOL/data/projects/rf1-betrayal/derivatives/fsl/sub-11007/ses-01/L2_task-ugr_model-3_type-act_sm-5.gfeat/cope11.feat/mask.nii.gz
11016	L2	both	/ZPOOL/data/projects/rf1-betrayal/derivatives/fsl/sub-11016/ses-01/L2_task-trust_model-01_type-act_sm-5.gfeat/cope10.feat/stats/cope1.nii.gz	/ZPOOL/data/projects/rf1-betrayal/derivatives/fsl/sub-11016/ses-01/L2_task-trust_model-01_type-act_sm-5.gfeat/cope10.feat/stats/zstat1.nii.gz	/ZPOOL/data/projects/rf1-betrayal/derivatives/fsl/sub-11016/ses-01/L2_task-trust_model-01_type-act_sm-5.gfeat/cope10.feat/mask.nii.gz	L2	both	/ZPOOL/data/projects/rf1-betrayal/derivatives/fsl/sub-11016/ses-01/L2_task-ugr_model-3_type-act_sm-5.gfeat/cope11.feat/stats/cope1.nii.gz	/ZPOOL/data/projects/rf1-betrayal/derivatives/fsl/sub-11016/ses-01/L2_task-ugr_model-3_type-act_sm-5.gfeat/cope11.feat/stats/zstat1.nii.gz	/ZPOOL/data/projects/rf1-betrayal/derivatives/fsl/sub-11016/ses-01/L2_task-ugr_model-3_type-act_sm-5.gfeat/cope11.feat/mask.nii.gz
11021	L2	both	/ZPOOL/data/projects/rf1-betrayal/derivatives/fsl/sub-11021/ses-01/L2_task-trust_model-01_type-act_sm-5.gfeat/cope10.feat/stats/cope1.nii.gz	/ZPOOL/data/projects/rf1-betrayal/derivatives/fsl/sub-11021/ses-01/L2_task-trust_model-01_type-act_sm-5.gfeat/cope10.feat/stats/zstat1.nii.gz	/ZPOOL/data/projects/rf1-betrayal/derivatives/fsl/sub-11021/ses-01/L2_task-trust_model-01_type-act_sm-5.gfeat/cope10.feat/mask.nii.gz	L2	both	/ZPOOL/data/projects/rf1-betrayal/derivatives/fsl/sub-11021/ses-01/L2_task-ugr_model-3_type-act_sm-5.gfeat/cope11.feat/stats/cope1.nii.gz	/ZPOOL/data/projects/rf1-betrayal/derivatives/fsl/sub-11021/ses-01/L2_task-ugr_model-3_type-act_sm-5.gfeat/cope11.feat/stats/zstat1.nii.gz	/ZPOOL/data/projects/rf1-betrayal/derivatives/fsl/sub-11021/ses-01/L2_task-ugr_model-3_type-act_sm-5.gfeat/cope11.feat/mask.nii.gz
11030	L2	both	/ZPOOL/data/projects/rf1-betrayal/derivatives/fsl/sub-11030/ses-01/L2_task-trust_model-01_type-act_sm-5.gfeat/cope10.feat/stats/cope1.nii.gz	/ZPOOL/data/projects/rf1-betrayal/derivatives/fsl/sub-11030/ses-01/L2_task-trust_model-01_type-act_sm-5.gfeat/cope10.feat/stats/zstat1.nii.gz	/ZPOOL/data/projects/rf1-betrayal/derivatives/fsl/sub-11030/ses-01/L2_task-trust_model-01_type-act_sm-5.gfeat/cope10.feat/mask.nii.gz	L2	both	/ZPOOL/data/projects/rf1-betrayal/derivatives/fsl/sub-11030/ses-01/L2_task-ugr_model-3_type-act_sm-5.gfeat/cope11.feat/stats/cope1.nii.gz	/ZPOOL/data/projects/rf1-betrayal/derivatives/fsl/sub-11030/ses-01/L2_task-ugr_model-3_type-act_sm-5.gfeat/cope11.feat/stats/zstat1.nii.gz	/ZPOOL/data/projects/rf1-betrayal/derivatives/fsl/sub-11030/ses-01/L2_task-ugr_model-3_type-act_sm-5.gfeat/cope11.feat/mask.nii.gz
11031	L2	both	/ZPOOL/data/projects/rf1-betrayal/derivatives/fsl/sub-11031/ses-01/L2_task-trust_model-01_type-act_sm-5.gfeat/cope10.feat/stats/cope1.nii.gz	/ZPOOL/data/projects/rf1-betrayal/derivatives/fsl/sub-11031/ses-01/L2_task-trust_model-01_type-act_sm-5.gfeat/cope10.feat/stats/zstat1.nii.gz	/ZPOOL/data/projects/rf1-betrayal/derivatives/fsl/sub-11031/ses-01/L2_task-trust_model-01_type-act_sm-5.gfeat/cope10.feat/mask.nii.gz	L2	both	/ZPOOL/data/projects/rf1-betrayal/derivatives/fsl/sub-11031/ses-01/L2_task-ugr_model-3_type-act_sm-5.gfeat/cope11.feat/stats/cope1.nii.gz	/ZPOOL/data/projects/rf1-betrayal/derivatives/fsl/sub-11031/ses-01/L2_task-ugr_model-3_type-act_sm-5.gfeat/cope11.feat/stats/zstat1.nii.gz	/ZPOOL/data/projects/rf1-betrayal/derivatives/fsl/sub-11031/ses-01/L2_task-ugr_model-3_type-act_sm-5.gfeat/cope11.feat/mask.nii.gz
11036	L2	both	/ZPOOL/data/projects/rf1-betrayal/derivatives/fsl/sub-11036/ses-01/L2_task-trust_model-01_type-act_sm-5.gfeat/cope10.feat/stats/cope1.nii.gz	/ZPOOL/data/projects/rf1-betrayal/derivatives/fsl/sub-11036/ses-01/L2_task-trust_model-01_type-act_sm-5.gfeat/cope10.feat/stats/zstat1.nii.gz	/ZPOOL/data/projects/rf1-betrayal/derivatives/fsl/sub-11036/ses-01/L2_task-trust_model-01_type-act_sm-5.gfeat/cope10.feat/mask.nii.gz	L2	both	/ZPOOL/data/projects/rf1-betrayal/derivatives/fsl/sub-11036/ses-01/L2_task-ugr_model-3_type-act_sm-5.gfeat/cope11.feat/stats/cope1.nii.gz	/ZPOOL/data/projects/rf1-betrayal/derivatives/fsl/sub-11036/ses-01/L2_task-ugr_model-3_type-act_sm-5.gfeat/cope11.feat/stats/zstat1.nii.gz	/ZPOOL/data/projects/rf1-betrayal/derivatives/fsl/sub-11036/ses-01/L2_task-ugr_model-3_type-act_sm-5.gfeat/cope11.feat/mask.nii.gz
11039	L2	both	/ZPOOL/data/projects/rf1-betrayal/derivatives/fsl/sub-11039/ses-01/L2_task-trust_model-01_type-act_sm-5.gfeat/cope10.feat/stats/cope1.nii.gz	/ZPOOL/data/projects/rf1-betrayal/derivatives/fsl/sub-11039/ses-01/L2_task-trust_model-01_type-act_sm-5.gfeat/cope10.feat/stats/zstat1.nii.gz	/ZPOOL/data/projects/rf1-betrayal/derivatives/fsl/sub-11039/ses-01/L2_task-trust_model-01_type-act_sm-5.gfeat/cope10.feat/mask.nii.gz	L2	both	/ZPOOL/data/projects/rf1-betrayal/derivatives/fsl/sub-11039/ses-01/L2_task-ugr_model-3_type-act_sm-5.gfeat/cope11.feat/stats/cope1.nii.gz	/ZPOOL/data/projects/rf1-betrayal/derivatives/fsl/sub-11039/ses-01/L2_task-ugr_model-3_type-act_sm-5.gfeat/cope11.feat/stats/zstat1.nii.gz	/ZPOOL/data/projects/rf1-betrayal/derivatives/fsl/sub-11039/ses-01/L2_task-ugr_model-3_type-act_sm-5.gfeat/cope11.feat/mask.nii.gz
11042	L2	both	/ZPOOL/data/projects/rf1-betrayal/derivatives/fsl/sub-11042/ses-01/L2_task-trust_model-01_type-act_sm-5.gfeat/cope10.feat/stats/cope1.nii.gz	/ZPOOL/data/projects/rf1-betrayal/derivatives/fsl/sub-11042/ses-01/L2_task-trust_model-01_type-act_sm-5.gfeat/cope10.feat/stats/zstat1.nii.gz	/ZPOOL/data/projects/rf1-betrayal/derivatives/fsl/sub-11042/ses-01/L2_task-trust_model-01_type-act_sm-5.gfeat/cope10.feat/mask.nii.gz	L2	both	/ZPOOL/data/projects/rf1-betrayal/derivatives/fsl/sub-11042/ses-01/L2_task-ugr_model-3_type-act_sm-5.gfeat/cope11.feat/stats/cope1.nii.gz	/ZPOOL/data/projects/rf1-betrayal/derivatives/fsl/sub-11042/ses-01/L2_task-ugr_model-3_type-act_sm-5.gfeat/cope11.feat/stats/zstat1.nii.gz	/ZPOOL/data/projects/rf1-betrayal/derivatives/fsl/sub-11042/ses-01/L2_task-ugr_model-3_type-act_sm-5.gfeat/cope11.feat/mask.nii.gz
11053	L2	both	/ZPOOL/data/projects/rf1-betrayal/derivatives/fsl/sub-11053/ses-01/L2_task-trust_model-01_type-act_sm-5.gfeat/cope10.feat/stats/cope1.nii.gz	/ZPOOL/data/projects/rf1-betrayal/derivatives/fsl/sub-11053/ses-01/L2_task-trust_model-01_type-act_sm-5.gfeat/cope10.feat/stats/zstat1.nii.gz	/ZPOOL/data/projects/rf1-betrayal/derivatives/fsl/sub-11053/ses-01/L2_task-trust_model-01_type-act_sm-5.gfeat/cope10.feat/mask.nii.gz	L2	both	/ZPOOL/data/projects/rf1-betrayal/derivatives/fsl/sub-11053/ses-01/L2_task-ugr_model-3_type-act_sm-5.gfeat/cope11.feat/stats/cope1.nii.gz	/ZPOOL/data/projects/rf1-betrayal/derivatives/fsl/sub-11053/ses-01/L2_task-ugr_model-3_type-act_sm-5.gfeat/cope11.feat/stats/zstat1.nii.gz	/ZPOOL/data/projects/rf1-betrayal/derivatives/fsl/sub-11053/ses-01/L2_task-ugr_model-3_type-act_sm-5.gfeat/cope11.feat/mask.nii.gz
11060	L2	both	/ZPOOL/data/projects/rf1-betrayal/derivatives/fsl/sub-11060/ses-01/L2_task-trust_model-01_type-act_sm-5.gfeat/cope10.feat/stats/cope1.nii.gz	/ZPOOL/data/projects/rf1-betrayal/derivatives/fsl/sub-11060/ses-01/L2_task-trust_model-01_type-act_sm-5.gfeat/cope10.feat/stats/zstat1.nii.gz	/ZPOOL/data/projects/rf1-betrayal/derivatives/fsl/sub-11060/ses-01/L2_task-trust_model-01_type-act_sm-5.gfeat/cope10.feat/mask.nii.gz	L2	both	/ZPOOL/data/projects/rf1-betrayal/derivatives/fsl/sub-11060/ses-01/L2_task-ugr_model-3_type-act_sm-5.gfeat/cope11.feat/stats/cope1.nii.gz	/ZPOOL/data/projects/rf1-betrayal/derivatives/fsl/sub-11060/ses-01/L2_task-ugr_model-3_type-act_sm-5.gfeat/cope11.feat/stats/zstat1.nii.gz	/ZPOOL/data/projects/rf1-betrayal/derivatives/fsl/sub-11060/ses-01/L2_task-ugr_model-3_type-act_sm-5.gfeat/cope11.feat/mask.nii.gz
11063	L2	both	/ZPOOL/data/projects/rf1-betrayal/derivatives/fsl/sub-11063/ses-01/L2_task-trust_model-01_type-act_sm-5.gfeat/cope10.feat/stats/cope1.nii.gz	/ZPOOL/data/projects/rf1-betrayal/derivatives/fsl/sub-11063/ses-01/L2_task-trust_model-01_type-act_sm-5.gfeat/cope10.feat/stats/zstat1.nii.gz	/ZPOOL/data/projects/rf1-betrayal/derivatives/fsl/sub-11063/ses-01/L2_task-trust_model-01_type-act_sm-5.gfeat/cope10.feat/mask.nii.gz	L2	both	/ZPOOL/data/projects/rf1-betrayal/derivatives/fsl/sub-11063/ses-01/L2_task-ugr_model-3_type-act_sm-5.gfeat/cope11.feat/stats/cope1.nii.gz	/ZPOOL/data/projects/rf1-betrayal/derivatives/fsl/sub-11063/ses-01/L2_task-ugr_model-3_type-act_sm-5.gfeat/cope11.feat/stats/zstat1.nii.gz	/ZPOOL/data/projects/rf1-betrayal/derivatives/fsl/sub-11063/ses-01/L2_task-ugr_model-3_type-act_sm-5.gfeat/cope11.feat/mask.nii.gz
11065	L2	both	/ZPOOL/data/projects/rf1-betrayal/derivatives/fsl/sub-11065/ses-01/L2_task-trust_model-01_type-act_sm-5.gfeat/cope10.feat/stats/cope1.nii.gz	/ZPOOL/data/projects/rf1-betrayal/derivatives/fsl/sub-11065/ses-01/L2_task-trust_model-01_type-act_sm-5.gfeat/cope10.feat/stats/zstat1.nii.gz	/ZPOOL/data/projects/rf1-betrayal/derivatives/fsl/sub-11065/ses-01/L2_task-trust_model-01_type-act_sm-5.gfeat/cope10.feat/mask.nii.gz	L2	both	/ZPOOL/data/projects/rf1-betrayal/derivatives/fsl/sub-11065/ses-01/L2_task-ugr_model-3_type-act_sm-5.gfeat/cope11.feat/stats/cope1.nii.gz	/ZPOOL/data/projects/rf1-betrayal/derivatives/fsl/sub-11065/ses-01/L2_task-ugr_model-3_type-act_sm-5.gfeat/cope11.feat/stats/zstat1.nii.gz	/ZPOOL/data/projects/rf1-betrayal/derivatives/fsl/sub-11065/ses-01/L2_task-ugr_model-3_type-act_sm-5.gfeat/cope11.feat/mask.nii.gz
11066	L2	both	/ZPOOL/data/projects/rf1-betrayal/derivatives/fsl/sub-11066/ses-01/L2_task-trust_model-01_type-act_sm-5.gfeat/cope10.feat/stats/cope1.nii.gz	/ZPOOL/data/projects/rf1-betrayal/derivatives/fsl/sub-11066/ses-01/L2_task-trust_model-01_type-act_sm-5.gfeat/cope10.feat/stats/zstat1.nii.gz	/ZPOOL/data/projects/rf1-betrayal/derivatives/fsl/sub-11066/ses-01/L2_task-trust_model-01_type-act_sm-5.gfeat/cope10.feat/mask.nii.gz	L2	both	/ZPOOL/data/projects/rf1-betrayal/derivatives/fsl/sub-11066/ses-01/L2_task-ugr_model-3_type-act_sm-5.gfeat/cope11.feat/stats/cope1.nii.gz	/ZPOOL/data/projects/rf1-betrayal/derivatives/fsl/sub-11066/ses-01/L2_task-ugr_model-3_type-act_sm-5.gfeat/cope11.feat/stats/zstat1.nii.gz	/ZPOOL/data/projects/rf1-betrayal/derivatives/fsl/sub-11066/ses-01/L2_task-ugr_model-3_type-act_sm-5.gfeat/cope11.feat/mask.nii.gz
11068	L2	both	/ZPOOL/data/projects/rf1-betrayal/derivatives/fsl/sub-11068/ses-01/L2_task-trust_model-01_type-act_sm-5.gfeat/cope10.feat/stats/cope1.nii.gz	/ZPOOL/data/projects/rf1-betrayal/derivatives/fsl/sub-11068/ses-01/L2_task-trust_model-01_type-act_sm-5.gfeat/cope10.feat/stats/zstat1.nii.gz	/ZPOOL/data/projects/rf1-betrayal/derivatives/fsl/sub-11068/ses-01/L2_task-trust_model-01_type-act_sm-5.gfeat/cope10.feat/mask.nii.gz	L2	both	/ZPOOL/data/projects/rf1-betrayal/derivatives/fsl/sub-11068/ses-01/L2_task-ugr_model-3_type-act_sm-5.gfeat/cope11.feat/stats/cope1.nii.gz	/ZPOOL/data/projects/rf1-betrayal/derivatives/fsl/sub-11068/ses-01/L2_task-ugr_model-3_type-act_sm-5.gfeat/cope11.feat/stats/zstat1.nii.gz	/ZPOOL/data/projects/rf1-betrayal/derivatives/fsl/sub-11068/ses-01/L2_task-ugr_model-3_type-act_sm-5.gfeat/cope11.feat/mask.nii.gz
11072	L2	both	/ZPOOL/data/projects/rf1-betrayal/derivatives/fsl/sub-11072/ses-01/L2_task-trust_model-01_type-act_sm-5.gfeat/cope10.feat/stats/cope1.nii.gz	/ZPOOL/data/projects/rf1-betrayal/derivatives/fsl/sub-11072/ses-01/L2_task-trust_model-01_type-act_sm-5.gfeat/cope10.feat/stats/zstat1.nii.gz	/ZPOOL/data/projects/rf1-betrayal/derivatives/fsl/sub-11072/ses-01/L2_task-trust_model-01_type-act_sm-5.gfeat/cope10.feat/mask.nii.gz	L2	both	/ZPOOL/data/projects/rf1-betrayal/derivatives/fsl/sub-11072/ses-01/L2_task-ugr_model-3_type-act_sm-5.gfeat/cope11.feat/stats/cope1.nii.gz	/ZPOOL/data/projects/rf1-betrayal/derivatives/fsl/sub-11072/ses-01/L2_task-ugr_model-3_type-act_sm-5.gfeat/cope11.feat/stats/zstat1.nii.gz	/ZPOOL/data/projects/rf1-betrayal/derivatives/fsl/sub-11072/ses-01/L2_task-ugr_model-3_type-act_sm-5.gfeat/cope11.feat/mask.nii.gz
11074	L2	both	/ZPOOL/data/projects/rf1-betrayal/derivatives/fsl/sub-11074/ses-01/L2_task-trust_model-01_type-act_sm-5.gfeat/cope10.feat/stats/cope1.nii.gz	/ZPOOL/data/projects/rf1-betrayal/derivatives/fsl/sub-11074/ses-01/L2_task-trust_model-01_type-act_sm-5.gfeat/cope10.feat/stats/zstat1.nii.gz	/ZPOOL/data/projects/rf1-betrayal/derivatives/fsl/sub-11074/ses-01/L2_task-trust_model-01_type-act_sm-5.gfeat/cope10.feat/mask.nii.gz	L2	both	/ZPOOL/data/projects/rf1-betrayal/derivatives/fsl/sub-11074/ses-01/L2_task-ugr_model-3_type-act_sm-5.gfeat/cope11.feat/stats/cope1.nii.gz	/ZPOOL/data/projects/rf1-betrayal/derivatives/fsl/sub-11074/ses-01/L2_task-ugr_model-3_type-act_sm-5.gfeat/cope11.feat/stats/zstat1.nii.gz	/ZPOOL/data/projects/rf1-betrayal/derivatives/fsl/sub-11074/ses-01/L2_task-ugr_model-3_type-act_sm-5.gfeat/cope11.feat/mask.nii.gz
11113	L2	both	/ZPOOL/data/projects/rf1-betrayal/derivatives/fsl/sub-11113/ses-01/L2_task-trust_model-01_type-act_sm-5.gfeat/cope10.feat/stats/cope1.nii.gz	/ZPOOL/data/projects/rf1-betrayal/derivatives/fsl/sub-11113/ses-01/L2_task-trust_model-01_type-act_sm-5.gfeat/cope10.feat/stats/zstat1.nii.gz	/ZPOOL/data/projects/rf1-betrayal/derivatives/fsl/sub-11113/ses-01/L2_task-trust_model-01_type-act_sm-5.gfeat/cope10.feat/mask.nii.gz	L2	both	/ZPOOL/data/projects/rf1-betrayal/derivatives/fsl/sub-11113/ses-01/L2_task-ugr_model-3_type-act_sm-5.gfeat/cope11.feat/stats/cope1.nii.gz	/ZPOOL/data/projects/rf1-betrayal/derivatives/fsl/sub-11113/ses-01/L2_task-ugr_model-3_type-act_sm-5.gfeat/cope11.feat/stats/zstat1.nii.gz	/ZPOOL/data/projects/rf1-betrayal/derivatives/fsl/sub-11113/ses-01/L2_task-ugr_model-3_type-act_sm-5.gfeat/cope11.feat/mask.nii.gz
11139	L2	both	/ZPOOL/data/projects/rf1-betrayal/derivatives/fsl/sub-11139/ses-01/L2_task-trust_model-01_type-act_sm-5.gfeat/cope10.feat/stats/cope1.nii.gz	/ZPOOL/data/projects/rf1-betrayal/derivatives/fsl/sub-11139/ses-01/L2_task-trust_model-01_type-act_sm-5.gfeat/cope10.feat/stats/zstat1.nii.gz	/ZPOOL/data/projects/rf1-betrayal/derivatives/fsl/sub-11139/ses-01/L2_task-trust_model-01_type-act_sm-5.gfeat/cope10.feat/mask.nii.gz	L2	both	/ZPOOL/data/projects/rf1-betrayal/derivatives/fsl/sub-11139/ses-01/L2_task-ugr_model-3_type-act_sm-5.gfeat/cope11.feat/stats/cope1.nii.gz	/ZPOOL/data/projects/rf1-betrayal/derivatives/fsl/sub-11139/ses-01/L2_task-ugr_model-3_type-act_sm-5.gfeat/cope11.feat/stats/zstat1.nii.gz	/ZPOOL/data/projects/rf1-betrayal/derivatives/fsl/sub-11139/ses-01/L2_task-ugr_model-3_type-act_sm-5.gfeat/cope11.feat/mask.nii.gz
11227	L2	both	/ZPOOL/data/projects/rf1-betrayal/derivatives/fsl/sub-11227/ses-01/L2_task-trust_model-01_type-act_sm-5.gfeat/cope10.feat/stats/cope1.nii.gz	/ZPOOL/data/projects/rf1-betrayal/derivatives/fsl/sub-11227/ses-01/L2_task-trust_model-01_type-act_sm-5.gfeat/cope10.feat/stats/zstat1.nii.gz	/ZPOOL/data/projects/rf1-betrayal/derivatives/fsl/sub-11227/ses-01/L2_task-trust_model-01_type-act_sm-5.gfeat/cope10.feat/mask.nii.gz	L2	both	/ZPOOL/data/projects/rf1-betrayal/derivatives/fsl/sub-11227/ses-01/L2_task-ugr_model-3_type-act_sm-5.gfeat/cope11.feat/stats/cope1.nii.gz	/ZPOOL/data/projects/rf1-betrayal/derivatives/fsl/sub-11227/ses-01/L2_task-ugr_model-3_type-act_sm-5.gfeat/cope11.feat/stats/zstat1.nii.gz	/ZPOOL/data/projects/rf1-betrayal/derivatives/fsl/sub-11227/ses-01/L2_task-ugr_model-3_type-act_sm-5.gfeat/cope11.feat/mask.nii.gz
11238	L2	both	/ZPOOL/data/projects/rf1-betrayal/derivatives/fsl/sub-11238/ses-01/L2_task-trust_model-01_type-act_sm-5.gfeat/cope10.feat/stats/cope1.nii.gz	/ZPOOL/data/projects/rf1-betrayal/derivatives/fsl/sub-11238/ses-01/L2_task-trust_model-01_type-act_sm-5.gfeat/cope10.feat/stats/zstat1.nii.gz	/ZPOOL/data/projects/rf1-betrayal/derivatives/fsl/sub-11238/ses-01/L2_task-trust_model-01_type-act_sm-5.gfeat/cope10.feat/mask.nii.gz	L2	both	/ZPOOL/data/projects/rf1-betrayal/derivatives/fsl/sub-11238/ses-01/L2_task-ugr_model-3_type-act_sm-5.gfeat/cope11.feat/stats/cope1.nii.gz	/ZPOOL/data/projects/rf1-betrayal/derivatives/fsl/sub-11238/ses-01/L2_task-ugr_model-3_type-act_sm-5.gfeat/cope11.feat/stats/zstat1.nii.gz	/ZPOOL/data/projects/rf1-betrayal/derivatives/fsl/sub-11238/ses-01/L2_task-ugr_model-3_type-act_sm-5.gfeat/cope11.feat/mask.nii.gz
11246	L2	both	/ZPOOL/data/projects/rf1-betrayal/derivatives/fsl/sub-11246/ses-01/L2_task-trust_model-01_type-act_sm-5.gfeat/cope10.feat/stats/cope1.nii.gz	/ZPOOL/data/projects/rf1-betrayal/derivatives/fsl/sub-11246/ses-01/L2_task-trust_model-01_type-act_sm-5.gfeat/cope10.feat/stats/zstat1.nii.gz	/ZPOOL/data/projects/rf1-betrayal/derivatives/fsl/sub-11246/ses-01/L2_task-trust_model-01_type-act_sm-5.gfeat/cope10.feat/mask.nii.gz	L2	both	/ZPOOL/data/projects/rf1-betrayal/derivatives/fsl/sub-11246/ses-01/L2_task-ugr_model-3_type-act_sm-5.gfeat/cope11.feat/stats/cope1.nii.gz	/ZPOOL/data/projects/rf1-betrayal/derivatives/fsl/sub-11246/ses-01/L2_task-ugr_model-3_type-act_sm-5.gfeat/cope11.feat/stats/zstat1.nii.gz	/ZPOOL/data/projects/rf1-betrayal/derivatives/fsl/sub-11246/ses-01/L2_task-ugr_model-3_type-act_sm-5.gfeat/cope11.feat/mask.nii.gz
11286	L1	1	/ZPOOL/data/projects/rf1-betrayal/derivatives/fsl/sub-11286/ses-01/L1_task-trust_model-01_type-act_run-1_sm-5.feat/stats/cope10.nii.gz	/ZPOOL/data/projects/rf1-betrayal/derivatives/fsl/sub-11286/ses-01/L1_task-trust_model-01_type-act_run-1_sm-5.feat/stats/zstat10.nii.gz	/ZPOOL/data/projects/rf1-betrayal/derivatives/fsl/sub-11286/ses-01/L1_task-trust_model-01_type-act_run-1_sm-5.feat/mask.nii.gz	L2	both	/ZPOOL/data/projects/rf1-betrayal/derivatives/fsl/sub-11286/ses-01/L2_task-ugr_model-3_type-act_sm-5.gfeat/cope11.feat/stats/cope1.nii.gz	/ZPOOL/data/projects/rf1-betrayal/derivatives/fsl/sub-11286/ses-01/L2_task-ugr_model-3_type-act_sm-5.gfeat/cope11.feat/stats/zstat1.nii.gz	/ZPOOL/data/projects/rf1-betrayal/derivatives/fsl/sub-11286/ses-01/L2_task-ugr_model-3_type-act_sm-5.gfeat/cope11.feat/mask.nii.gz
11301	L2	both	/ZPOOL/data/projects/rf1-betrayal/derivatives/fsl/sub-11301/ses-01/L2_task-trust_model-01_type-act_sm-5.gfeat/cope10.feat/stats/cope1.nii.gz	/ZPOOL/data/projects/rf1-betrayal/derivatives/fsl/sub-11301/ses-01/L2_task-trust_model-01_type-act_sm-5.gfeat/cope10.feat/stats/zstat1.nii.gz	/ZPOOL/data/projects/rf1-betrayal/derivatives/fsl/sub-11301/ses-01/L2_task-trust_model-01_type-act_sm-5.gfeat/cope10.feat/mask.nii.gz	L1	1	/ZPOOL/data/projects/rf1-betrayal/derivatives/fsl/sub-11301/ses-01/L1_task-ugr_model-3_type-act_run-1_sm-5.feat/stats/cope11.nii.gz	/ZPOOL/data/projects/rf1-betrayal/derivatives/fsl/sub-11301/ses-01/L1_task-ugr_model-3_type-act_run-1_sm-5.feat/stats/zstat11.nii.gz	/ZPOOL/data/projects/rf1-betrayal/derivatives/fsl/sub-11301/ses-01/L1_task-ugr_model-3_type-act_run-1_sm-5.feat/mask.nii.gz
11311	L2	both	/ZPOOL/data/projects/rf1-betrayal/derivatives/fsl/sub-11311/ses-01/L2_task-trust_model-01_type-act_sm-5.gfeat/cope10.feat/stats/cope1.nii.gz	/ZPOOL/data/projects/rf1-betrayal/derivatives/fsl/sub-11311/ses-01/L2_task-trust_model-01_type-act_sm-5.gfeat/cope10.feat/stats/zstat1.nii.gz	/ZPOOL/data/projects/rf1-betrayal/derivatives/fsl/sub-11311/ses-01/L2_task-trust_model-01_type-act_sm-5.gfeat/cope10.feat/mask.nii.gz	L2	both	/ZPOOL/data/projects/rf1-betrayal/derivatives/fsl/sub-11311/ses-01/L2_task-ugr_model-3_type-act_sm-5.gfeat/cope11.feat/stats/cope1.nii.gz	/ZPOOL/data/projects/rf1-betrayal/derivatives/fsl/sub-11311/ses-01/L2_task-ugr_model-3_type-act_sm-5.gfeat/cope11.feat/stats/zstat1.nii.gz	/ZPOOL/data/projects/rf1-betrayal/derivatives/fsl/sub-11311/ses-01/L2_task-ugr_model-3_type-act_sm-5.gfeat/cope11.feat/mask.nii.gz
11316	L2	both	/ZPOOL/data/projects/rf1-betrayal/derivatives/fsl/sub-11316/ses-01/L2_task-trust_model-01_type-act_sm-5.gfeat/cope10.feat/stats/cope1.nii.gz	/ZPOOL/data/projects/rf1-betrayal/derivatives/fsl/sub-11316/ses-01/L2_task-trust_model-01_type-act_sm-5.gfeat/cope10.feat/stats/zstat1.nii.gz	/ZPOOL/data/projects/rf1-betrayal/derivatives/fsl/sub-11316/ses-01/L2_task-trust_model-01_type-act_sm-5.gfeat/cope10.feat/mask.nii.gz	L1	1	/ZPOOL/data/projects/rf1-betrayal/derivatives/fsl/sub-11316/ses-01/L1_task-ugr_model-3_type-act_run-1_sm-5.feat/stats/cope11.nii.gz	/ZPOOL/data/projects/rf1-betrayal/derivatives/fsl/sub-11316/ses-01/L1_task-ugr_model-3_type-act_run-1_sm-5.feat/stats/zstat11.nii.gz	/ZPOOL/data/projects/rf1-betrayal/derivatives/fsl/sub-11316/ses-01/L1_task-ugr_model-3_type-act_run-1_sm-5.feat/mask.nii.gz
11318	L2	both	/ZPOOL/data/projects/rf1-betrayal/derivatives/fsl/sub-11318/ses-01/L2_task-trust_model-01_type-act_sm-5.gfeat/cope10.feat/stats/cope1.nii.gz	/ZPOOL/data/projects/rf1-betrayal/derivatives/fsl/sub-11318/ses-01/L2_task-trust_model-01_type-act_sm-5.gfeat/cope10.feat/stats/zstat1.nii.gz	/ZPOOL/data/projects/rf1-betrayal/derivatives/fsl/sub-11318/ses-01/L2_task-trust_model-01_type-act_sm-5.gfeat/cope10.feat/mask.nii.gz	L2	both	/ZPOOL/data/projects/rf1-betrayal/derivatives/fsl/sub-11318/ses-01/L2_task-ugr_model-3_type-act_sm-5.gfeat/cope11.feat/stats/cope1.nii.gz	/ZPOOL/data/projects/rf1-betrayal/derivatives/fsl/sub-11318/ses-01/L2_task-ugr_model-3_type-act_sm-5.gfeat/cope11.feat/stats/zstat1.nii.gz	/ZPOOL/data/projects/rf1-betrayal/derivatives/fsl/sub-11318/ses-01/L2_task-ugr_model-3_type-act_sm-5.gfeat/cope11.feat/mask.nii.gz
11321	L2	both	/ZPOOL/data/projects/rf1-betrayal/derivatives/fsl/sub-11321/ses-01/L2_task-trust_model-01_type-act_sm-5.gfeat/cope10.feat/stats/cope1.nii.gz	/ZPOOL/data/projects/rf1-betrayal/derivatives/fsl/sub-11321/ses-01/L2_task-trust_model-01_type-act_sm-5.gfeat/cope10.feat/stats/zstat1.nii.gz	/ZPOOL/data/projects/rf1-betrayal/derivatives/fsl/sub-11321/ses-01/L2_task-trust_model-01_type-act_sm-5.gfeat/cope10.feat/mask.nii.gz	L2	both	/ZPOOL/data/projects/rf1-betrayal/derivatives/fsl/sub-11321/ses-01/L2_task-ugr_model-3_type-act_sm-5.gfeat/cope11.feat/stats/cope1.nii.gz	/ZPOOL/data/projects/rf1-betrayal/derivatives/fsl/sub-11321/ses-01/L2_task-ugr_model-3_type-act_sm-5.gfeat/cope11.feat/stats/zstat1.nii.gz	/ZPOOL/data/projects/rf1-betrayal/derivatives/fsl/sub-11321/ses-01/L2_task-ugr_model-3_type-act_sm-5.gfeat/cope11.feat/mask.nii.gz
11325	L2	both	/ZPOOL/data/projects/rf1-betrayal/derivatives/fsl/sub-11325/ses-01/L2_task-trust_model-01_type-act_sm-5.gfeat/cope10.feat/stats/cope1.nii.gz	/ZPOOL/data/projects/rf1-betrayal/derivatives/fsl/sub-11325/ses-01/L2_task-trust_model-01_type-act_sm-5.gfeat/cope10.feat/stats/zstat1.nii.gz	/ZPOOL/data/projects/rf1-betrayal/derivatives/fsl/sub-11325/ses-01/L2_task-trust_model-01_type-act_sm-5.gfeat/cope10.feat/mask.nii.gz	L2	both	/ZPOOL/data/projects/rf1-betrayal/derivatives/fsl/sub-11325/ses-01/L2_task-ugr_model-3_type-act_sm-5.gfeat/cope11.feat/stats/cope1.nii.gz	/ZPOOL/data/projects/rf1-betrayal/derivatives/fsl/sub-11325/ses-01/L2_task-ugr_model-3_type-act_sm-5.gfeat/cope11.feat/stats/zstat1.nii.gz	/ZPOOL/data/projects/rf1-betrayal/derivatives/fsl/sub-11325/ses-01/L2_task-ugr_model-3_type-act_sm-5.gfeat/cope11.feat/mask.nii.gz
11326	L2	both	/ZPOOL/data/projects/rf1-betrayal/derivatives/fsl/sub-11326/ses-01/L2_task-trust_model-01_type-act_sm-5.gfeat/cope10.feat/stats/cope1.nii.gz	/ZPOOL/data/projects/rf1-betrayal/derivatives/fsl/sub-11326/ses-01/L2_task-trust_model-01_type-act_sm-5.gfeat/cope10.feat/stats/zstat1.nii.gz	/ZPOOL/data/projects/rf1-betrayal/derivatives/fsl/sub-11326/ses-01/L2_task-trust_model-01_type-act_sm-5.gfeat/cope10.feat/mask.nii.gz	L2	both	/ZPOOL/data/projects/rf1-betrayal/derivatives/fsl/sub-11326/ses-01/L2_task-ugr_model-3_type-act_sm-5.gfeat/cope11.feat/stats/cope1.nii.gz	/ZPOOL/data/projects/rf1-betrayal/derivatives/fsl/sub-11326/ses-01/L2_task-ugr_model-3_type-act_sm-5.gfeat/cope11.feat/stats/zstat1.nii.gz	/ZPOOL/data/projects/rf1-betrayal/derivatives/fsl/sub-11326/ses-01/L2_task-ugr_model-3_type-act_sm-5.gfeat/cope11.feat/mask.nii.gz
11329	L2	both	/ZPOOL/data/projects/rf1-betrayal/derivatives/fsl/sub-11329/ses-01/L2_task-trust_model-01_type-act_sm-5.gfeat/cope10.feat/stats/cope1.nii.gz	/ZPOOL/data/projects/rf1-betrayal/derivatives/fsl/sub-11329/ses-01/L2_task-trust_model-01_type-act_sm-5.gfeat/cope10.feat/stats/zstat1.nii.gz	/ZPOOL/data/projects/rf1-betrayal/derivatives/fsl/sub-11329/ses-01/L2_task-trust_model-01_type-act_sm-5.gfeat/cope10.feat/mask.nii.gz	L2	both	/ZPOOL/data/projects/rf1-betrayal/derivatives/fsl/sub-11329/ses-01/L2_task-ugr_model-3_type-act_sm-5.gfeat/cope11.feat/stats/cope1.nii.gz	/ZPOOL/data/projects/rf1-betrayal/derivatives/fsl/sub-11329/ses-01/L2_task-ugr_model-3_type-act_sm-5.gfeat/cope11.feat/stats/zstat1.nii.gz	/ZPOOL/data/projects/rf1-betrayal/derivatives/fsl/sub-11329/ses-01/L2_task-ugr_model-3_type-act_sm-5.gfeat/cope11.feat/mask.nii.gz
11330	L2	both	/ZPOOL/data/projects/rf1-betrayal/derivatives/fsl/sub-11330/ses-01/L2_task-trust_model-01_type-act_sm-5.gfeat/cope10.feat/stats/cope1.nii.gz	/ZPOOL/data/projects/rf1-betrayal/derivatives/fsl/sub-11330/ses-01/L2_task-trust_model-01_type-act_sm-5.gfeat/cope10.feat/stats/zstat1.nii.gz	/ZPOOL/data/projects/rf1-betrayal/derivatives/fsl/sub-11330/ses-01/L2_task-trust_model-01_type-act_sm-5.gfeat/cope10.feat/mask.nii.gz	L2	both	/ZPOOL/data/projects/rf1-betrayal/derivatives/fsl/sub-11330/ses-01/L2_task-ugr_model-3_type-act_sm-5.gfeat/cope11.feat/stats/cope1.nii.gz	/ZPOOL/data/projects/rf1-betrayal/derivatives/fsl/sub-11330/ses-01/L2_task-ugr_model-3_type-act_sm-5.gfeat/cope11.feat/stats/zstat1.nii.gz	/ZPOOL/data/projects/rf1-betrayal/derivatives/fsl/sub-11330/ses-01/L2_task-ugr_model-3_type-act_sm-5.gfeat/cope11.feat/mask.nii.gz
11337	L2	both	/ZPOOL/data/projects/rf1-betrayal/derivatives/fsl/sub-11337/ses-01/L2_task-trust_model-01_type-act_sm-5.gfeat/cope10.feat/stats/cope1.nii.gz	/ZPOOL/data/projects/rf1-betrayal/derivatives/fsl/sub-11337/ses-01/L2_task-trust_model-01_type-act_sm-5.gfeat/cope10.feat/stats/zstat1.nii.gz	/ZPOOL/data/projects/rf1-betrayal/derivatives/fsl/sub-11337/ses-01/L2_task-trust_model-01_type-act_sm-5.gfeat/cope10.feat/mask.nii.gz	L2	both	/ZPOOL/data/projects/rf1-betrayal/derivatives/fsl/sub-11337/ses-01/L2_task-ugr_model-3_type-act_sm-5.gfeat/cope11.feat/stats/cope1.nii.gz	/ZPOOL/data/projects/rf1-betrayal/derivatives/fsl/sub-11337/ses-01/L2_task-ugr_model-3_type-act_sm-5.gfeat/cope11.feat/stats/zstat1.nii.gz	/ZPOOL/data/projects/rf1-betrayal/derivatives/fsl/sub-11337/ses-01/L2_task-ugr_model-3_type-act_sm-5.gfeat/cope11.feat/mask.nii.gz
11338	L2	both	/ZPOOL/data/projects/rf1-betrayal/derivatives/fsl/sub-11338/ses-01/L2_task-trust_model-01_type-act_sm-5.gfeat/cope10.feat/stats/cope1.nii.gz	/ZPOOL/data/projects/rf1-betrayal/derivatives/fsl/sub-11338/ses-01/L2_task-trust_model-01_type-act_sm-5.gfeat/cope10.feat/stats/zstat1.nii.gz	/ZPOOL/data/projects/rf1-betrayal/derivatives/fsl/sub-11338/ses-01/L2_task-trust_model-01_type-act_sm-5.gfeat/cope10.feat/mask.nii.gz	L2	both	/ZPOOL/data/projects/rf1-betrayal/derivatives/fsl/sub-11338/ses-01/L2_task-ugr_model-3_type-act_sm-5.gfeat/cope11.feat/stats/cope1.nii.gz	/ZPOOL/data/projects/rf1-betrayal/derivatives/fsl/sub-11338/ses-01/L2_task-ugr_model-3_type-act_sm-5.gfeat/cope11.feat/stats/zstat1.nii.gz	/ZPOOL/data/projects/rf1-betrayal/derivatives/fsl/sub-11338/ses-01/L2_task-ugr_model-3_type-act_sm-5.gfeat/cope11.feat/mask.nii.gz
11345	L2	both	/ZPOOL/data/projects/rf1-betrayal/derivatives/fsl/sub-11345/ses-01/L2_task-trust_model-01_type-act_sm-5.gfeat/cope10.feat/stats/cope1.nii.gz	/ZPOOL/data/projects/rf1-betrayal/derivatives/fsl/sub-11345/ses-01/L2_task-trust_model-01_type-act_sm-5.gfeat/cope10.feat/stats/zstat1.nii.gz	/ZPOOL/data/projects/rf1-betrayal/derivatives/fsl/sub-11345/ses-01/L2_task-trust_model-01_type-act_sm-5.gfeat/cope10.feat/mask.nii.gz	L2	both	/ZPOOL/data/projects/rf1-betrayal/derivatives/fsl/sub-11345/ses-01/L2_task-ugr_model-3_type-act_sm-5.gfeat/cope11.feat/stats/cope1.nii.gz	/ZPOOL/data/projects/rf1-betrayal/derivatives/fsl/sub-11345/ses-01/L2_task-ugr_model-3_type-act_sm-5.gfeat/cope11.feat/stats/zstat1.nii.gz	/ZPOOL/data/projects/rf1-betrayal/derivatives/fsl/sub-11345/ses-01/L2_task-ugr_model-3_type-act_sm-5.gfeat/cope11.feat/mask.nii.gz
11348	L2	both	/ZPOOL/data/projects/rf1-betrayal/derivatives/fsl/sub-11348/ses-01/L2_task-trust_model-01_type-act_sm-5.gfeat/cope10.feat/stats/cope1.nii.gz	/ZPOOL/data/projects/rf1-betrayal/derivatives/fsl/sub-11348/ses-01/L2_task-trust_model-01_type-act_sm-5.gfeat/cope10.feat/stats/zstat1.nii.gz	/ZPOOL/data/projects/rf1-betrayal/derivatives/fsl/sub-11348/ses-01/L2_task-trust_model-01_type-act_sm-5.gfeat/cope10.feat/mask.nii.gz	L2	both	/ZPOOL/data/projects/rf1-betrayal/derivatives/fsl/sub-11348/ses-01/L2_task-ugr_model-3_type-act_sm-5.gfeat/cope11.feat/stats/cope1.nii.gz	/ZPOOL/data/projects/rf1-betrayal/derivatives/fsl/sub-11348/ses-01/L2_task-ugr_model-3_type-act_sm-5.gfeat/cope11.feat/stats/zstat1.nii.gz	/ZPOOL/data/projects/rf1-betrayal/derivatives/fsl/sub-11348/ses-01/L2_task-ugr_model-3_type-act_sm-5.gfeat/cope11.feat/mask.nii.gz
11358	L2	both	/ZPOOL/data/projects/rf1-betrayal/derivatives/fsl/sub-11358/ses-01/L2_task-trust_model-01_type-act_sm-5.gfeat/cope10.feat/stats/cope1.nii.gz	/ZPOOL/data/projects/rf1-betrayal/derivatives/fsl/sub-11358/ses-01/L2_task-trust_model-01_type-act_sm-5.gfeat/cope10.feat/stats/zstat1.nii.gz	/ZPOOL/data/projects/rf1-betrayal/derivatives/fsl/sub-11358/ses-01/L2_task-trust_model-01_type-act_sm-5.gfeat/cope10.feat/mask.nii.gz	L2	both	/ZPOOL/data/projects/rf1-betrayal/derivatives/fsl/sub-11358/ses-01/L2_task-ugr_model-3_type-act_sm-5.gfeat/cope11.feat/stats/cope1.nii.gz	/ZPOOL/data/projects/rf1-betrayal/derivatives/fsl/sub-11358/ses-01/L2_task-ugr_model-3_type-act_sm-5.gfeat/cope11.feat/stats/zstat1.nii.gz	/ZPOOL/data/projects/rf1-betrayal/derivatives/fsl/sub-11358/ses-01/L2_task-ugr_model-3_type-act_sm-5.gfeat/cope11.feat/mask.nii.gz
11364	L2	both	/ZPOOL/data/projects/rf1-betrayal/derivatives/fsl/sub-11364/ses-01/L2_task-trust_model-01_type-act_sm-5.gfeat/cope10.feat/stats/cope1.nii.gz	/ZPOOL/data/projects/rf1-betrayal/derivatives/fsl/sub-11364/ses-01/L2_task-trust_model-01_type-act_sm-5.gfeat/cope10.feat/stats/zstat1.nii.gz	/ZPOOL/data/projects/rf1-betrayal/derivatives/fsl/sub-11364/ses-01/L2_task-trust_model-01_type-act_sm-5.gfeat/cope10.feat/mask.nii.gz	L2	both	/ZPOOL/data/projects/rf1-betrayal/derivatives/fsl/sub-11364/ses-01/L2_task-ugr_model-3_type-act_sm-5.gfeat/cope11.feat/stats/cope1.nii.gz	/ZPOOL/data/projects/rf1-betrayal/derivatives/fsl/sub-11364/ses-01/L2_task-ugr_model-3_type-act_sm-5.gfeat/cope11.feat/stats/zstat1.nii.gz	/ZPOOL/data/projects/rf1-betrayal/derivatives/fsl/sub-11364/ses-01/L2_task-ugr_model-3_type-act_sm-5.gfeat/cope11.feat/mask.nii.gz
11387	L2	both	/ZPOOL/data/projects/rf1-betrayal/derivatives/fsl/sub-11387/ses-01/L2_task-trust_model-01_type-act_sm-5.gfeat/cope10.feat/stats/cope1.nii.gz	/ZPOOL/data/projects/rf1-betrayal/derivatives/fsl/sub-11387/ses-01/L2_task-trust_model-01_type-act_sm-5.gfeat/cope10.feat/stats/zstat1.nii.gz	/ZPOOL/data/projects/rf1-betrayal/derivatives/fsl/sub-11387/ses-01/L2_task-trust_model-01_type-act_sm-5.gfeat/cope10.feat/mask.nii.gz	L2	both	/ZPOOL/data/projects/rf1-betrayal/derivatives/fsl/sub-11387/ses-01/L2_task-ugr_model-3_type-act_sm-5.gfeat/cope11.feat/stats/cope1.nii.gz	/ZPOOL/data/projects/rf1-betrayal/derivatives/fsl/sub-11387/ses-01/L2_task-ugr_model-3_type-act_sm-5.gfeat/cope11.feat/stats/zstat1.nii.gz	/ZPOOL/data/projects/rf1-betrayal/derivatives/fsl/sub-11387/ses-01/L2_task-ugr_model-3_type-act_sm-5.gfeat/cope11.feat/mask.nii.gz
11426	L1	1	/ZPOOL/data/projects/rf1-betrayal/derivatives/fsl/sub-11426/ses-01/L1_task-trust_model-01_type-act_run-1_sm-5.feat/stats/cope10.nii.gz	/ZPOOL/data/projects/rf1-betrayal/derivatives/fsl/sub-11426/ses-01/L1_task-trust_model-01_type-act_run-1_sm-5.feat/stats/zstat10.nii.gz	/ZPOOL/data/projects/rf1-betrayal/derivatives/fsl/sub-11426/ses-01/L1_task-trust_model-01_type-act_run-1_sm-5.feat/mask.nii.gz	L1	1	/ZPOOL/data/projects/rf1-betrayal/derivatives/fsl/sub-11426/ses-01/L1_task-ugr_model-3_type-act_run-1_sm-5.feat/stats/cope11.nii.gz	/ZPOOL/data/projects/rf1-betrayal/derivatives/fsl/sub-11426/ses-01/L1_task-ugr_model-3_type-act_run-1_sm-5.feat/stats/zstat11.nii.gz	/ZPOOL/data/projects/rf1-betrayal/derivatives/fsl/sub-11426/ses-01/L1_task-ugr_model-3_type-act_run-1_sm-5.feat/mask.nii.gz
11430	L2	both	/ZPOOL/data/projects/rf1-betrayal/derivatives/fsl/sub-11430/ses-01/L2_task-trust_model-01_type-act_sm-5.gfeat/cope10.feat/stats/cope1.nii.gz	/ZPOOL/data/projects/rf1-betrayal/derivatives/fsl/sub-11430/ses-01/L2_task-trust_model-01_type-act_sm-5.gfeat/cope10.feat/stats/zstat1.nii.gz	/ZPOOL/data/projects/rf1-betrayal/derivatives/fsl/sub-11430/ses-01/L2_task-trust_model-01_type-act_sm-5.gfeat/cope10.feat/mask.nii.gz	L1	1	/ZPOOL/data/projects/rf1-betrayal/derivatives/fsl/sub-11430/ses-01/L1_task-ugr_model-3_type-act_run-1_sm-5.feat/stats/cope11.nii.gz	/ZPOOL/data/projects/rf1-betrayal/derivatives/fsl/sub-11430/ses-01/L1_task-ugr_model-3_type-act_run-1_sm-5.feat/stats/zstat11.nii.gz	/ZPOOL/data/projects/rf1-betrayal/derivatives/fsl/sub-11430/ses-01/L1_task-ugr_model-3_type-act_run-1_sm-5.feat/mask.nii.gz
11433	L2	both	/ZPOOL/data/projects/rf1-betrayal/derivatives/fsl/sub-11433/ses-01/L2_task-trust_model-01_type-act_sm-5.gfeat/cope10.feat/stats/cope1.nii.gz	/ZPOOL/data/projects/rf1-betrayal/derivatives/fsl/sub-11433/ses-01/L2_task-trust_model-01_type-act_sm-5.gfeat/cope10.feat/stats/zstat1.nii.gz	/ZPOOL/data/projects/rf1-betrayal/derivatives/fsl/sub-11433/ses-01/L2_task-trust_model-01_type-act_sm-5.gfeat/cope10.feat/mask.nii.gz	L2	both	/ZPOOL/data/projects/rf1-betrayal/derivatives/fsl/sub-11433/ses-01/L2_task-ugr_model-3_type-act_sm-5.gfeat/cope11.feat/stats/cope1.nii.gz	/ZPOOL/data/projects/rf1-betrayal/derivatives/fsl/sub-11433/ses-01/L2_task-ugr_model-3_type-act_sm-5.gfeat/cope11.feat/stats/zstat1.nii.gz	/ZPOOL/data/projects/rf1-betrayal/derivatives/fsl/sub-11433/ses-01/L2_task-ugr_model-3_type-act_sm-5.gfeat/cope11.feat/mask.nii.gz
11435	L2	both	/ZPOOL/data/projects/rf1-betrayal/derivatives/fsl/sub-11435/ses-01/L2_task-trust_model-01_type-act_sm-5.gfeat/cope10.feat/stats/cope1.nii.gz	/ZPOOL/data/projects/rf1-betrayal/derivatives/fsl/sub-11435/ses-01/L2_task-trust_model-01_type-act_sm-5.gfeat/cope10.feat/stats/zstat1.nii.gz	/ZPOOL/data/projects/rf1-betrayal/derivatives/fsl/sub-11435/ses-01/L2_task-trust_model-01_type-act_sm-5.gfeat/cope10.feat/mask.nii.gz	L2	both	/ZPOOL/data/projects/rf1-betrayal/derivatives/fsl/sub-11435/ses-01/L2_task-ugr_model-3_type-act_sm-5.gfeat/cope11.feat/stats/cope1.nii.gz	/ZPOOL/data/projects/rf1-betrayal/derivatives/fsl/sub-11435/ses-01/L2_task-ugr_model-3_type-act_sm-5.gfeat/cope11.feat/stats/zstat1.nii.gz	/ZPOOL/data/projects/rf1-betrayal/derivatives/fsl/sub-11435/ses-01/L2_task-ugr_model-3_type-act_sm-5.gfeat/cope11.feat/mask.nii.gz
11451	L2	both	/ZPOOL/data/projects/rf1-betrayal/derivatives/fsl/sub-11451/ses-01/L2_task-trust_model-01_type-act_sm-5.gfeat/cope10.feat/stats/cope1.nii.gz	/ZPOOL/data/projects/rf1-betrayal/derivatives/fsl/sub-11451/ses-01/L2_task-trust_model-01_type-act_sm-5.gfeat/cope10.feat/stats/zstat1.nii.gz	/ZPOOL/data/projects/rf1-betrayal/derivatives/fsl/sub-11451/ses-01/L2_task-trust_model-01_type-act_sm-5.gfeat/cope10.feat/mask.nii.gz	L2	both	/ZPOOL/data/projects/rf1-betrayal/derivatives/fsl/sub-11451/ses-01/L2_task-ugr_model-3_type-act_sm-5.gfeat/cope11.feat/stats/cope1.nii.gz	/ZPOOL/data/projects/rf1-betrayal/derivatives/fsl/sub-11451/ses-01/L2_task-ugr_model-3_type-act_sm-5.gfeat/cope11.feat/stats/zstat1.nii.gz	/ZPOOL/data/projects/rf1-betrayal/derivatives/fsl/sub-11451/ses-01/L2_task-ugr_model-3_type-act_sm-5.gfeat/cope11.feat/mask.nii.gz
11492	L2	both	/ZPOOL/data/projects/rf1-betrayal/derivatives/fsl/sub-11492/ses-01/L2_task-trust_model-01_type-act_sm-5.gfeat/cope10.feat/stats/cope1.nii.gz	/ZPOOL/data/projects/rf1-betrayal/derivatives/fsl/sub-11492/ses-01/L2_task-trust_model-01_type-act_sm-5.gfeat/cope10.feat/stats/zstat1.nii.gz	/ZPOOL/data/projects/rf1-betrayal/derivatives/fsl/sub-11492/ses-01/L2_task-trust_model-01_type-act_sm-5.gfeat/cope10.feat/mask.nii.gz	L2	both	/ZPOOL/data/projects/rf1-betrayal/derivatives/fsl/sub-11492/ses-01/L2_task-ugr_model-3_type-act_sm-5.gfeat/cope11.feat/stats/cope1.nii.gz	/ZPOOL/data/projects/rf1-betrayal/derivatives/fsl/sub-11492/ses-01/L2_task-ugr_model-3_type-act_sm-5.gfeat/cope11.feat/stats/zstat1.nii.gz	/ZPOOL/data/projects/rf1-betrayal/derivatives/fsl/sub-11492/ses-01/L2_task-ugr_model-3_type-act_sm-5.gfeat/cope11.feat/mask.nii.gz
11498	L1	1	/ZPOOL/data/projects/rf1-betrayal/derivatives/fsl/sub-11498/ses-01/L1_task-trust_model-01_type-act_run-1_sm-5.feat/stats/cope10.nii.gz	/ZPOOL/data/projects/rf1-betrayal/derivatives/fsl/sub-11498/ses-01/L1_task-trust_model-01_type-act_run-1_sm-5.feat/stats/zstat10.nii.gz	/ZPOOL/data/projects/rf1-betrayal/derivatives/fsl/sub-11498/ses-01/L1_task-trust_model-01_type-act_run-1_sm-5.feat/mask.nii.gz	L1	1	/ZPOOL/data/projects/rf1-betrayal/derivatives/fsl/sub-11498/ses-01/L1_task-ugr_model-3_type-act_run-1_sm-5.feat/stats/cope11.nii.gz	/ZPOOL/data/projects/rf1-betrayal/derivatives/fsl/sub-11498/ses-01/L1_task-ugr_model-3_type-act_run-1_sm-5.feat/stats/zstat11.nii.gz	/ZPOOL/data/projects/rf1-betrayal/derivatives/fsl/sub-11498/ses-01/L1_task-ugr_model-3_type-act_run-1_sm-5.feat/mask.nii.gz
11517	L2	both	/ZPOOL/data/projects/rf1-betrayal/derivatives/fsl/sub-11517/ses-01/L2_task-trust_model-01_type-act_sm-5.gfeat/cope10.feat/stats/cope1.nii.gz	/ZPOOL/data/projects/rf1-betrayal/derivatives/fsl/sub-11517/ses-01/L2_task-trust_model-01_type-act_sm-5.gfeat/cope10.feat/stats/zstat1.nii.gz	/ZPOOL/data/projects/rf1-betrayal/derivatives/fsl/sub-11517/ses-01/L2_task-trust_model-01_type-act_sm-5.gfeat/cope10.feat/mask.nii.gz	L2	both	/ZPOOL/data/projects/rf1-betrayal/derivatives/fsl/sub-11517/ses-01/L2_task-ugr_model-3_type-act_sm-5.gfeat/cope11.feat/stats/cope1.nii.gz	/ZPOOL/data/projects/rf1-betrayal/derivatives/fsl/sub-11517/ses-01/L2_task-ugr_model-3_type-act_sm-5.gfeat/cope11.feat/stats/zstat1.nii.gz	/ZPOOL/data/projects/rf1-betrayal/derivatives/fsl/sub-11517/ses-01/L2_task-ugr_model-3_type-act_sm-5.gfeat/cope11.feat/mask.nii.gz
11518	L2	both	/ZPOOL/data/projects/rf1-betrayal/derivatives/fsl/sub-11518/ses-01/L2_task-trust_model-01_type-act_sm-5.gfeat/cope10.feat/stats/cope1.nii.gz	/ZPOOL/data/projects/rf1-betrayal/derivatives/fsl/sub-11518/ses-01/L2_task-trust_model-01_type-act_sm-5.gfeat/cope10.feat/stats/zstat1.nii.gz	/ZPOOL/data/projects/rf1-betrayal/derivatives/fsl/sub-11518/ses-01/L2_task-trust_model-01_type-act_sm-5.gfeat/cope10.feat/mask.nii.gz	L2	both	/ZPOOL/data/projects/rf1-betrayal/derivatives/fsl/sub-11518/ses-01/L2_task-ugr_model-3_type-act_sm-5.gfeat/cope11.feat/stats/cope1.nii.gz	/ZPOOL/data/projects/rf1-betrayal/derivatives/fsl/sub-11518/ses-01/L2_task-ugr_model-3_type-act_sm-5.gfeat/cope11.feat/stats/zstat1.nii.gz	/ZPOOL/data/projects/rf1-betrayal/derivatives/fsl/sub-11518/ses-01/L2_task-ugr_model-3_type-act_sm-5.gfeat/cope11.feat/mask.nii.gz
11523	L2	both	/ZPOOL/data/projects/rf1-betrayal/derivatives/fsl/sub-11523/ses-01/L2_task-trust_model-01_type-act_sm-5.gfeat/cope10.feat/stats/cope1.nii.gz	/ZPOOL/data/projects/rf1-betrayal/derivatives/fsl/sub-11523/ses-01/L2_task-trust_model-01_type-act_sm-5.gfeat/cope10.feat/stats/zstat1.nii.gz	/ZPOOL/data/projects/rf1-betrayal/derivatives/fsl/sub-11523/ses-01/L2_task-trust_model-01_type-act_sm-5.gfeat/cope10.feat/mask.nii.gz	L2	both	/ZPOOL/data/projects/rf1-betrayal/derivatives/fsl/sub-11523/ses-01/L2_task-ugr_model-3_type-act_sm-5.gfeat/cope11.feat/stats/cope1.nii.gz	/ZPOOL/data/projects/rf1-betrayal/derivatives/fsl/sub-11523/ses-01/L2_task-ugr_model-3_type-act_sm-5.gfeat/cope11.feat/stats/zstat1.nii.gz	/ZPOOL/data/projects/rf1-betrayal/derivatives/fsl/sub-11523/ses-01/L2_task-ugr_model-3_type-act_sm-5.gfeat/cope11.feat/mask.nii.gz
11526	L2	both	/ZPOOL/data/projects/rf1-betrayal/derivatives/fsl/sub-11526/ses-01/L2_task-trust_model-01_type-act_sm-5.gfeat/cope10.feat/stats/cope1.nii.gz	/ZPOOL/data/projects/rf1-betrayal/derivatives/fsl/sub-11526/ses-01/L2_task-trust_model-01_type-act_sm-5.gfeat/cope10.feat/stats/zstat1.nii.gz	/ZPOOL/data/projects/rf1-betrayal/derivatives/fsl/sub-11526/ses-01/L2_task-trust_model-01_type-act_sm-5.gfeat/cope10.feat/mask.nii.gz	L2	both	/ZPOOL/data/projects/rf1-betrayal/derivatives/fsl/sub-11526/ses-01/L2_task-ugr_model-3_type-act_sm-5.gfeat/cope11.feat/stats/cope1.nii.gz	/ZPOOL/data/projects/rf1-betrayal/derivatives/fsl/sub-11526/ses-01/L2_task-ugr_model-3_type-act_sm-5.gfeat/cope11.feat/stats/zstat1.nii.gz	/ZPOOL/data/projects/rf1-betrayal/derivatives/fsl/sub-11526/ses-01/L2_task-ugr_model-3_type-act_sm-5.gfeat/cope11.feat/mask.nii.gz
11527	L2	both	/ZPOOL/data/projects/rf1-betrayal/derivatives/fsl/sub-11527/ses-01/L2_task-trust_model-01_type-act_sm-5.gfeat/cope10.feat/stats/cope1.nii.gz	/ZPOOL/data/projects/rf1-betrayal/derivatives/fsl/sub-11527/ses-01/L2_task-trust_model-01_type-act_sm-5.gfeat/cope10.feat/stats/zstat1.nii.gz	/ZPOOL/data/projects/rf1-betrayal/derivatives/fsl/sub-11527/ses-01/L2_task-trust_model-01_type-act_sm-5.gfeat/cope10.feat/mask.nii.gz	L2	both	/ZPOOL/data/projects/rf1-betrayal/derivatives/fsl/sub-11527/ses-01/L2_task-ugr_model-3_type-act_sm-5.gfeat/cope11.feat/stats/cope1.nii.gz	/ZPOOL/data/projects/rf1-betrayal/derivatives/fsl/sub-11527/ses-01/L2_task-ugr_model-3_type-act_sm-5.gfeat/cope11.feat/stats/zstat1.nii.gz	/ZPOOL/data/projects/rf1-betrayal/derivatives/fsl/sub-11527/ses-01/L2_task-ugr_model-3_type-act_sm-5.gfeat/cope11.feat/mask.nii.gz
11529	L1	1	/ZPOOL/data/projects/rf1-betrayal/derivatives/fsl/sub-11529/ses-01/L1_task-trust_model-01_type-act_run-1_sm-5.feat/stats/cope10.nii.gz	/ZPOOL/data/projects/rf1-betrayal/derivatives/fsl/sub-11529/ses-01/L1_task-trust_model-01_type-act_run-1_sm-5.feat/stats/zstat10.nii.gz	/ZPOOL/data/projects/rf1-betrayal/derivatives/fsl/sub-11529/ses-01/L1_task-trust_model-01_type-act_run-1_sm-5.feat/mask.nii.gz	L2	both	/ZPOOL/data/projects/rf1-betrayal/derivatives/fsl/sub-11529/ses-01/L2_task-ugr_model-3_type-act_sm-5.gfeat/cope11.feat/stats/cope1.nii.gz	/ZPOOL/data/projects/rf1-betrayal/derivatives/fsl/sub-11529/ses-01/L2_task-ugr_model-3_type-act_sm-5.gfeat/cope11.feat/stats/zstat1.nii.gz	/ZPOOL/data/projects/rf1-betrayal/derivatives/fsl/sub-11529/ses-01/L2_task-ugr_model-3_type-act_sm-5.gfeat/cope11.feat/mask.nii.gz
11530	L2	both	/ZPOOL/data/projects/rf1-betrayal/derivatives/fsl/sub-11530/ses-01/L2_task-trust_model-01_type-act_sm-5.gfeat/cope10.feat/stats/cope1.nii.gz	/ZPOOL/data/projects/rf1-betrayal/derivatives/fsl/sub-11530/ses-01/L2_task-trust_model-01_type-act_sm-5.gfeat/cope10.feat/stats/zstat1.nii.gz	/ZPOOL/data/projects/rf1-betrayal/derivatives/fsl/sub-11530/ses-01/L2_task-trust_model-01_type-act_sm-5.gfeat/cope10.feat/mask.nii.gz	L2	both	/ZPOOL/data/projects/rf1-betrayal/derivatives/fsl/sub-11530/ses-01/L2_task-ugr_model-3_type-act_sm-5.gfeat/cope11.feat/stats/cope1.nii.gz	/ZPOOL/data/projects/rf1-betrayal/derivatives/fsl/sub-11530/ses-01/L2_task-ugr_model-3_type-act_sm-5.gfeat/cope11.feat/stats/zstat1.nii.gz	/ZPOOL/data/projects/rf1-betrayal/derivatives/fsl/sub-11530/ses-01/L2_task-ugr_model-3_type-act_sm-5.gfeat/cope11.feat/mask.nii.gz
11532	L2	both	/ZPOOL/data/projects/rf1-betrayal/derivatives/fsl/sub-11532/ses-01/L2_task-trust_model-01_type-act_sm-5.gfeat/cope10.feat/stats/cope1.nii.gz	/ZPOOL/data/projects/rf1-betrayal/derivatives/fsl/sub-11532/ses-01/L2_task-trust_model-01_type-act_sm-5.gfeat/cope10.feat/stats/zstat1.nii.gz	/ZPOOL/data/projects/rf1-betrayal/derivatives/fsl/sub-11532/ses-01/L2_task-trust_model-01_type-act_sm-5.gfeat/cope10.feat/mask.nii.gz	L2	both	/ZPOOL/data/projects/rf1-betrayal/derivatives/fsl/sub-11532/ses-01/L2_task-ugr_model-3_type-act_sm-5.gfeat/cope11.feat/stats/cope1.nii.gz	/ZPOOL/data/projects/rf1-betrayal/derivatives/fsl/sub-11532/ses-01/L2_task-ugr_model-3_type-act_sm-5.gfeat/cope11.feat/stats/zstat1.nii.gz	/ZPOOL/data/projects/rf1-betrayal/derivatives/fsl/sub-11532/ses-01/L2_task-ugr_model-3_type-act_sm-5.gfeat/cope11.feat/mask.nii.gz
11533	L2	both	/ZPOOL/data/projects/rf1-betrayal/derivatives/fsl/sub-11533/ses-01/L2_task-trust_model-01_type-act_sm-5.gfeat/cope10.feat/stats/cope1.nii.gz	/ZPOOL/data/projects/rf1-betrayal/derivatives/fsl/sub-11533/ses-01/L2_task-trust_model-01_type-act_sm-5.gfeat/cope10.feat/stats/zstat1.nii.gz	/ZPOOL/data/projects/rf1-betrayal/derivatives/fsl/sub-11533/ses-01/L2_task-trust_model-01_type-act_sm-5.gfeat/cope10.feat/mask.nii.gz	L2	both	/ZPOOL/data/projects/rf1-betrayal/derivatives/fsl/sub-11533/ses-01/L2_task-ugr_model-3_type-act_sm-5.gfeat/cope11.feat/stats/cope1.nii.gz	/ZPOOL/data/projects/rf1-betrayal/derivatives/fsl/sub-11533/ses-01/L2_task-ugr_model-3_type-act_sm-5.gfeat/cope11.feat/stats/zstat1.nii.gz	/ZPOOL/data/projects/rf1-betrayal/derivatives/fsl/sub-11533/ses-01/L2_task-ugr_model-3_type-act_sm-5.gfeat/cope11.feat/mask.nii.gz
11534	L2	both	/ZPOOL/data/projects/rf1-betrayal/derivatives/fsl/sub-11534/ses-01/L2_task-trust_model-01_type-act_sm-5.gfeat/cope10.feat/stats/cope1.nii.gz	/ZPOOL/data/projects/rf1-betrayal/derivatives/fsl/sub-11534/ses-01/L2_task-trust_model-01_type-act_sm-5.gfeat/cope10.feat/stats/zstat1.nii.gz	/ZPOOL/data/projects/rf1-betrayal/derivatives/fsl/sub-11534/ses-01/L2_task-trust_model-01_type-act_sm-5.gfeat/cope10.feat/mask.nii.gz	L2	both	/ZPOOL/data/projects/rf1-betrayal/derivatives/fsl/sub-11534/ses-01/L2_task-ugr_model-3_type-act_sm-5.gfeat/cope11.feat/stats/cope1.nii.gz	/ZPOOL/data/projects/rf1-betrayal/derivatives/fsl/sub-11534/ses-01/L2_task-ugr_model-3_type-act_sm-5.gfeat/cope11.feat/stats/zstat1.nii.gz	/ZPOOL/data/projects/rf1-betrayal/derivatives/fsl/sub-11534/ses-01/L2_task-ugr_model-3_type-act_sm-5.gfeat/cope11.feat/mask.nii.gz
11535	L2	both	/ZPOOL/data/projects/rf1-betrayal/derivatives/fsl/sub-11535/ses-01/L2_task-trust_model-01_type-act_sm-5.gfeat/cope10.feat/stats/cope1.nii.gz	/ZPOOL/data/projects/rf1-betrayal/derivatives/fsl/sub-11535/ses-01/L2_task-trust_model-01_type-act_sm-5.gfeat/cope10.feat/stats/zstat1.nii.gz	/ZPOOL/data/projects/rf1-betrayal/derivatives/fsl/sub-11535/ses-01/L2_task-trust_model-01_type-act_sm-5.gfeat/cope10.feat/mask.nii.gz	L1	1	/ZPOOL/data/projects/rf1-betrayal/derivatives/fsl/sub-11535/ses-01/L1_task-ugr_model-3_type-act_run-1_sm-5.feat/stats/cope11.nii.gz	/ZPOOL/data/projects/rf1-betrayal/derivatives/fsl/sub-11535/ses-01/L1_task-ugr_model-3_type-act_run-1_sm-5.feat/stats/zstat11.nii.gz	/ZPOOL/data/projects/rf1-betrayal/derivatives/fsl/sub-11535/ses-01/L1_task-ugr_model-3_type-act_run-1_sm-5.feat/mask.nii.gz
11536	L2	both	/ZPOOL/data/projects/rf1-betrayal/derivatives/fsl/sub-11536/ses-01/L2_task-trust_model-01_type-act_sm-5.gfeat/cope10.feat/stats/cope1.nii.gz	/ZPOOL/data/projects/rf1-betrayal/derivatives/fsl/sub-11536/ses-01/L2_task-trust_model-01_type-act_sm-5.gfeat/cope10.feat/stats/zstat1.nii.gz	/ZPOOL/data/projects/rf1-betrayal/derivatives/fsl/sub-11536/ses-01/L2_task-trust_model-01_type-act_sm-5.gfeat/cope10.feat/mask.nii.gz	L2	both	/ZPOOL/data/projects/rf1-betrayal/derivatives/fsl/sub-11536/ses-01/L2_task-ugr_model-3_type-act_sm-5.gfeat/cope11.feat/stats/cope1.nii.gz	/ZPOOL/data/projects/rf1-betrayal/derivatives/fsl/sub-11536/ses-01/L2_task-ugr_model-3_type-act_sm-5.gfeat/cope11.feat/stats/zstat1.nii.gz	/ZPOOL/data/projects/rf1-betrayal/derivatives/fsl/sub-11536/ses-01/L2_task-ugr_model-3_type-act_sm-5.gfeat/cope11.feat/mask.nii.gz
11539	L2	both	/ZPOOL/data/projects/rf1-betrayal/derivatives/fsl/sub-11539/ses-01/L2_task-trust_model-01_type-act_sm-5.gfeat/cope10.feat/stats/cope1.nii.gz	/ZPOOL/data/projects/rf1-betrayal/derivatives/fsl/sub-11539/ses-01/L2_task-trust_model-01_type-act_sm-5.gfeat/cope10.feat/stats/zstat1.nii.gz	/ZPOOL/data/projects/rf1-betrayal/derivatives/fsl/sub-11539/ses-01/L2_task-trust_model-01_type-act_sm-5.gfeat/cope10.feat/mask.nii.gz	L2	both	/ZPOOL/data/projects/rf1-betrayal/derivatives/fsl/sub-11539/ses-01/L2_task-ugr_model-3_type-act_sm-5.gfeat/cope11.feat/stats/cope1.nii.gz	/ZPOOL/data/projects/rf1-betrayal/derivatives/fsl/sub-11539/ses-01/L2_task-ugr_model-3_type-act_sm-5.gfeat/cope11.feat/stats/zstat1.nii.gz	/ZPOOL/data/projects/rf1-betrayal/derivatives/fsl/sub-11539/ses-01/L2_task-ugr_model-3_type-act_sm-5.gfeat/cope11.feat/mask.nii.gz
11540	L2	both	/ZPOOL/data/projects/rf1-betrayal/derivatives/fsl/sub-11540/ses-01/L2_task-trust_model-01_type-act_sm-5.gfeat/cope10.feat/stats/cope1.nii.gz	/ZPOOL/data/projects/rf1-betrayal/derivatives/fsl/sub-11540/ses-01/L2_task-trust_model-01_type-act_sm-5.gfeat/cope10.feat/stats/zstat1.nii.gz	/ZPOOL/data/projects/rf1-betrayal/derivatives/fsl/sub-11540/ses-01/L2_task-trust_model-01_type-act_sm-5.gfeat/cope10.feat/mask.nii.gz	L2	both	/ZPOOL/data/projects/rf1-betrayal/derivatives/fsl/sub-11540/ses-01/L2_task-ugr_model-3_type-act_sm-5.gfeat/cope11.feat/stats/cope1.nii.gz	/ZPOOL/data/projects/rf1-betrayal/derivatives/fsl/sub-11540/ses-01/L2_task-ugr_model-3_type-act_sm-5.gfeat/cope11.feat/stats/zstat1.nii.gz	/ZPOOL/data/projects/rf1-betrayal/derivatives/fsl/sub-11540/ses-01/L2_task-ugr_model-3_type-act_sm-5.gfeat/cope11.feat/mask.nii.gz
11570	L2	both	/ZPOOL/data/projects/rf1-betrayal/derivatives/fsl/sub-11570/ses-01/L2_task-trust_model-01_type-act_sm-5.gfeat/cope10.feat/stats/cope1.nii.gz	/ZPOOL/data/projects/rf1-betrayal/derivatives/fsl/sub-11570/ses-01/L2_task-trust_model-01_type-act_sm-5.gfeat/cope10.feat/stats/zstat1.nii.gz	/ZPOOL/data/projects/rf1-betrayal/derivatives/fsl/sub-11570/ses-01/L2_task-trust_model-01_type-act_sm-5.gfeat/cope10.feat/mask.nii.gz	L2	both	/ZPOOL/data/projects/rf1-betrayal/derivatives/fsl/sub-11570/ses-01/L2_task-ugr_model-3_type-act_sm-5.gfeat/cope11.feat/stats/cope1.nii.gz	/ZPOOL/data/projects/rf1-betrayal/derivatives/fsl/sub-11570/ses-01/L2_task-ugr_model-3_type-act_sm-5.gfeat/cope11.feat/stats/zstat1.nii.gz	/ZPOOL/data/projects/rf1-betrayal/derivatives/fsl/sub-11570/ses-01/L2_task-ugr_model-3_type-act_sm-5.gfeat/cope11.feat/mask.nii.gz
11572	L2	both	/ZPOOL/data/projects/rf1-betrayal/derivatives/fsl/sub-11572/ses-01/L2_task-trust_model-01_type-act_sm-5.gfeat/cope10.feat/stats/cope1.nii.gz	/ZPOOL/data/projects/rf1-betrayal/derivatives/fsl/sub-11572/ses-01/L2_task-trust_model-01_type-act_sm-5.gfeat/cope10.feat/stats/zstat1.nii.gz	/ZPOOL/data/projects/rf1-betrayal/derivatives/fsl/sub-11572/ses-01/L2_task-trust_model-01_type-act_sm-5.gfeat/cope10.feat/mask.nii.gz	L2	both	/ZPOOL/data/projects/rf1-betrayal/derivatives/fsl/sub-11572/ses-01/L2_task-ugr_model-3_type-act_sm-5.gfeat/cope11.feat/stats/cope1.nii.gz	/ZPOOL/data/projects/rf1-betrayal/derivatives/fsl/sub-11572/ses-01/L2_task-ugr_model-3_type-act_sm-5.gfeat/cope11.feat/stats/zstat1.nii.gz	/ZPOOL/data/projects/rf1-betrayal/derivatives/fsl/sub-11572/ses-01/L2_task-ugr_model-3_type-act_sm-5.gfeat/cope11.feat/mask.nii.gz
11579	L2	both	/ZPOOL/data/projects/rf1-betrayal/derivatives/fsl/sub-11579/ses-01/L2_task-trust_model-01_type-act_sm-5.gfeat/cope10.feat/stats/cope1.nii.gz	/ZPOOL/data/projects/rf1-betrayal/derivatives/fsl/sub-11579/ses-01/L2_task-trust_model-01_type-act_sm-5.gfeat/cope10.feat/stats/zstat1.nii.gz	/ZPOOL/data/projects/rf1-betrayal/derivatives/fsl/sub-11579/ses-01/L2_task-trust_model-01_type-act_sm-5.gfeat/cope10.feat/mask.nii.gz	L2	both	/ZPOOL/data/projects/rf1-betrayal/derivatives/fsl/sub-11579/ses-01/L2_task-ugr_model-3_type-act_sm-5.gfeat/cope11.feat/stats/cope1.nii.gz	/ZPOOL/data/projects/rf1-betrayal/derivatives/fsl/sub-11579/ses-01/L2_task-ugr_model-3_type-act_sm-5.gfeat/cope11.feat/stats/zstat1.nii.gz	/ZPOOL/data/projects/rf1-betrayal/derivatives/fsl/sub-11579/ses-01/L2_task-ugr_model-3_type-act_sm-5.gfeat/cope11.feat/mask.nii.gz
